return_id,order_id,return_date,return_reason,refund_amount
1,25049,2024-07-16,Changed Mind,545.9
2,38633,2024-09-15,Changed Mind,914.27
3,94523,2024-08-19,Damaged in Transit,349.42
4,78103,2023-06-05,Changed Mind,454.8
5,47060,2025-10-16,Not as Described,427.22
6,11883,2025-11-21,Damaged in Transit,4089.48
7,43665,2025-10-26,Not as Described,379.69
8,9534,2025-04-17,Defective Product,422.81
9,2330,2025-01-17,Damaged in Transit,354.17
10,54177,2023-10-30,Damaged in Transit,1170.11
11,47108,2023-11-02,Other,498.43
12,71777,2023-12-22,Wrong Item Shipped,1397.38
13,83692,2024-08-15,Changed Mind,463.79
14,25748,2024-12-21,Defective Product,817.71
15,75086,2023-10-19,Other,1909.18
16,13279,2025-03-27,Defective Product,1702.03
17,11197,2025-03-21,Wrong Item Shipped,472.99
18,19119,2024-07-25,Wrong Item Shipped,937.18
19,26348,2024-12-14,Damaged in Transit,468.14
20,50556,2024-04-06,Defective Product,961.86
21,60256,2025-06-15,Wrong Item Shipped,3133.03
22,55128,2025-02-20,Damaged in Transit,109.27
23,101155,2023-07-18,Other,1246.71
24,56492,2025-03-08,Not as Described,614.7
25,45629,2023-08-11,Wrong Item Shipped,258.48
26,65331,2024-12-01,Wrong Item Shipped,424.84
27,78596,2024-11-09,Damaged in Transit,330.42
28,85160,2024-03-24,Wrong Item Shipped,826.62
29,78801,2025-01-30,Damaged in Transit,311.63
30,39463,2025-10-06,Defective Product,309.26
31,46529,2024-06-19,Not as Described,2298.58
32,58097,2025-03-08,Other,2076.03
33,57151,2024-09-04,Defective Product,106.11
34,69816,2025-02-18,Other,362.37
35,93033,2025-05-16,Other,1509.45
36,25091,2025-02-17,Changed Mind,525.45
37,38718,2025-11-08,Wrong Item Shipped,1287.93
38,24242,2024-08-11,Not as Described,875.78
39,4279,2025-09-23,Other,656.93
40,75971,2025-02-14,Defective Product,1372.59
41,46479,2024-12-21,Other,3935.82
42,48780,2025-11-09,Wrong Item Shipped,770.75
43,15349,2024-09-24,Not as Described,870.51
44,16240,2024-06-11,Damaged in Transit,234.73
45,93834,2024-12-07,Not as Described,255.73
46,36526,2023-07-27,Damaged in Transit,144.3
47,72262,2025-03-30,Wrong Item Shipped,260.84
48,96736,2024-06-30,Not as Described,404.31
49,42011,2025-06-24,Not as Described,1648.76
50,71405,2025-09-04,Changed Mind,3264.06
51,61347,2024-11-10,Defective Product,754.59
52,75512,2024-10-03,Changed Mind,773.14
53,11597,2024-02-19,Defective Product,1567.36
54,88250,2025-07-02,Changed Mind,1065.89
55,79514,2025-03-15,Wrong Item Shipped,1308.21
56,8051,2025-07-17,Other,184.11
57,85556,2024-10-17,Changed Mind,1629.3
58,18949,2025-04-17,Wrong Item Shipped,238.06
59,47038,2025-05-01,Changed Mind,984.48
60,24422,2023-11-22,Not as Described,1120.0
61,49702,2025-09-28,Wrong Item Shipped,569.59
62,38017,2024-01-01,Not as Described,1281.9
63,25487,2024-11-19,Defective Product,924.75
64,23038,2025-06-29,Not as Described,133.56
65,90285,2025-02-07,Other,115.27
66,27110,2025-05-26,Damaged in Transit,1487.37
67,96882,2024-07-17,Damaged in Transit,1640.31
68,9197,2024-04-14,Changed Mind,638.91
69,37129,2025-09-18,Defective Product,217.94
70,59339,2024-06-08,Not as Described,572.34
71,98457,2023-04-25,Defective Product,3472.26
72,72529,2024-08-28,Defective Product,3480.53
73,6244,2025-05-27,Wrong Item Shipped,423.65
74,85996,2025-03-17,Changed Mind,393.41
75,68029,2025-01-18,Not as Described,758.58
76,27399,2024-09-24,Wrong Item Shipped,1068.28
77,6257,2024-09-16,Defective Product,442.85
78,29287,2024-11-10,Changed Mind,818.2
79,16994,2025-05-11,Wrong Item Shipped,246.75
80,88594,2025-04-30,Changed Mind,144.21
81,61624,2025-01-05,Wrong Item Shipped,527.58
82,27630,2024-07-11,Other,264.66
83,69645,2024-12-15,Changed Mind,358.73
84,67990,2025-02-25,Wrong Item Shipped,2712.29
85,17400,2024-05-28,Other,472.38
86,53627,2025-05-13,Wrong Item Shipped,1187.61
87,33094,2023-11-26,Wrong Item Shipped,5045.32
88,61699,2023-10-23,Not as Described,1200.93
89,85984,2025-04-13,Wrong Item Shipped,131.93
90,91411,2025-09-01,Wrong Item Shipped,770.47
91,63026,2025-09-18,Wrong Item Shipped,240.61
92,99726,2025-09-05,Other,1310.7
93,64271,2024-02-18,Not as Described,634.45
94,1490,2025-01-08,Changed Mind,280.42
95,50626,2025-02-07,Not as Described,932.77
96,34439,2025-02-05,Other,1333.26
97,26131,2025-02-28,Damaged in Transit,279.19
98,8323,2025-02-17,Not as Described,195.56
99,8685,2025-07-24,Damaged in Transit,1491.7
100,15106,2024-09-17,Changed Mind,110.63
101,33471,2025-05-09,Not as Described,968.0
102,55586,2025-09-13,Damaged in Transit,2495.88
103,11806,2025-01-02,Not as Described,836.26
104,81528,2023-11-15,Other,294.21
105,64895,2025-05-20,Other,477.15
106,81682,2024-01-22,Changed Mind,202.84
107,36731,2025-08-11,Other,150.23
108,91488,2024-07-26,Other,665.23
109,79415,2023-12-29,Other,234.76
110,1364,2024-12-19,Defective Product,1473.31
111,76258,2024-07-11,Damaged in Transit,303.02
112,47314,2024-12-16,Wrong Item Shipped,444.93
113,84693,2025-05-28,Wrong Item Shipped,696.7
114,97434,2025-05-30,Other,201.85
115,73341,2023-04-24,Wrong Item Shipped,2620.65
116,67562,2024-03-02,Other,1250.65
117,65098,2024-11-24,Defective Product,495.15
118,7960,2023-04-15,Defective Product,1760.56
119,22254,2025-07-07,Damaged in Transit,1081.01
120,49781,2024-05-02,Defective Product,716.4
121,74783,2025-08-09,Other,859.8
122,79630,2023-11-03,Damaged in Transit,107.91
123,60149,2025-02-16,Other,5855.71
124,22183,2024-07-22,Other,2906.5
125,33577,2024-07-08,Defective Product,110.76
126,94562,2023-07-26,Changed Mind,2399.64
127,67978,2024-08-19,Damaged in Transit,2353.92
128,25854,2025-06-07,Not as Described,485.85
129,47933,2023-04-29,Other,542.94
130,44012,2025-07-30,Changed Mind,70.65
131,20158,2025-05-19,Changed Mind,227.55
132,81252,2024-07-26,Wrong Item Shipped,419.94
133,74837,2025-08-07,Defective Product,259.32
134,91855,2025-04-08,Changed Mind,487.2
135,78760,2023-09-23,Other,1507.53
136,5707,2025-07-16,Defective Product,366.67
137,61794,2025-07-01,Not as Described,451.34
138,89087,2025-08-11,Changed Mind,1943.35
139,523,2025-05-30,Changed Mind,1391.57
140,29354,2024-10-04,Other,429.45
141,83230,2025-08-01,Other,538.38
142,78713,2024-07-27,Other,245.65
143,13744,2025-04-19,Not as Described,2006.11
144,101860,2023-12-10,Damaged in Transit,429.57
145,17729,2023-12-18,Wrong Item Shipped,1957.61
146,77868,2025-11-14,Not as Described,195.93
147,51997,2024-12-22,Other,41.81
148,69590,2024-05-16,Not as Described,41.61
149,27161,2025-08-01,Changed Mind,664.86
150,42128,2025-05-05,Other,439.56
151,86685,2024-12-04,Other,631.04
152,4829,2025-10-20,Wrong Item Shipped,265.19
153,41717,2025-05-22,Not as Described,127.7
154,31009,2023-08-27,Other,1330.04
155,94476,2025-09-24,Changed Mind,227.24
156,32847,2025-01-18,Damaged in Transit,578.04
157,47217,2025-06-16,Defective Product,1187.77
158,69219,2025-08-12,Not as Described,51.41
159,52159,2025-07-12,Defective Product,1604.08
160,8154,2025-04-27,Defective Product,641.32
161,84971,2025-03-08,Wrong Item Shipped,1831.91
162,67914,2025-03-25,Changed Mind,120.68
163,65682,2024-02-01,Not as Described,109.39
164,1830,2024-01-05,Not as Described,1498.9
165,66360,2025-07-03,Not as Described,61.49
166,84731,2025-01-21,Not as Described,1000.09
167,63615,2025-07-16,Damaged in Transit,567.61
168,57852,2024-06-28,Not as Described,323.36
169,90091,2024-07-26,Not as Described,388.89
170,27509,2024-12-26,Other,2045.74
171,21239,2025-06-01,Changed Mind,196.6
172,25761,2025-01-23,Other,408.05
173,50802,2025-10-05,Damaged in Transit,508.69
174,6636,2025-03-31,Other,711.92
175,51072,2024-11-01,Wrong Item Shipped,365.57
176,98164,2025-07-14,Other,331.25
177,28357,2024-03-05,Not as Described,248.43
178,19534,2025-07-11,Defective Product,1426.32
179,33211,2025-08-07,Defective Product,144.6
180,46717,2024-04-14,Other,253.41
181,86519,2025-05-09,Other,2271.62
182,83034,2025-04-20,Defective Product,953.36
183,73793,2025-09-03,Other,943.66
184,62820,2025-04-22,Wrong Item Shipped,657.74
185,84984,2025-02-22,Changed Mind,113.31
186,29896,2025-07-21,Defective Product,1176.03
187,46011,2023-05-06,Not as Described,213.74
188,46288,2025-09-14,Damaged in Transit,715.91
189,65142,2025-07-03,Other,4385.99
190,10115,2024-09-16,Changed Mind,426.08
191,84188,2025-11-02,Not as Described,739.02
192,67599,2025-04-16,Other,695.92
193,84479,2025-03-24,Changed Mind,588.48
194,94565,2024-10-04,Wrong Item Shipped,1633.25
195,31197,2023-08-28,Damaged in Transit,1772.66
196,94912,2024-06-09,Damaged in Transit,1309.18
197,31065,2025-03-28,Damaged in Transit,2060.56
198,62240,2025-08-11,Other,411.4
199,23242,2025-04-07,Wrong Item Shipped,543.63
200,99559,2024-08-20,Changed Mind,151.49
201,90069,2024-06-03,Defective Product,438.9
202,74331,2025-07-08,Other,373.53
203,85163,2025-07-27,Wrong Item Shipped,2049.68
204,85422,2024-02-28,Defective Product,50.84
205,47579,2025-04-03,Defective Product,1709.04
206,34962,2025-01-12,Not as Described,377.46
207,34029,2024-09-25,Changed Mind,1135.27
208,10978,2024-04-03,Wrong Item Shipped,903.01
209,54420,2024-08-11,Damaged in Transit,4531.85
210,99953,2024-02-29,Damaged in Transit,981.99
211,11283,2025-10-30,Other,730.43
212,12122,2025-07-19,Changed Mind,543.33
213,38476,2025-07-16,Damaged in Transit,450.2
214,50099,2025-11-17,Wrong Item Shipped,1561.9
215,38448,2025-08-29,Other,506.08
216,77535,2023-12-06,Not as Described,667.11
217,35767,2024-07-01,Damaged in Transit,2481.0
218,54887,2025-03-29,Changed Mind,2611.5
219,42792,2024-09-19,Changed Mind,871.55
220,21949,2024-09-19,Not as Described,1054.43
221,59968,2024-03-14,Wrong Item Shipped,453.25
222,87219,2024-09-24,Not as Described,751.6
223,64070,2023-12-11,Wrong Item Shipped,387.16
224,8631,2025-06-24,Wrong Item Shipped,2699.43
225,569,2024-12-23,Not as Described,422.89
226,5858,2025-07-31,Wrong Item Shipped,419.85
227,7332,2025-01-26,Defective Product,1347.82
228,3462,2024-05-11,Not as Described,1904.76
229,44835,2025-09-07,Damaged in Transit,546.9
230,84018,2024-10-29,Other,3785.05
231,46618,2024-06-05,Not as Described,761.41
232,86959,2024-12-17,Other,1203.31
233,9733,2025-06-26,Defective Product,537.2
234,96638,2024-11-13,Wrong Item Shipped,541.49
235,7176,2024-11-17,Wrong Item Shipped,1826.46
236,71719,2023-11-15,Defective Product,2302.45
237,25612,2025-09-06,Changed Mind,284.97
238,71120,2025-02-07,Defective Product,218.86
239,91042,2024-10-07,Damaged in Transit,259.8
240,5081,2023-06-20,Other,721.03
241,80933,2023-03-25,Damaged in Transit,1207.97
242,35647,2024-05-15,Other,548.52
243,4689,2025-03-02,Other,1935.68
244,15725,2024-09-24,Other,1456.57
245,37263,2023-05-09,Not as Described,187.25
246,23375,2024-10-26,Other,1546.11
247,94035,2024-06-15,Defective Product,1567.26
248,23218,2025-04-08,Defective Product,452.51
249,90086,2025-10-05,Other,1840.54
250,52158,2025-06-29,Not as Described,2533.17
251,98337,2024-05-31,Other,787.05
252,70721,2024-07-25,Damaged in Transit,3021.79
253,62150,2024-04-13,Other,664.21
254,100639,2024-08-12,Changed Mind,917.35
255,95867,2024-04-06,Changed Mind,911.41
256,24579,2024-02-19,Other,821.18
257,59527,2025-09-27,Defective Product,1344.27
258,58359,2025-06-27,Defective Product,949.85
259,15787,2025-05-06,Changed Mind,1005.06
260,65400,2023-10-12,Damaged in Transit,1710.13
261,74468,2025-09-25,Wrong Item Shipped,533.41
262,16243,2025-04-04,Defective Product,1060.39
263,85437,2024-11-16,Defective Product,952.28
264,321,2025-05-13,Changed Mind,1829.58
265,153,2024-08-23,Damaged in Transit,113.72
266,91932,2025-07-30,Damaged in Transit,216.23
267,46324,2025-08-18,Defective Product,53.54
268,84447,2025-04-16,Defective Product,2951.2
269,9499,2024-04-18,Defective Product,150.4
270,41278,2024-11-24,Wrong Item Shipped,766.11
271,13982,2025-05-21,Damaged in Transit,127.42
272,31077,2024-04-28,Not as Described,2911.22
273,53967,2025-04-05,Not as Described,2390.85
274,78095,2024-08-29,Not as Described,6251.46
275,99930,2024-05-30,Defective Product,2048.95
276,79246,2025-04-07,Defective Product,360.3
277,40984,2025-01-03,Changed Mind,1405.32
278,15986,2025-07-06,Not as Described,2898.06
279,12948,2025-05-24,Wrong Item Shipped,817.16
280,8919,2025-09-04,Changed Mind,604.01
281,36705,2025-03-24,Other,1333.75
282,37719,2024-06-03,Changed Mind,549.42
283,81917,2024-01-04,Not as Described,135.96
284,13025,2025-06-05,Defective Product,1340.48
285,92791,2025-05-23,Not as Described,969.9
286,22998,2023-11-20,Not as Described,583.59
287,10906,2024-05-31,Not as Described,244.25
288,78,2024-07-07,Defective Product,2158.65
289,78969,2024-02-27,Other,709.55
290,29658,2025-10-06,Defective Product,839.13
291,22451,2024-07-29,Other,941.05
292,417,2024-01-19,Not as Described,863.76
293,99418,2025-02-01,Wrong Item Shipped,636.43
294,71727,2025-02-25,Wrong Item Shipped,169.57
295,54336,2024-02-24,Damaged in Transit,643.09
296,99617,2025-01-16,Damaged in Transit,3769.78
297,38755,2023-05-06,Damaged in Transit,858.05
298,88267,2025-02-19,Defective Product,472.2
299,15189,2025-08-30,Changed Mind,521.77
300,25293,2025-03-17,Wrong Item Shipped,404.91
301,12468,2025-10-11,Other,2268.28
302,31179,2025-03-13,Damaged in Transit,485.87
303,30434,2025-11-27,Other,310.41
304,31858,2024-10-29,Wrong Item Shipped,1083.01
305,94682,2024-01-29,Changed Mind,603.08
306,23854,2025-04-07,Not as Described,816.05
307,27534,2024-10-31,Defective Product,358.0
308,44880,2024-12-03,Damaged in Transit,34.9
309,71265,2024-03-18,Other,75.94
310,35393,2024-10-19,Damaged in Transit,178.14
311,10687,2024-04-20,Wrong Item Shipped,3198.36
312,69215,2024-10-25,Not as Described,396.6
313,73857,2025-05-19,Wrong Item Shipped,632.95
314,9002,2025-02-17,Wrong Item Shipped,194.14
315,8418,2024-10-20,Wrong Item Shipped,539.7
316,93823,2024-09-14,Changed Mind,78.03
317,78572,2023-09-10,Damaged in Transit,1416.02
318,16832,2025-03-14,Defective Product,1269.96
319,61448,2025-05-21,Other,1393.24
320,85029,2025-04-07,Wrong Item Shipped,2409.62
321,51054,2025-08-13,Wrong Item Shipped,208.33
322,44138,2024-07-22,Damaged in Transit,3304.81
323,95838,2023-10-27,Damaged in Transit,3807.43
324,310,2025-02-05,Defective Product,1385.69
325,56420,2024-06-11,Changed Mind,517.71
326,22652,2024-01-18,Not as Described,1548.26
327,32474,2025-06-05,Not as Described,2024.05
328,86364,2025-02-06,Changed Mind,232.34
329,56374,2025-02-25,Damaged in Transit,484.04
330,94020,2025-07-27,Wrong Item Shipped,2612.21
331,77367,2024-11-04,Wrong Item Shipped,199.67
332,95485,2025-10-13,Changed Mind,12.89
333,33801,2025-04-08,Changed Mind,418.0
334,90064,2025-11-05,Not as Described,21.25
335,79441,2024-11-14,Defective Product,2887.89
336,20651,2024-12-03,Changed Mind,1544.47
337,84918,2024-08-04,Wrong Item Shipped,647.71
338,86357,2023-05-06,Changed Mind,1722.77
339,46656,2024-08-12,Not as Described,235.74
340,11151,2025-05-16,Damaged in Transit,1111.75
341,77126,2024-07-09,Other,1018.12
342,50583,2025-01-28,Other,166.3
343,68915,2023-02-14,Wrong Item Shipped,1758.52
344,40775,2024-12-10,Other,3221.82
345,13451,2023-07-05,Other,241.61
346,52511,2025-07-17,Not as Described,329.66
347,93957,2024-08-29,Not as Described,439.97
348,97236,2025-02-24,Not as Described,1177.84
349,101432,2023-07-27,Damaged in Transit,1038.11
350,5988,2024-11-18,Not as Described,204.53
351,57465,2024-09-25,Not as Described,173.7
352,96989,2023-09-28,Not as Described,5158.8
353,34621,2024-06-04,Changed Mind,526.58
354,89208,2025-10-03,Wrong Item Shipped,375.5
355,24457,2023-10-18,Changed Mind,230.23
356,2927,2025-09-12,Not as Described,1837.41
357,34509,2025-06-07,Defective Product,764.33
358,94284,2023-12-20,Wrong Item Shipped,416.35
359,70342,2025-10-25,Damaged in Transit,817.54
360,61686,2025-02-12,Damaged in Transit,1632.3
361,100532,2025-10-15,Other,506.01
362,81441,2024-09-24,Defective Product,2218.08
363,75001,2024-04-27,Other,401.29
364,19481,2025-09-19,Changed Mind,1727.04
365,57980,2024-09-16,Wrong Item Shipped,1040.5
366,69424,2024-10-22,Not as Described,512.4
367,95239,2025-07-31,Defective Product,526.73
368,86891,2024-08-13,Wrong Item Shipped,164.36
369,17996,2025-04-20,Changed Mind,1030.39
370,56018,2025-04-01,Wrong Item Shipped,1097.42
371,35463,2024-10-09,Changed Mind,456.73
372,29430,2025-08-17,Wrong Item Shipped,2243.59
373,62648,2024-05-15,Damaged in Transit,374.52
374,87738,2025-08-16,Other,1843.42
375,6380,2024-08-07,Defective Product,104.06
376,87471,2024-12-04,Not as Described,803.06
377,18862,2024-08-10,Damaged in Transit,1193.55
378,70239,2024-11-26,Wrong Item Shipped,4688.48
379,14450,2025-04-07,Damaged in Transit,1094.51
380,15181,2025-02-12,Damaged in Transit,543.67
381,44994,2024-10-13,Defective Product,1423.58
382,29207,2023-12-28,Defective Product,1749.91
383,46424,2025-10-29,Other,800.18
384,101345,2023-09-19,Changed Mind,149.89
385,41741,2025-06-25,Not as Described,1408.79
386,21615,2025-06-03,Wrong Item Shipped,1930.73
387,67662,2024-11-03,Defective Product,164.73
388,26573,2024-02-15,Defective Product,259.75
389,22609,2024-04-15,Wrong Item Shipped,2754.03
390,47638,2025-09-06,Damaged in Transit,1011.67
391,48460,2025-11-09,Defective Product,411.76
392,64057,2024-02-26,Damaged in Transit,472.96
393,95011,2025-12-06,Damaged in Transit,263.18
394,98521,2025-09-12,Defective Product,4323.03
395,56752,2024-05-10,Damaged in Transit,164.12
396,54346,2025-02-10,Changed Mind,308.8
397,63300,2024-01-10,Damaged in Transit,1307.73
398,55840,2025-04-17,Wrong Item Shipped,375.9
399,29629,2025-07-04,Wrong Item Shipped,975.24
400,94631,2025-12-06,Wrong Item Shipped,151.92
401,52880,2024-03-14,Defective Product,716.73
402,23310,2024-02-17,Other,258.57
403,49451,2024-09-24,Damaged in Transit,542.81
404,49104,2025-04-12,Other,4067.56
405,90231,2025-06-06,Defective Product,1459.84
406,17598,2024-12-24,Damaged in Transit,425.16
407,61755,2024-06-14,Wrong Item Shipped,832.39
408,93690,2025-05-05,Wrong Item Shipped,882.18
409,46064,2024-12-28,Not as Described,388.14
410,31171,2024-07-09,Wrong Item Shipped,721.04
411,7086,2024-06-27,Damaged in Transit,16.41
412,81333,2025-05-05,Not as Described,429.33
413,1163,2024-11-12,Damaged in Transit,2833.9
414,44793,2025-01-09,Not as Described,802.6
415,31307,2025-05-11,Wrong Item Shipped,2773.78
416,44632,2024-10-13,Not as Described,161.53
417,93402,2023-04-26,Defective Product,536.03
418,1129,2023-08-15,Damaged in Transit,452.24
419,24137,2025-01-17,Damaged in Transit,1388.51
420,35958,2025-01-01,Defective Product,169.13
421,99788,2025-08-10,Changed Mind,101.12
422,61943,2023-10-01,Damaged in Transit,497.05
423,93258,2026-01-01,Defective Product,391.18
424,7267,2025-04-27,Not as Described,547.06
425,5295,2025-09-07,Other,2248.15
426,89125,2024-10-13,Changed Mind,198.44
427,60681,2025-09-21,Changed Mind,1342.75
428,72400,2023-10-31,Not as Described,233.82
429,94032,2025-01-13,Changed Mind,665.91
430,77731,2024-09-13,Wrong Item Shipped,849.04
431,69040,2024-04-30,Changed Mind,913.46
432,56197,2024-02-11,Not as Described,479.85
433,51893,2025-04-28,Defective Product,1617.63
434,38256,2023-10-10,Wrong Item Shipped,1025.91
435,70007,2025-10-04,Changed Mind,1147.69
436,26564,2024-04-29,Defective Product,2218.21
437,45856,2025-09-01,Defective Product,316.46
438,2382,2025-03-06,Defective Product,856.85
439,3493,2025-06-19,Damaged in Transit,447.42
440,76004,2025-03-20,Damaged in Transit,1064.06
441,11566,2025-12-20,Changed Mind,1265.03
442,62873,2025-05-10,Wrong Item Shipped,505.75
443,100658,2024-04-29,Other,437.78
444,53550,2024-10-24,Not as Described,6461.75
445,73059,2025-01-11,Damaged in Transit,405.72
446,94236,2024-12-06,Wrong Item Shipped,405.91
447,67069,2024-04-26,Not as Described,1216.81
448,52179,2023-08-14,Other,318.41
449,100954,2024-09-15,Changed Mind,562.44
450,11690,2025-06-09,Damaged in Transit,2559.44
451,95502,2025-07-05,Not as Described,1422.96
452,8013,2025-05-29,Wrong Item Shipped,3191.53
453,7719,2025-05-12,Damaged in Transit,298.96
454,82979,2025-04-11,Defective Product,405.1
455,22543,2025-01-21,Changed Mind,335.21
456,70230,2025-09-29,Damaged in Transit,300.62
457,80196,2023-09-13,Damaged in Transit,573.93
458,69344,2025-05-20,Not as Described,291.79
459,96984,2025-11-28,Damaged in Transit,1048.17
460,37042,2024-06-29,Defective Product,170.55
461,91616,2024-07-14,Other,1319.51
462,75392,2024-07-17,Wrong Item Shipped,198.51
463,6321,2025-01-23,Defective Product,170.83
464,94329,2024-04-06,Other,2057.56
465,23637,2024-08-05,Defective Product,669.95
466,37541,2025-10-31,Defective Product,2328.83
467,14774,2024-01-31,Changed Mind,122.15
468,58823,2024-06-04,Defective Product,394.14
469,6096,2025-05-02,Defective Product,61.85
470,43436,2025-11-06,Other,177.78
471,41774,2024-03-19,Changed Mind,1055.32
472,73539,2025-01-25,Other,245.37
473,18278,2024-06-14,Wrong Item Shipped,230.59
474,86381,2025-05-03,Not as Described,428.2
475,50364,2025-06-05,Changed Mind,699.32
476,71640,2023-09-25,Damaged in Transit,494.67
477,31789,2024-02-28,Changed Mind,683.19
478,53176,2025-03-18,Not as Described,1088.78
479,25573,2025-12-13,Other,374.08
480,3075,2025-07-30,Damaged in Transit,455.84
481,52369,2024-11-22,Changed Mind,605.72
482,67747,2024-01-21,Not as Described,734.26
483,84020,2023-07-23,Wrong Item Shipped,373.61
484,89436,2024-07-22,Changed Mind,19.1
485,46422,2025-09-04,Wrong Item Shipped,1078.46
486,97049,2024-08-10,Damaged in Transit,123.23
487,48934,2024-04-17,Changed Mind,641.06
488,66,2024-01-28,Defective Product,277.34
489,76490,2024-03-04,Wrong Item Shipped,381.92
490,15014,2025-05-14,Not as Described,64.71
491,37431,2025-08-11,Damaged in Transit,2207.47
492,55468,2025-06-09,Changed Mind,720.15
493,91595,2023-08-15,Defective Product,3240.35
494,12570,2024-04-29,Defective Product,451.88
495,12046,2025-10-08,Other,2535.0
496,31602,2024-03-11,Damaged in Transit,2227.31
497,72841,2024-09-16,Other,268.35
498,77596,2025-02-21,Not as Described,26.71
499,32716,2025-05-26,Damaged in Transit,466.57
500,94127,2024-10-30,Not as Described,482.76
501,87685,2024-09-14,Defective Product,1532.92
502,70741,2023-07-01,Damaged in Transit,73.61
503,87841,2023-02-23,Other,1767.59
504,58728,2025-03-31,Defective Product,997.99
505,64711,2024-10-11,Changed Mind,1863.08
506,90945,2024-06-25,Damaged in Transit,1973.85
507,97855,2025-02-13,Other,703.3
508,82303,2025-07-06,Wrong Item Shipped,3833.34
509,30608,2025-05-21,Defective Product,1085.39
510,8438,2025-03-10,Wrong Item Shipped,424.52
511,98500,2024-06-20,Not as Described,2061.37
512,5551,2024-12-09,Defective Product,2989.58
513,53881,2024-09-09,Wrong Item Shipped,309.84
514,79067,2023-11-15,Wrong Item Shipped,1988.59
515,71848,2025-09-15,Other,181.54
516,33892,2023-12-07,Changed Mind,1706.46
517,3944,2025-12-19,Damaged in Transit,85.3
518,34312,2024-11-13,Wrong Item Shipped,359.13
519,49417,2025-03-28,Wrong Item Shipped,1003.07
520,96021,2025-04-22,Wrong Item Shipped,2270.72
521,42349,2025-07-31,Wrong Item Shipped,1550.42
522,28473,2025-10-19,Not as Described,1356.1
523,56687,2024-11-09,Changed Mind,758.45
524,63149,2025-06-10,Wrong Item Shipped,552.45
525,101858,2025-02-10,Defective Product,1751.97
526,85473,2025-01-08,Not as Described,6197.24
527,58548,2025-11-17,Other,3761.72
528,13038,2025-10-03,Damaged in Transit,471.98
529,4956,2024-03-30,Other,1487.75
530,40446,2025-08-06,Wrong Item Shipped,101.09
531,25433,2024-06-13,Not as Described,190.45
532,28620,2024-04-21,Wrong Item Shipped,1043.47
533,86072,2024-11-17,Wrong Item Shipped,101.05
534,58064,2024-01-05,Changed Mind,734.59
535,35061,2024-06-09,Wrong Item Shipped,1086.74
536,86618,2024-06-17,Not as Described,2007.96
537,39565,2023-09-10,Defective Product,519.99
538,96869,2025-06-22,Other,272.13
539,28213,2024-12-04,Wrong Item Shipped,602.27
540,13381,2024-09-23,Damaged in Transit,1307.35
541,56923,2025-07-16,Other,2028.15
542,7778,2025-06-11,Defective Product,334.61
543,18559,2024-10-10,Other,1695.23
544,50238,2024-11-22,Not as Described,1322.35
545,101552,2024-08-13,Not as Described,108.27
546,17196,2024-11-18,Defective Product,197.38
547,74659,2024-05-15,Changed Mind,157.82
548,37600,2024-10-06,Not as Described,566.89
549,26967,2024-09-12,Changed Mind,1439.97
550,97450,2023-08-11,Defective Product,268.21
551,77584,2025-02-28,Damaged in Transit,1522.5
552,29747,2025-07-05,Not as Described,525.68
553,90898,2025-03-13,Wrong Item Shipped,583.77
554,72749,2023-11-30,Wrong Item Shipped,234.98
555,20787,2024-10-12,Wrong Item Shipped,878.33
556,72731,2024-09-27,Damaged in Transit,764.81
557,77749,2024-12-29,Not as Described,7231.65
558,80716,2025-09-13,Defective Product,4770.97
559,88631,2024-05-09,Other,278.08
560,77420,2024-09-15,Defective Product,460.91
561,32715,2024-01-05,Defective Product,2471.44
562,65851,2024-04-07,Changed Mind,490.73
563,47008,2025-11-07,Defective Product,146.17
564,84940,2024-06-19,Wrong Item Shipped,268.23
565,25311,2025-09-18,Not as Described,1482.88
566,93719,2025-05-28,Not as Described,260.08
567,11287,2024-02-26,Other,324.49
568,68267,2025-07-01,Defective Product,395.89
569,57556,2025-09-19,Changed Mind,1090.14
570,57845,2025-02-16,Defective Product,785.76
571,44037,2024-07-02,Changed Mind,321.57
572,71341,2025-06-11,Other,974.94
573,73669,2025-08-22,Damaged in Transit,252.73
574,30538,2025-06-03,Not as Described,245.21
575,60346,2023-12-19,Changed Mind,1183.87
576,66648,2025-03-19,Other,796.09
577,43633,2024-09-20,Defective Product,744.07
578,4269,2024-05-17,Damaged in Transit,339.27
579,43587,2024-09-06,Defective Product,48.09
580,87750,2023-09-16,Wrong Item Shipped,919.91
581,9089,2024-07-22,Other,1178.83
582,44598,2023-10-18,Damaged in Transit,481.61
583,63697,2025-11-04,Damaged in Transit,288.25
584,90937,2024-06-10,Damaged in Transit,314.25
585,3015,2024-12-14,Defective Product,311.42
586,80466,2025-10-06,Changed Mind,2362.62
587,70519,2024-07-13,Defective Product,62.32
588,6610,2024-02-14,Changed Mind,417.77
589,89093,2024-05-22,Not as Described,529.72
590,17088,2025-11-06,Damaged in Transit,392.55
591,73036,2025-06-07,Wrong Item Shipped,639.33
592,89000,2025-09-16,Damaged in Transit,526.19
593,100391,2025-04-21,Changed Mind,585.99
594,83945,2024-12-29,Defective Product,197.73
595,92191,2024-04-02,Damaged in Transit,623.14
596,78424,2025-05-24,Not as Described,677.57
597,74363,2025-01-01,Changed Mind,200.67
598,96898,2024-12-15,Wrong Item Shipped,1199.98
599,94406,2025-02-09,Defective Product,251.76
600,23279,2025-04-10,Defective Product,1985.31
601,40900,2025-05-13,Wrong Item Shipped,446.0
602,80746,2024-07-15,Wrong Item Shipped,122.1
603,7446,2024-06-22,Not as Described,75.89
604,17655,2025-09-01,Defective Product,4757.03
605,89762,2024-07-19,Changed Mind,487.46
606,53740,2025-10-15,Other,4574.86
607,49876,2025-06-05,Other,1488.77
608,10147,2025-05-31,Not as Described,490.07
609,50594,2025-08-22,Defective Product,316.38
610,86788,2025-03-09,Changed Mind,29.22
611,35709,2023-07-16,Not as Described,281.57
612,34224,2024-02-12,Not as Described,4779.9
613,36106,2025-02-22,Changed Mind,1152.0
614,43040,2024-03-13,Wrong Item Shipped,697.96
615,40646,2025-01-12,Changed Mind,156.62
616,55539,2025-05-30,Other,206.87
617,100682,2025-08-02,Wrong Item Shipped,470.6
618,56082,2024-05-05,Not as Described,3510.83
619,50565,2024-09-17,Wrong Item Shipped,1569.93
620,27624,2023-09-27,Other,184.03
621,32679,2025-04-07,Defective Product,651.79
622,84201,2025-05-10,Other,440.46
623,57347,2024-07-17,Changed Mind,1635.65
624,100475,2024-03-23,Wrong Item Shipped,246.49
625,91236,2024-11-07,Defective Product,464.14
626,95449,2023-10-06,Other,847.84
627,52613,2025-10-22,Defective Product,134.51
628,9984,2023-09-23,Not as Described,326.6
629,58007,2025-09-28,Changed Mind,651.39
630,44015,2024-10-26,Changed Mind,1171.96
631,903,2025-07-17,Not as Described,62.51
632,41496,2024-04-10,Damaged in Transit,917.12
633,50218,2024-03-06,Other,432.15
634,99665,2024-02-16,Other,1964.62
635,96116,2024-10-25,Damaged in Transit,590.25
636,82568,2024-12-30,Damaged in Transit,652.2
637,87709,2025-08-27,Not as Described,857.97
638,16457,2025-07-03,Damaged in Transit,367.54
639,98602,2024-11-29,Not as Described,555.2
640,18493,2024-06-09,Other,1786.88
641,41471,2024-05-18,Defective Product,2846.29
642,77134,2024-04-22,Changed Mind,745.05
643,32554,2024-03-03,Wrong Item Shipped,1296.63
644,46323,2024-08-05,Other,200.5
645,103,2024-11-09,Wrong Item Shipped,136.83
646,70564,2025-06-03,Other,158.16
647,52379,2024-02-11,Not as Described,357.36
648,101823,2025-05-19,Defective Product,344.04
649,7210,2025-01-10,Changed Mind,693.69
650,71905,2024-09-16,Changed Mind,1814.75
651,41295,2025-02-07,Wrong Item Shipped,768.09
652,98484,2025-04-02,Defective Product,1059.12
653,46655,2025-04-04,Defective Product,704.05
654,93509,2024-04-06,Other,335.29
655,14703,2025-04-02,Damaged in Transit,516.74
656,27461,2023-11-14,Not as Described,2060.2
657,11865,2025-03-22,Other,4482.9
658,8754,2025-05-03,Changed Mind,1624.1
659,81502,2024-07-28,Defective Product,518.2
660,76216,2025-07-22,Damaged in Transit,397.72
661,28890,2025-06-09,Changed Mind,2569.81
662,205,2025-05-17,Changed Mind,165.92
663,81390,2023-07-21,Changed Mind,660.6
664,27499,2025-11-02,Not as Described,1955.4
665,80819,2025-11-26,Damaged in Transit,649.25
666,76927,2024-10-10,Damaged in Transit,1003.66
667,90835,2025-05-24,Damaged in Transit,79.43
668,16309,2024-03-19,Other,1142.78
669,8217,2024-12-20,Changed Mind,746.19
670,92704,2025-03-22,Changed Mind,62.25
671,82191,2024-02-02,Wrong Item Shipped,417.47
672,86719,2024-03-29,Not as Described,3757.36
673,14456,2025-03-02,Other,501.99
674,91421,2024-04-03,Not as Described,329.75
675,71857,2025-10-05,Changed Mind,1036.31
676,22558,2024-05-11,Other,190.97
677,27703,2025-05-04,Other,928.34
678,62159,2024-12-11,Changed Mind,2779.53
679,61945,2025-01-07,Wrong Item Shipped,2157.95
680,19538,2023-11-10,Other,1292.37
681,65775,2023-11-21,Wrong Item Shipped,539.77
682,59441,2024-10-10,Changed Mind,998.44
683,95355,2024-01-22,Other,1379.83
684,19343,2025-01-31,Defective Product,246.43
685,41901,2024-03-22,Wrong Item Shipped,736.54
686,40823,2025-01-05,Damaged in Transit,1425.59
687,52273,2025-07-19,Damaged in Transit,847.4
688,73261,2025-01-17,Not as Described,333.98
689,98864,2025-03-11,Damaged in Transit,862.49
690,79547,2025-01-05,Wrong Item Shipped,1050.32
691,65877,2025-06-03,Wrong Item Shipped,1183.64
692,66459,2025-11-13,Not as Described,922.56
693,86623,2025-08-18,Damaged in Transit,564.97
694,26068,2023-08-02,Other,841.33
695,11786,2024-12-05,Changed Mind,2430.1
696,84605,2024-02-23,Wrong Item Shipped,919.73
697,46332,2024-09-21,Defective Product,122.53
698,21066,2023-06-29,Damaged in Transit,712.68
699,49248,2025-02-01,Wrong Item Shipped,894.71
700,51195,2023-08-17,Damaged in Transit,729.09
701,39328,2024-12-01,Not as Described,39.22
702,38532,2025-09-04,Not as Described,1044.79
703,83228,2025-08-04,Other,1823.46
704,48114,2025-09-07,Wrong Item Shipped,481.31
705,45302,2025-08-28,Other,210.08
706,97381,2025-08-13,Wrong Item Shipped,1249.79
707,65911,2025-06-16,Other,621.97
708,30970,2024-07-02,Damaged in Transit,226.07
709,48783,2023-12-29,Defective Product,795.68
710,23751,2023-07-11,Other,407.8
711,67278,2024-03-04,Defective Product,991.96
712,34904,2024-04-21,Wrong Item Shipped,573.05
713,26176,2023-11-22,Damaged in Transit,417.36
714,20642,2025-02-17,Changed Mind,1821.44
715,12929,2025-07-16,Defective Product,1237.16
716,75964,2024-11-11,Wrong Item Shipped,239.77
717,62665,2025-05-24,Not as Described,197.86
718,9521,2023-08-22,Not as Described,439.05
719,36990,2025-09-07,Changed Mind,1499.19
720,61670,2025-06-11,Damaged in Transit,1601.67
721,72156,2024-02-21,Defective Product,1408.79
722,72432,2025-06-26,Damaged in Transit,980.62
723,69217,2024-03-25,Not as Described,568.94
724,25754,2024-08-08,Defective Product,612.34
725,18432,2025-07-20,Wrong Item Shipped,209.59
726,6484,2024-07-26,Changed Mind,555.08
727,75651,2025-04-20,Wrong Item Shipped,524.78
728,85459,2025-03-09,Other,256.96
729,79087,2025-05-30,Other,3254.53
730,81652,2025-10-21,Changed Mind,264.72
731,26480,2024-06-12,Damaged in Transit,907.02
732,25138,2024-06-04,Other,171.2
733,7382,2023-10-28,Wrong Item Shipped,683.48
734,21281,2025-07-13,Wrong Item Shipped,549.23
735,40409,2025-04-02,Changed Mind,434.04
736,18882,2025-06-02,Damaged in Transit,466.42
737,33703,2025-03-09,Not as Described,1465.61
738,23717,2025-03-11,Not as Described,1864.24
739,74789,2024-10-05,Changed Mind,1125.25
740,12270,2024-02-24,Wrong Item Shipped,535.22
741,6890,2025-10-29,Changed Mind,826.41
742,6450,2025-03-15,Not as Described,421.78
743,94390,2025-03-29,Defective Product,1105.86
744,7063,2025-03-27,Changed Mind,478.47
745,69403,2024-06-28,Wrong Item Shipped,1039.78
746,5116,2025-02-14,Other,1763.56
747,30867,2024-10-27,Damaged in Transit,1288.13
748,2885,2023-06-14,Defective Product,204.48
749,41042,2025-03-23,Damaged in Transit,2722.63
750,21144,2025-07-27,Wrong Item Shipped,143.15
751,1040,2025-03-09,Changed Mind,4270.39
752,62040,2025-11-16,Wrong Item Shipped,173.28
753,66439,2024-11-20,Not as Described,480.64
754,91816,2024-11-04,Not as Described,77.22
755,17004,2024-10-02,Changed Mind,611.71
756,61406,2023-12-09,Defective Product,404.02
757,78996,2025-05-26,Damaged in Transit,470.53
758,15434,2025-10-12,Not as Described,784.89
759,53863,2025-06-01,Defective Product,2013.65
760,52851,2025-06-26,Changed Mind,846.65
761,83089,2024-02-15,Damaged in Transit,875.21
762,41110,2025-07-01,Other,172.48
763,61867,2025-05-06,Not as Described,847.98
764,86873,2025-06-03,Not as Described,579.74
765,3699,2025-04-03,Not as Described,1090.8
766,61179,2024-03-13,Not as Described,5696.11
767,71790,2023-08-04,Not as Described,1845.13
768,79549,2025-09-26,Not as Described,817.97
769,65364,2024-04-18,Changed Mind,323.6
770,50640,2025-06-30,Other,548.21
771,87793,2025-11-15,Wrong Item Shipped,3329.74
772,41783,2025-10-11,Not as Described,686.51
773,9424,2024-12-26,Damaged in Transit,819.15
774,69156,2025-08-25,Wrong Item Shipped,307.19
775,16341,2025-02-28,Not as Described,861.06
776,91113,2023-10-23,Other,1351.68
777,26112,2024-02-16,Changed Mind,655.24
778,35102,2024-11-17,Not as Described,196.78
779,64520,2025-08-20,Not as Described,1097.66
780,61875,2024-01-29,Wrong Item Shipped,454.85
781,88130,2024-09-14,Damaged in Transit,1528.69
782,76014,2024-04-03,Defective Product,5555.74
783,11595,2023-05-09,Wrong Item Shipped,821.6
784,83032,2024-09-17,Not as Described,1135.78
785,81293,2024-10-06,Wrong Item Shipped,746.25
786,35878,2025-06-06,Other,1692.14
787,19612,2025-04-20,Defective Product,363.66
788,84739,2025-02-03,Wrong Item Shipped,597.54
789,7513,2024-11-09,Not as Described,3754.52
790,8550,2025-11-08,Changed Mind,1654.36
791,33209,2023-07-07,Defective Product,838.1
792,69243,2023-11-17,Damaged in Transit,598.04
793,7156,2025-10-12,Damaged in Transit,638.88
794,72220,2024-06-09,Defective Product,826.63
795,41604,2024-11-10,Damaged in Transit,460.04
796,16310,2025-04-06,Wrong Item Shipped,447.9
797,31476,2024-06-18,Defective Product,1201.47
798,857,2025-04-05,Not as Described,19.03
799,87670,2025-08-16,Other,156.21
800,48074,2025-08-30,Changed Mind,1218.2
801,87490,2024-11-24,Not as Described,127.86
802,87023,2024-12-04,Changed Mind,618.88
803,35511,2023-09-09,Wrong Item Shipped,3980.27
804,43034,2024-04-29,Changed Mind,1513.8
805,32421,2025-08-14,Changed Mind,1911.49
806,59208,2024-05-27,Damaged in Transit,389.08
807,42140,2025-01-14,Damaged in Transit,1216.31
808,11461,2025-07-03,Not as Described,951.47
809,51847,2025-07-08,Not as Described,1307.44
810,34294,2024-10-01,Other,3216.45
811,21238,2025-04-19,Wrong Item Shipped,921.55
812,86025,2025-09-06,Not as Described,308.27
813,73833,2025-02-13,Damaged in Transit,358.8
814,12107,2024-11-05,Other,891.73
815,7162,2024-09-14,Defective Product,2018.49
816,60717,2024-12-01,Wrong Item Shipped,245.72
817,90642,2025-08-12,Defective Product,1283.89
818,12560,2024-07-02,Other,1201.64
819,60192,2023-12-17,Defective Product,216.39
820,85870,2025-03-28,Changed Mind,47.08
821,70685,2025-05-08,Other,548.95
822,17265,2023-12-15,Other,862.62
823,20450,2024-05-19,Changed Mind,3865.95
824,54414,2025-07-31,Not as Described,731.89
825,11890,2025-11-17,Not as Described,139.72
826,74370,2024-04-05,Other,1032.15
827,11376,2025-08-21,Other,243.51
828,41764,2025-09-12,Other,2116.32
829,80006,2023-04-04,Changed Mind,162.14
830,17087,2025-04-16,Damaged in Transit,1540.86
831,70100,2025-06-03,Other,2045.44
832,70574,2025-06-07,Damaged in Transit,647.33
833,70416,2023-08-10,Wrong Item Shipped,1018.02
834,6393,2025-04-26,Wrong Item Shipped,2312.89
835,66696,2024-11-22,Changed Mind,329.35
836,54005,2024-01-15,Other,695.38
837,4301,2024-08-27,Damaged in Transit,3380.05
838,20464,2024-02-14,Defective Product,1263.15
839,47170,2025-04-17,Not as Described,798.45
840,23225,2024-12-12,Damaged in Transit,201.91
841,51417,2024-11-02,Other,137.87
842,88597,2025-02-22,Changed Mind,408.23
843,78199,2024-04-16,Not as Described,5549.19
844,22613,2024-07-22,Damaged in Transit,247.54
845,82736,2024-05-06,Wrong Item Shipped,529.18
846,76759,2025-06-18,Defective Product,369.4
847,49443,2024-10-30,Defective Product,683.02
848,43796,2024-07-01,Changed Mind,202.68
849,609,2025-08-02,Changed Mind,4113.24
850,93224,2024-10-12,Wrong Item Shipped,1093.34
851,3087,2025-06-14,Defective Product,94.59
852,71881,2025-07-04,Other,600.09
853,29452,2025-05-08,Wrong Item Shipped,358.42
854,63426,2024-02-20,Changed Mind,951.0
855,79113,2025-08-18,Damaged in Transit,450.62
856,32328,2025-04-05,Damaged in Transit,708.43
857,64248,2024-04-07,Damaged in Transit,964.1
858,54884,2025-08-11,Wrong Item Shipped,53.62
859,53518,2023-08-16,Wrong Item Shipped,588.39
860,78331,2024-11-14,Wrong Item Shipped,1458.65
861,77637,2024-09-10,Wrong Item Shipped,2321.12
862,94421,2025-08-17,Wrong Item Shipped,242.97
863,33173,2025-01-25,Changed Mind,792.99
864,423,2024-09-01,Changed Mind,1173.54
865,23558,2025-01-18,Damaged in Transit,4521.56
866,18305,2024-02-15,Defective Product,64.07
867,88307,2024-04-13,Not as Described,184.79
868,55025,2024-03-03,Changed Mind,611.52
869,13373,2024-12-21,Changed Mind,1111.77
870,63185,2025-01-03,Other,4138.84
871,69726,2024-11-14,Damaged in Transit,582.03
872,18065,2025-05-02,Damaged in Transit,3344.77
873,94965,2025-08-08,Wrong Item Shipped,1337.44
874,30223,2024-04-16,Wrong Item Shipped,4228.82
875,50257,2024-08-20,Wrong Item Shipped,299.27
876,18212,2024-11-27,Other,1363.21
877,85955,2025-03-12,Changed Mind,37.4
878,96050,2023-06-15,Other,670.48
879,28103,2025-06-08,Other,70.92
880,86193,2025-08-19,Not as Described,601.26
881,46683,2024-06-23,Other,631.3
882,3332,2025-03-15,Changed Mind,84.9
883,39435,2025-06-13,Other,238.47
884,52173,2025-07-06,Not as Described,677.25
885,44202,2024-02-25,Other,840.21
886,76925,2024-03-23,Defective Product,1455.65
887,46053,2025-02-04,Damaged in Transit,1986.36
888,90700,2024-07-06,Changed Mind,714.56
889,80854,2024-10-15,Not as Described,342.19
890,14918,2024-05-30,Defective Product,592.31
891,61488,2024-12-31,Wrong Item Shipped,1299.95
892,86297,2025-05-09,Changed Mind,187.37
893,4479,2024-11-17,Changed Mind,777.7
894,25531,2023-11-19,Defective Product,127.54
895,69279,2024-07-02,Damaged in Transit,73.81
896,79130,2025-01-28,Changed Mind,67.07
897,69485,2025-06-03,Changed Mind,1451.82
898,28336,2025-09-15,Wrong Item Shipped,2931.86
899,92746,2025-05-21,Damaged in Transit,1183.44
900,15666,2025-07-08,Other,1134.59
901,6721,2025-02-23,Not as Described,106.53
902,16360,2025-05-06,Not as Described,787.11
903,92487,2024-08-07,Wrong Item Shipped,73.46
904,14507,2024-01-23,Changed Mind,329.73
905,30205,2024-11-19,Defective Product,670.46
906,10610,2025-08-09,Wrong Item Shipped,978.23
907,40614,2025-08-07,Defective Product,50.91
908,45257,2025-03-19,Not as Described,1450.79
909,65689,2024-08-13,Changed Mind,103.47
910,95871,2024-10-24,Changed Mind,1734.92
911,90515,2024-07-21,Not as Described,934.75
912,24648,2024-03-16,Defective Product,424.83
913,73783,2025-06-12,Damaged in Transit,655.37
914,76237,2024-01-18,Other,694.64
915,42365,2023-12-10,Damaged in Transit,3729.42
916,84965,2025-03-29,Damaged in Transit,317.51
917,42630,2024-07-23,Not as Described,545.4
918,20740,2024-08-12,Changed Mind,1283.31
919,11841,2025-05-06,Damaged in Transit,487.9
920,23610,2025-04-17,Other,443.59
921,9558,2025-11-10,Changed Mind,55.63
922,37673,2025-03-15,Damaged in Transit,567.68
923,51839,2024-07-29,Not as Described,344.26
924,21617,2025-11-02,Wrong Item Shipped,1132.25
925,96703,2024-06-15,Wrong Item Shipped,1723.2
926,74055,2025-06-12,Defective Product,223.68
927,27099,2024-02-05,Changed Mind,359.34
928,75211,2024-05-08,Not as Described,1481.9
929,4442,2025-03-29,Damaged in Transit,289.51
930,22214,2023-11-14,Changed Mind,351.16
931,44123,2024-06-06,Changed Mind,231.7
932,27456,2024-09-22,Damaged in Transit,1210.41
933,82264,2024-11-30,Wrong Item Shipped,546.41
934,86704,2025-08-28,Other,1042.36
935,46819,2023-03-01,Wrong Item Shipped,215.38
936,50755,2025-12-15,Damaged in Transit,39.23
937,18947,2025-04-26,Damaged in Transit,315.44
938,41886,2025-09-07,Other,606.33
939,11552,2025-10-26,Not as Described,2710.33
940,63609,2024-07-13,Other,500.08
941,59234,2024-12-18,Not as Described,3176.16
942,28800,2025-07-23,Damaged in Transit,199.67
943,8858,2025-03-31,Not as Described,488.14
944,31695,2023-12-30,Wrong Item Shipped,2809.83
945,30055,2024-07-03,Other,540.01
946,59001,2026-01-04,Changed Mind,2949.81
947,81185,2024-12-22,Changed Mind,1584.28
948,60318,2024-04-18,Wrong Item Shipped,251.41
949,74643,2024-03-04,Not as Described,328.67
950,62019,2025-10-23,Not as Described,3315.01
951,48521,2024-08-23,Damaged in Transit,523.47
952,22018,2025-08-04,Other,2791.61
953,6423,2024-04-11,Wrong Item Shipped,258.86
954,12345,2024-10-03,Other,68.27
955,98793,2024-03-29,Not as Described,63.73
956,33231,2024-05-23,Not as Described,130.35
957,4897,2025-03-05,Wrong Item Shipped,207.23
958,10817,2025-08-15,Wrong Item Shipped,792.25
959,81839,2023-10-05,Defective Product,949.45
960,83472,2025-03-05,Not as Described,252.18
961,18520,2025-06-17,Defective Product,514.85
962,58469,2024-12-28,Not as Described,2146.12
963,37281,2024-10-06,Not as Described,362.98
964,59138,2025-07-06,Damaged in Transit,15.18
965,7040,2025-06-04,Defective Product,621.05
966,91993,2025-09-02,Defective Product,1523.3
967,68842,2025-10-10,Other,1170.23
968,75453,2025-08-27,Wrong Item Shipped,634.51
969,35761,2024-01-14,Wrong Item Shipped,279.03
970,85661,2025-03-29,Defective Product,645.44
971,80859,2025-05-17,Wrong Item Shipped,2416.15
972,40656,2025-05-08,Damaged in Transit,983.17
973,53466,2025-05-04,Damaged in Transit,797.56
974,42211,2025-06-03,Defective Product,5354.95
975,64715,2025-04-17,Wrong Item Shipped,1324.22
976,19011,2024-02-28,Damaged in Transit,226.64
977,43422,2024-12-06,Wrong Item Shipped,709.72
978,76246,2025-09-29,Other,372.57
979,57443,2025-08-05,Other,1863.74
980,65124,2024-07-13,Defective Product,546.28
981,34094,2025-03-11,Defective Product,731.37
982,27273,2023-09-17,Defective Product,1309.91
983,15109,2025-05-06,Other,1894.4
984,6668,2023-11-25,Wrong Item Shipped,571.14
985,86355,2024-08-27,Wrong Item Shipped,512.39
986,34707,2024-10-13,Changed Mind,96.83
987,67902,2023-11-05,Changed Mind,646.64
988,22676,2025-07-22,Damaged in Transit,1383.55
989,28518,2025-09-11,Changed Mind,552.9
990,21488,2024-04-15,Other,890.53
991,65933,2024-05-15,Damaged in Transit,487.97
992,76526,2024-07-08,Defective Product,402.84
993,31401,2025-02-08,Other,446.4
994,90779,2024-04-19,Other,884.19
995,80654,2024-10-19,Defective Product,252.19
996,89961,2024-06-08,Wrong Item Shipped,1686.57
997,5753,2024-06-24,Other,1533.68
998,56287,2025-09-09,Defective Product,302.93
999,65392,2024-05-11,Defective Product,575.7
1000,58367,2023-12-29,Defective Product,1498.37
1001,49429,2024-02-24,Wrong Item Shipped,1180.32
1002,80734,2025-01-03,Changed Mind,126.69
1003,73330,2025-01-06,Wrong Item Shipped,266.41
1004,21627,2025-03-09,Not as Described,251.24
1005,48896,2023-09-25,Not as Described,16.94
1006,43511,2024-08-05,Damaged in Transit,185.95
1007,74606,2025-06-04,Damaged in Transit,349.8
1008,43468,2025-08-20,Changed Mind,1408.72
1009,67797,2024-12-31,Not as Described,299.74
1010,56256,2025-07-26,Wrong Item Shipped,360.29
1011,40816,2024-07-27,Damaged in Transit,1028.3
1012,53833,2025-01-07,Changed Mind,424.25
1013,9918,2025-09-12,Not as Described,495.44
1014,17870,2025-08-13,Defective Product,605.82
1015,51518,2025-04-23,Defective Product,264.03
1016,33525,2025-08-10,Wrong Item Shipped,1254.5
1017,11077,2024-06-21,Wrong Item Shipped,3249.16
1018,67215,2024-05-10,Defective Product,105.42
1019,52604,2024-11-04,Not as Described,760.37
1020,80774,2024-12-30,Not as Described,19.75
1021,40177,2025-09-10,Damaged in Transit,829.74
1022,40783,2024-12-01,Other,210.74
1023,19141,2025-12-21,Not as Described,441.52
1024,61725,2023-05-06,Wrong Item Shipped,970.56
1025,60069,2024-12-15,Changed Mind,436.49
1026,12886,2025-04-25,Changed Mind,452.05
1027,92565,2025-10-25,Changed Mind,1594.39
1028,6027,2024-08-03,Not as Described,2122.78
1029,33741,2025-07-09,Wrong Item Shipped,143.52
1030,83860,2024-11-12,Damaged in Transit,2065.11
1031,46774,2025-02-17,Other,642.54
1032,21327,2025-01-30,Changed Mind,603.86
1033,1064,2024-11-23,Damaged in Transit,1832.54
1034,6567,2025-01-16,Not as Described,436.91
1035,96930,2025-06-23,Defective Product,186.56
1036,40421,2023-09-21,Other,269.51
1037,67996,2025-02-05,Defective Product,1334.51
1038,10925,2025-02-06,Other,1003.07
1039,16881,2024-05-26,Wrong Item Shipped,542.46
1040,70388,2023-09-18,Other,1019.39
1041,32488,2025-02-09,Wrong Item Shipped,1917.21
1042,39926,2025-04-25,Changed Mind,8841.03
1043,89813,2025-09-16,Wrong Item Shipped,122.02
1044,80894,2024-07-27,Other,134.69
1045,80856,2024-07-10,Other,616.46
1046,56038,2023-12-30,Changed Mind,169.97
1047,48034,2025-07-23,Other,235.71
1048,86278,2024-02-09,Other,721.44
1049,65862,2025-05-08,Changed Mind,117.61
1050,97542,2024-11-30,Not as Described,651.42
1051,69000,2025-08-08,Defective Product,1670.33
1052,44667,2024-08-07,Other,7199.88
1053,27687,2025-07-15,Not as Described,866.16
1054,62757,2024-05-21,Other,578.17
1055,12822,2024-01-17,Not as Described,465.79
1056,67985,2025-03-15,Defective Product,1048.79
1057,92038,2024-12-23,Defective Product,339.46
1058,20923,2025-06-19,Changed Mind,652.13
1059,98220,2024-05-30,Wrong Item Shipped,1982.06
1060,16747,2025-03-07,Damaged in Transit,1414.31
1061,83832,2025-09-15,Changed Mind,601.66
1062,91148,2024-10-30,Damaged in Transit,1086.79
1063,4761,2024-11-27,Other,609.24
1064,23766,2025-03-26,Changed Mind,2946.26
1065,9454,2025-02-26,Defective Product,884.78
1066,44546,2024-08-02,Changed Mind,113.44
1067,59340,2025-09-22,Other,63.89
1068,69458,2024-02-03,Damaged in Transit,132.28
1069,75602,2024-05-23,Defective Product,502.77
1070,89899,2025-05-10,Other,539.04
1071,74465,2024-03-09,Damaged in Transit,895.16
1072,87114,2025-09-07,Damaged in Transit,607.65
1073,88084,2024-10-29,Defective Product,440.56
1074,50740,2024-12-24,Defective Product,1183.06
1075,95178,2023-05-06,Defective Product,600.0
1076,90899,2023-05-30,Other,967.7
1077,23131,2024-10-11,Defective Product,712.96
1078,4438,2025-12-08,Damaged in Transit,1429.3
1079,73602,2023-08-12,Defective Product,963.97
1080,7489,2024-08-25,Other,2715.15
1081,20044,2025-09-23,Wrong Item Shipped,231.97
1082,86639,2024-06-13,Not as Described,47.57
1083,34938,2024-04-20,Defective Product,475.6
1084,58133,2023-08-11,Damaged in Transit,318.59
1085,24097,2024-12-25,Other,321.65
1086,43052,2024-05-16,Damaged in Transit,813.93
1087,7683,2023-07-03,Damaged in Transit,932.87
1088,36794,2025-12-18,Other,51.94
1089,2395,2024-12-13,Defective Product,3320.33
1090,95490,2025-04-18,Wrong Item Shipped,926.13
1091,85681,2025-02-18,Not as Described,3219.32
1092,47518,2025-02-28,Wrong Item Shipped,403.53
1093,72465,2024-06-09,Wrong Item Shipped,135.72
1094,44486,2025-07-12,Damaged in Transit,678.01
1095,544,2025-07-30,Other,2496.58
1096,41670,2025-03-05,Wrong Item Shipped,1190.02
1097,1513,2025-11-27,Defective Product,919.74
1098,13593,2024-05-11,Changed Mind,1119.85
1099,94471,2024-06-14,Damaged in Transit,336.81
1100,52553,2023-08-12,Not as Described,326.15
1101,65168,2025-06-03,Defective Product,535.89
1102,9778,2025-07-12,Wrong Item Shipped,608.83
1103,99219,2024-08-17,Other,2804.67
1104,17835,2025-03-19,Changed Mind,351.0
1105,15767,2024-10-15,Defective Product,115.25
1106,2301,2024-06-02,Other,569.64
1107,24609,2025-07-26,Other,224.97
1108,50540,2024-02-13,Defective Product,1805.81
1109,96968,2025-05-20,Changed Mind,660.03
1110,2229,2024-10-03,Defective Product,114.81
1111,55834,2024-06-27,Damaged in Transit,245.5
1112,17407,2024-08-27,Not as Described,508.16
1113,51514,2025-10-12,Wrong Item Shipped,88.44
1114,74380,2025-01-05,Changed Mind,197.28
1115,66071,2024-01-02,Damaged in Transit,4294.46
1116,94191,2025-07-25,Changed Mind,30.6
1117,21465,2023-12-31,Changed Mind,1882.01
1118,72092,2025-05-02,Wrong Item Shipped,535.78
1119,56743,2025-05-01,Changed Mind,523.1
1120,15350,2026-01-02,Defective Product,904.29
1121,97772,2024-08-06,Changed Mind,724.62
1122,79631,2023-12-21,Other,768.09
1123,79444,2023-12-31,Not as Described,1899.51
1124,56288,2025-03-13,Other,496.19
1125,90068,2023-08-07,Defective Product,313.14
1126,32356,2025-10-11,Wrong Item Shipped,210.47
1127,77649,2023-12-25,Defective Product,310.05
1128,81548,2025-03-09,Defective Product,157.09
1129,54270,2025-04-12,Not as Described,1950.14
1130,84612,2025-11-04,Not as Described,445.29
1131,52255,2025-10-11,Other,1749.39
1132,99755,2023-11-24,Other,514.8
1133,72116,2024-08-19,Wrong Item Shipped,1813.47
1134,38092,2025-06-20,Changed Mind,1011.12
1135,52749,2023-12-10,Not as Described,270.76
1136,91446,2025-07-26,Not as Described,906.63
1137,27559,2024-11-11,Defective Product,940.79
1138,80472,2024-12-30,Not as Described,781.27
1139,46157,2023-12-29,Not as Described,667.15
1140,13407,2024-07-22,Not as Described,145.48
1141,66999,2025-08-17,Not as Described,387.43
1142,94588,2023-09-07,Changed Mind,570.96
1143,67181,2025-05-14,Changed Mind,347.68
1144,93594,2025-05-28,Damaged in Transit,2421.84
1145,29433,2024-10-01,Changed Mind,262.78
1146,36842,2024-10-09,Not as Described,1224.2
1147,41096,2024-01-24,Other,1718.58
1148,66057,2023-12-09,Changed Mind,970.46
1149,30842,2024-10-06,Changed Mind,733.08
1150,78147,2025-01-26,Defective Product,342.68
1151,13647,2025-05-05,Defective Product,1543.58
1152,46661,2024-12-20,Not as Described,533.73
1153,59973,2025-08-04,Wrong Item Shipped,991.24
1154,56869,2025-02-06,Changed Mind,2999.63
1155,30751,2023-08-17,Changed Mind,430.95
1156,6415,2023-10-01,Defective Product,107.27
1157,58511,2025-11-15,Not as Described,717.44
1158,84130,2025-10-24,Damaged in Transit,111.8
1159,58751,2024-12-02,Changed Mind,2784.59
1160,3685,2025-09-03,Not as Described,139.39
1161,52865,2025-05-03,Not as Described,2980.68
1162,63213,2025-01-28,Other,1403.16
1163,68322,2025-02-23,Damaged in Transit,216.09
1164,84105,2024-12-30,Damaged in Transit,1625.63
1165,7916,2024-12-08,Wrong Item Shipped,375.91
1166,3982,2024-04-19,Not as Described,418.87
1167,49879,2025-03-24,Not as Described,453.64
1168,18698,2023-07-28,Not as Described,568.89
1169,25120,2025-05-05,Damaged in Transit,667.68
1170,68726,2025-05-18,Changed Mind,847.12
1171,78378,2025-01-04,Damaged in Transit,1811.06
1172,62591,2025-05-22,Other,61.65
1173,67306,2025-07-26,Not as Described,420.91
1174,51774,2025-04-05,Defective Product,290.78
1175,35788,2023-09-28,Other,570.24
1176,78855,2024-10-27,Not as Described,2328.35
1177,27908,2024-07-14,Not as Described,347.84
1178,59454,2023-12-29,Not as Described,864.82
1179,89803,2025-05-19,Defective Product,581.03
1180,71896,2024-08-28,Wrong Item Shipped,412.45
1181,62936,2025-03-05,Defective Product,534.65
1182,4406,2025-09-20,Other,710.38
1183,69669,2025-02-22,Damaged in Transit,1901.53
1184,9620,2025-09-01,Not as Described,536.86
1185,35006,2024-09-29,Changed Mind,659.76
1186,25007,2023-04-13,Not as Described,29.14
1187,34040,2023-04-07,Defective Product,538.51
1188,89092,2024-07-30,Not as Described,25.8
1189,83065,2024-02-12,Other,222.37
1190,38087,2025-01-17,Other,119.96
1191,50988,2024-08-16,Wrong Item Shipped,2870.23
1192,48827,2025-06-28,Defective Product,81.74
1193,22967,2025-01-02,Defective Product,1515.44
1194,24134,2023-11-20,Other,299.98
1195,27176,2024-06-29,Other,530.21
1196,68466,2024-04-25,Wrong Item Shipped,1901.32
1197,63653,2024-05-27,Other,504.13
1198,94528,2025-05-27,Defective Product,1391.66
1199,19113,2024-06-23,Damaged in Transit,6046.63
1200,57263,2024-10-01,Not as Described,3175.73
1201,100978,2024-11-18,Not as Described,1244.65
1202,30473,2025-08-27,Damaged in Transit,759.55
1203,39341,2024-04-11,Defective Product,665.42
1204,1067,2025-02-03,Not as Described,54.47
1205,67598,2025-03-10,Wrong Item Shipped,989.27
1206,95776,2024-07-15,Not as Described,765.59
1207,36512,2024-01-30,Damaged in Transit,1620.51
1208,31996,2024-03-15,Other,579.43
1209,99628,2025-01-19,Wrong Item Shipped,692.49
1210,61386,2024-04-10,Wrong Item Shipped,79.87
1211,39581,2024-11-12,Changed Mind,2169.08
1212,101530,2025-08-11,Changed Mind,44.34
1213,83766,2025-08-13,Changed Mind,533.81
1214,24840,2024-12-12,Other,327.76
1215,35353,2023-08-06,Not as Described,405.82
1216,36479,2024-12-21,Damaged in Transit,137.39
1217,97951,2025-04-20,Other,2164.59
1218,76336,2024-12-10,Damaged in Transit,299.79
1219,74332,2024-05-28,Damaged in Transit,786.47
1220,2368,2025-02-05,Wrong Item Shipped,205.7
1221,15452,2025-08-24,Other,574.26
1222,44943,2024-05-02,Other,1183.98
1223,90876,2025-01-09,Damaged in Transit,139.09
1224,76881,2025-10-24,Not as Described,356.04
1225,64267,2025-04-04,Damaged in Transit,3463.86
1226,11204,2025-08-31,Other,676.57
1227,77485,2024-02-23,Defective Product,449.23
1228,65222,2025-02-24,Damaged in Transit,459.66
1229,96368,2023-08-21,Changed Mind,692.87
1230,87484,2023-09-18,Defective Product,504.16
1231,20502,2024-08-26,Damaged in Transit,418.2
1232,24278,2025-11-18,Defective Product,522.47
1233,97853,2025-05-22,Damaged in Transit,2824.53
1234,21404,2024-06-06,Other,1426.49
1235,53280,2025-06-04,Damaged in Transit,1478.65
1236,87651,2025-05-30,Damaged in Transit,876.39
1237,82105,2025-07-31,Defective Product,623.75
1238,39919,2025-05-08,Not as Described,830.6
1239,50023,2024-04-07,Damaged in Transit,1017.8
1240,80917,2025-03-03,Defective Product,294.44
1241,87547,2025-05-31,Other,2035.05
1242,92847,2025-07-25,Other,860.15
1243,93539,2024-11-02,Changed Mind,468.25
1244,45698,2024-11-20,Other,901.85
1245,67168,2025-01-25,Wrong Item Shipped,1017.26
1246,47961,2024-11-15,Defective Product,2331.06
1247,59034,2025-02-13,Not as Described,1813.49
1248,22311,2024-10-30,Wrong Item Shipped,3711.26
1249,19275,2025-05-18,Changed Mind,1340.74
1250,74943,2025-10-09,Other,506.05
1251,48634,2024-04-20,Damaged in Transit,2139.72
1252,22730,2025-07-28,Changed Mind,234.41
1253,48843,2023-12-10,Not as Described,78.1
1254,20257,2024-07-25,Damaged in Transit,683.43
1255,11963,2024-04-25,Defective Product,2223.71
1256,18918,2025-01-09,Defective Product,1147.39
1257,95652,2024-05-23,Defective Product,1232.99
1258,97250,2025-02-03,Not as Described,352.49
1259,23322,2024-09-02,Changed Mind,1010.27
1260,49849,2024-07-31,Changed Mind,230.68
1261,19109,2024-04-16,Wrong Item Shipped,722.2
1262,74627,2025-09-05,Damaged in Transit,324.28
1263,21704,2024-12-31,Not as Described,493.56
1264,49783,2024-05-10,Changed Mind,371.86
1265,92980,2023-09-18,Wrong Item Shipped,245.8
1266,53534,2025-03-31,Wrong Item Shipped,3657.42
1267,94080,2025-11-22,Wrong Item Shipped,402.09
1268,77100,2023-06-21,Wrong Item Shipped,595.19
1269,75313,2025-05-01,Damaged in Transit,320.91
1270,5769,2025-08-31,Not as Described,635.03
1271,64129,2024-09-14,Damaged in Transit,332.48
1272,17832,2024-05-25,Changed Mind,453.95
1273,52208,2024-06-24,Changed Mind,910.07
1274,10804,2024-11-03,Wrong Item Shipped,71.76
1275,73734,2024-05-03,Other,369.22
1276,6181,2024-02-08,Changed Mind,325.58
1277,96183,2024-04-12,Damaged in Transit,926.22
1278,82443,2025-05-15,Defective Product,1436.36
1279,81855,2025-01-21,Damaged in Transit,125.65
1280,91108,2025-05-31,Wrong Item Shipped,667.69
1281,61571,2024-01-25,Defective Product,924.1
1282,35257,2025-08-10,Defective Product,533.41
1283,99259,2025-05-08,Not as Described,269.75
1284,77122,2024-04-29,Wrong Item Shipped,529.73
1285,26780,2024-04-05,Other,325.69
1286,71587,2025-03-17,Wrong Item Shipped,729.19
1287,9722,2025-01-07,Defective Product,706.23
1288,15093,2025-01-27,Changed Mind,799.45
1289,36894,2023-06-03,Changed Mind,639.18
1290,10961,2024-11-27,Defective Product,2068.22
1291,49422,2025-09-07,Other,1419.57
1292,62439,2024-12-04,Changed Mind,616.87
1293,54244,2024-06-03,Changed Mind,43.12
1294,24379,2025-01-04,Not as Described,1647.72
1295,100396,2025-08-05,Defective Product,500.93
1296,81869,2024-01-31,Not as Described,594.1
1297,99979,2025-07-12,Changed Mind,428.82
1298,100252,2025-03-19,Wrong Item Shipped,90.95
1299,47120,2023-12-04,Wrong Item Shipped,4474.41
1300,49408,2023-06-29,Not as Described,515.7
1301,96594,2025-03-20,Not as Described,239.11
1302,93740,2024-06-22,Damaged in Transit,77.19
1303,49947,2024-11-02,Other,1577.75
1304,71548,2024-10-07,Wrong Item Shipped,456.97
1305,53746,2024-05-30,Damaged in Transit,1159.47
1306,88855,2024-11-07,Other,397.32
1307,85531,2025-09-02,Other,113.18
1308,49318,2024-06-28,Wrong Item Shipped,964.22
1309,59547,2025-06-10,Damaged in Transit,878.69
1310,17845,2024-10-03,Not as Described,1182.49
1311,90627,2025-09-09,Damaged in Transit,1812.84
1312,39477,2023-02-01,Not as Described,357.65
1313,74268,2025-09-15,Wrong Item Shipped,2312.11
1314,55416,2025-07-21,Wrong Item Shipped,603.42
1315,6016,2024-03-29,Changed Mind,463.31
1316,52517,2025-07-10,Defective Product,887.06
1317,36734,2024-09-04,Not as Described,81.26
1318,84949,2024-12-11,Not as Described,1961.01
1319,44297,2024-08-18,Damaged in Transit,2023.14
1320,14680,2025-08-04,Defective Product,756.05
1321,85656,2025-09-07,Not as Described,632.53
1322,84384,2025-02-15,Defective Product,567.32
1323,88852,2025-02-18,Changed Mind,916.35
1324,37079,2025-01-01,Not as Described,664.44
1325,36714,2023-08-02,Damaged in Transit,117.66
1326,54732,2024-07-29,Damaged in Transit,639.81
1327,44207,2025-05-22,Wrong Item Shipped,509.35
1328,87848,2025-02-18,Damaged in Transit,1464.89
1329,74232,2025-12-14,Not as Described,1134.96
1330,10162,2024-05-30,Other,364.79
1331,97547,2024-06-20,Not as Described,2809.39
1332,79167,2025-04-30,Other,5577.09
1333,67202,2025-09-03,Wrong Item Shipped,947.88
1334,82485,2025-01-20,Other,32.32
1335,51924,2025-03-24,Wrong Item Shipped,301.98
1336,20947,2025-06-08,Not as Described,1570.34
1337,10661,2024-08-08,Damaged in Transit,407.73
1338,49559,2024-10-06,Wrong Item Shipped,1270.91
1339,5456,2025-09-14,Wrong Item Shipped,123.58
1340,1518,2025-02-10,Other,308.86
1341,91565,2023-08-02,Other,1035.83
1342,67160,2024-07-28,Other,99.78
1343,83450,2024-02-16,Wrong Item Shipped,389.32
1344,28804,2024-12-09,Defective Product,595.61
1345,30287,2025-04-27,Changed Mind,584.19
1346,88453,2025-10-18,Not as Described,1038.96
1347,99620,2025-04-01,Not as Described,6289.51
1348,28631,2024-10-09,Not as Described,420.06
1349,19398,2024-02-12,Defective Product,642.46
1350,11372,2025-07-03,Defective Product,1450.78
1351,24808,2025-05-17,Wrong Item Shipped,348.76
1352,20930,2024-02-15,Wrong Item Shipped,1212.27
1353,44272,2025-02-15,Wrong Item Shipped,2403.14
1354,77848,2024-09-29,Changed Mind,607.39
1355,82511,2024-12-07,Other,645.52
1356,47533,2024-07-17,Wrong Item Shipped,359.47
1357,94137,2023-09-29,Defective Product,2831.67
1358,58523,2024-02-19,Changed Mind,447.48
1359,26490,2024-01-15,Defective Product,294.07
1360,47069,2025-06-23,Damaged in Transit,348.31
1361,44111,2024-11-05,Not as Described,928.1
1362,26627,2023-11-16,Damaged in Transit,334.11
1363,57892,2024-06-02,Wrong Item Shipped,1340.95
1364,36521,2024-03-16,Wrong Item Shipped,1079.26
1365,56017,2025-04-11,Not as Described,453.3
1366,84959,2024-04-03,Other,499.84
1367,58256,2025-02-05,Changed Mind,246.56
1368,84385,2025-10-20,Defective Product,873.33
1369,3017,2023-09-10,Damaged in Transit,3787.13
1370,1977,2024-11-03,Wrong Item Shipped,186.67
1371,386,2025-06-26,Changed Mind,587.64
1372,51349,2024-10-01,Damaged in Transit,639.3
1373,1283,2024-05-05,Not as Described,562.57
1374,25867,2024-03-18,Changed Mind,1368.05
1375,78210,2025-01-15,Other,483.37
1376,46077,2024-12-07,Other,213.54
1377,79967,2025-05-06,Defective Product,661.45
1378,90250,2024-04-06,Defective Product,150.43
1379,27288,2024-03-12,Other,913.24
1380,53906,2023-12-05,Defective Product,348.73
1381,73525,2024-08-27,Damaged in Transit,4267.96
1382,45221,2025-02-18,Changed Mind,352.87
1383,60502,2024-12-24,Changed Mind,3702.54
1384,11558,2025-05-13,Defective Product,1079.78
1385,37955,2025-04-29,Defective Product,4100.98
1386,71586,2024-09-27,Wrong Item Shipped,3472.34
1387,99909,2025-02-27,Other,850.27
1388,10832,2025-06-01,Defective Product,2379.75
1389,67014,2025-05-23,Wrong Item Shipped,2896.23
1390,54648,2023-12-19,Other,950.65
1391,64622,2025-05-06,Defective Product,875.34
1392,97472,2025-11-18,Damaged in Transit,273.51
1393,59902,2025-06-07,Damaged in Transit,3209.59
1394,30204,2023-11-29,Damaged in Transit,122.87
1395,100059,2023-12-27,Defective Product,259.64
1396,24400,2023-07-29,Changed Mind,814.01
1397,77490,2025-08-18,Not as Described,775.74
1398,28061,2024-07-20,Damaged in Transit,49.42
1399,54169,2025-08-12,Defective Product,636.29
1400,100355,2024-08-30,Other,2077.45
1401,48289,2024-02-03,Changed Mind,2399.63
1402,64869,2024-10-15,Defective Product,617.98
1403,7967,2024-07-09,Not as Described,237.19
1404,68816,2025-03-22,Wrong Item Shipped,528.35
1405,37931,2024-05-03,Defective Product,552.13
1406,10272,2025-06-05,Other,229.22
1407,90650,2024-12-01,Changed Mind,1080.83
1408,56924,2025-10-21,Changed Mind,285.3
1409,14297,2025-02-22,Wrong Item Shipped,52.05
1410,51361,2025-11-25,Not as Described,1257.12
1411,13229,2024-03-17,Changed Mind,186.11
1412,12547,2025-06-23,Defective Product,1728.35
1413,18273,2023-04-29,Wrong Item Shipped,256.48
1414,53530,2023-09-08,Not as Described,723.26
1415,8265,2025-06-30,Changed Mind,325.56
1416,1342,2025-09-30,Damaged in Transit,1739.09
1417,3693,2025-04-11,Changed Mind,33.69
1418,73419,2025-09-15,Not as Described,455.93
1419,79613,2025-05-01,Changed Mind,173.05
1420,94693,2025-03-04,Changed Mind,88.33
1421,92226,2023-12-29,Wrong Item Shipped,1818.55
1422,52910,2025-01-09,Damaged in Transit,441.91
1423,34722,2025-07-25,Damaged in Transit,1399.91
1424,57826,2024-11-21,Wrong Item Shipped,2674.98
1425,76743,2025-08-09,Wrong Item Shipped,1641.63
1426,11355,2025-07-06,Other,431.84
1427,90033,2024-12-19,Damaged in Transit,88.99
1428,93289,2024-06-15,Defective Product,949.66
1429,27237,2024-11-15,Not as Described,198.35
1430,68655,2024-04-27,Other,217.72
1431,84207,2023-09-23,Defective Product,496.16
1432,98475,2024-12-13,Changed Mind,2397.55
1433,66887,2025-04-27,Changed Mind,225.81
1434,24589,2025-04-03,Other,857.73
1435,54286,2025-05-22,Not as Described,25.76
1436,55258,2023-06-17,Changed Mind,825.35
1437,71718,2024-04-18,Wrong Item Shipped,1593.34
1438,2614,2024-11-13,Wrong Item Shipped,588.24
1439,27751,2023-05-02,Other,3299.34
1440,91774,2025-09-04,Damaged in Transit,942.98
1441,38688,2023-08-06,Defective Product,598.82
1442,15226,2025-08-05,Changed Mind,296.3
1443,80079,2025-05-19,Other,952.16
1444,83616,2025-02-28,Damaged in Transit,235.84
1445,18121,2025-04-10,Defective Product,499.54
1446,78194,2024-08-21,Other,5665.29
1447,37881,2024-11-17,Changed Mind,337.04
1448,10956,2024-04-29,Changed Mind,1085.52
1449,81920,2024-02-22,Changed Mind,648.06
1450,76425,2024-02-22,Damaged in Transit,643.56
1451,10552,2024-05-19,Defective Product,2399.41
1452,62622,2025-07-06,Defective Product,3755.1
1453,88822,2025-02-26,Not as Described,743.47
1454,25054,2024-07-16,Wrong Item Shipped,40.09
1455,71830,2025-05-07,Wrong Item Shipped,427.06
1456,32170,2025-10-03,Changed Mind,932.38
1457,10296,2024-01-27,Damaged in Transit,1424.99
1458,86572,2025-06-29,Other,258.25
1459,9937,2024-08-13,Changed Mind,270.66
1460,39475,2025-06-06,Damaged in Transit,655.75
1461,32823,2024-12-06,Other,1710.52
1462,99127,2024-11-06,Defective Product,1036.91
1463,73473,2024-03-24,Damaged in Transit,629.69
1464,58709,2024-10-04,Other,2415.04
1465,45401,2025-08-15,Wrong Item Shipped,92.56
1466,21977,2025-09-26,Damaged in Transit,390.48
1467,98586,2025-07-19,Damaged in Transit,304.11
1468,63836,2024-10-09,Wrong Item Shipped,1217.31
1469,69245,2024-11-09,Not as Described,619.82
1470,96554,2024-05-13,Other,1530.68
1471,41976,2025-10-08,Not as Described,269.35
1472,68638,2024-12-22,Not as Described,700.76
1473,23309,2025-03-15,Wrong Item Shipped,1159.3
1474,86744,2025-06-07,Damaged in Transit,500.48
1475,57968,2024-01-25,Defective Product,71.32
1476,58164,2025-08-31,Not as Described,124.11
1477,48037,2024-11-21,Wrong Item Shipped,239.75
1478,89349,2025-04-06,Other,1293.61
1479,56066,2024-06-17,Wrong Item Shipped,232.58
1480,47576,2024-03-05,Wrong Item Shipped,370.36
1481,14555,2024-07-08,Damaged in Transit,2235.38
1482,6608,2025-03-29,Other,1184.71
1483,16562,2025-04-24,Other,380.74
1484,77680,2024-02-13,Damaged in Transit,596.81
1485,40549,2023-11-27,Changed Mind,257.62
1486,6104,2025-01-07,Wrong Item Shipped,94.54
1487,21382,2025-03-02,Not as Described,219.97
1488,45604,2024-01-21,Damaged in Transit,3065.53
1489,64417,2025-01-17,Wrong Item Shipped,2669.24
1490,96318,2024-09-17,Defective Product,2563.47
1491,77800,2025-01-21,Other,574.93
1492,48883,2025-08-03,Damaged in Transit,628.17
1493,29315,2024-09-02,Not as Described,375.38
1494,7432,2025-03-24,Defective Product,1648.29
1495,74381,2024-03-13,Damaged in Transit,479.58
1496,53496,2025-07-31,Changed Mind,548.24
1497,47903,2025-08-27,Not as Described,57.36
1498,11315,2024-05-07,Changed Mind,576.11
1499,85210,2024-12-12,Wrong Item Shipped,535.07
1500,30533,2023-09-15,Other,2978.21
1501,43904,2024-07-16,Other,1945.91
1502,59584,2025-08-13,Other,1409.54
1503,63886,2024-04-28,Damaged in Transit,3017.6
1504,24260,2025-02-19,Wrong Item Shipped,579.31
1505,95938,2025-04-19,Not as Described,289.7
1506,55655,2024-06-06,Changed Mind,102.65
1507,90852,2025-02-09,Defective Product,332.49
1508,34118,2025-07-31,Changed Mind,135.68
1509,43711,2025-04-09,Defective Product,96.34
1510,68328,2024-12-10,Damaged in Transit,179.46
1511,38996,2024-04-14,Damaged in Transit,1530.11
1512,44865,2025-04-17,Defective Product,2061.48
1513,49167,2024-11-03,Other,377.93
1514,44833,2024-06-07,Wrong Item Shipped,110.46
1515,22657,2023-11-20,Wrong Item Shipped,1021.22
1516,61803,2023-09-23,Defective Product,574.0
1517,5965,2024-04-11,Defective Product,574.0
1518,50969,2025-06-15,Not as Described,199.71
1519,13586,2024-09-23,Other,868.59
1520,8689,2025-03-12,Damaged in Transit,341.69
1521,85229,2025-09-07,Not as Described,1228.78
1522,2738,2024-12-03,Damaged in Transit,198.93
1523,69786,2025-03-11,Damaged in Transit,914.39
1524,91457,2025-02-17,Defective Product,868.09
1525,60482,2025-03-27,Other,287.65
1526,14446,2025-03-06,Changed Mind,995.44
1527,81280,2023-11-15,Defective Product,1272.66
1528,20631,2025-07-25,Changed Mind,1125.24
1529,67603,2025-03-09,Changed Mind,3073.32
1530,28968,2025-09-24,Other,265.31
1531,70830,2025-02-28,Not as Described,1203.42
1532,101744,2025-06-22,Wrong Item Shipped,804.81
1533,75778,2024-07-27,Changed Mind,2359.55
1534,47107,2025-06-19,Not as Described,3292.49
1535,88722,2024-02-21,Other,322.22
1536,55960,2024-08-23,Not as Described,2432.81
1537,40426,2024-06-04,Defective Product,59.91
1538,4443,2023-12-10,Wrong Item Shipped,318.8
1539,48897,2024-11-14,Wrong Item Shipped,1204.11
1540,61320,2025-11-07,Damaged in Transit,32.61
1541,64250,2025-10-22,Wrong Item Shipped,504.13
1542,53824,2025-03-25,Defective Product,512.57
1543,54464,2024-09-08,Not as Described,506.98
1544,78391,2025-12-17,Damaged in Transit,316.01
1545,35186,2025-04-27,Other,3636.58
1546,84161,2025-01-28,Not as Described,123.76
1547,62142,2025-08-02,Not as Described,290.61
1548,47075,2025-01-12,Wrong Item Shipped,2070.53
1549,3419,2024-09-29,Wrong Item Shipped,437.81
1550,84450,2025-01-08,Changed Mind,1041.62
1551,37371,2024-08-10,Other,237.48
1552,66262,2025-05-29,Other,124.66
1553,73280,2025-05-10,Changed Mind,4491.29
1554,94883,2025-03-11,Other,661.06
1555,27918,2025-01-08,Other,304.7
1556,67644,2025-08-03,Defective Product,182.37
1557,88123,2025-02-22,Defective Product,200.12
1558,76851,2025-04-30,Changed Mind,416.09
1559,66417,2024-03-28,Not as Described,3291.22
1560,91801,2023-10-12,Wrong Item Shipped,1297.77
1561,68585,2025-09-06,Other,2154.93
1562,93934,2025-07-31,Changed Mind,1162.51
1563,39164,2024-01-30,Other,2107.92
1564,23932,2024-08-27,Damaged in Transit,293.34
1565,76643,2025-05-03,Defective Product,432.24
1566,94488,2023-11-17,Wrong Item Shipped,950.84
1567,49381,2023-12-15,Not as Described,361.56
1568,101854,2023-09-03,Wrong Item Shipped,262.11
1569,99296,2024-09-26,Wrong Item Shipped,3255.93
1570,49472,2024-11-19,Wrong Item Shipped,501.55
1571,67070,2023-10-08,Other,524.03
1572,14608,2025-10-07,Changed Mind,177.26
1573,71813,2025-07-09,Defective Product,2765.9
1574,23243,2024-09-11,Not as Described,664.64
1575,33518,2025-09-10,Damaged in Transit,123.75
1576,63879,2024-10-28,Changed Mind,1266.78
1577,57976,2024-09-20,Other,1372.96
1578,99414,2024-10-15,Changed Mind,3048.95
1579,68436,2025-06-21,Defective Product,215.26
1580,21714,2024-12-24,Defective Product,675.6
1581,76630,2025-05-26,Damaged in Transit,1181.82
1582,29695,2024-05-15,Defective Product,634.62
1583,40641,2024-12-29,Changed Mind,592.2
1584,61883,2024-03-17,Damaged in Transit,609.76
1585,74655,2025-10-19,Not as Described,285.85
1586,26558,2025-10-29,Changed Mind,223.97
1587,37608,2025-04-15,Damaged in Transit,31.17
1588,12108,2025-04-04,Not as Described,3457.9
1589,88750,2023-03-29,Not as Described,1156.45
1590,7638,2024-11-27,Wrong Item Shipped,214.54
1591,44583,2025-08-18,Defective Product,554.29
1592,38941,2024-10-29,Other,729.81
1593,79056,2025-06-01,Other,852.09
1594,97068,2025-06-09,Other,431.73
1595,74054,2025-02-18,Changed Mind,20.23
1596,99279,2025-08-03,Changed Mind,114.01
1597,66893,2023-03-15,Changed Mind,264.21
1598,40167,2025-07-11,Changed Mind,1954.11
1599,81753,2025-12-16,Wrong Item Shipped,89.62
1600,1591,2023-04-09,Wrong Item Shipped,1021.01
1601,69171,2025-10-05,Damaged in Transit,568.42
1602,59803,2025-10-12,Damaged in Transit,442.15
1603,9170,2025-10-14,Damaged in Transit,336.21
1604,67333,2023-09-06,Wrong Item Shipped,1670.61
1605,43513,2023-11-28,Other,454.67
1606,78526,2024-03-07,Other,1613.75
1607,38622,2025-07-29,Wrong Item Shipped,440.3
1608,44795,2025-09-08,Damaged in Transit,72.61
1609,95564,2025-12-28,Defective Product,228.56
1610,71370,2024-04-20,Wrong Item Shipped,517.6
1611,79302,2025-09-19,Defective Product,319.0
1612,7477,2025-03-05,Wrong Item Shipped,523.85
1613,2693,2023-09-30,Changed Mind,2147.33
1614,79565,2025-09-20,Defective Product,540.38
1615,92373,2025-05-28,Damaged in Transit,403.83
1616,59175,2024-09-23,Other,2646.18
1617,36953,2025-02-28,Defective Product,358.22
1618,48512,2024-02-13,Other,2154.05
1619,74880,2025-03-29,Changed Mind,843.28
1620,4553,2025-01-31,Other,647.75
1621,70397,2023-11-30,Other,140.13
1622,71943,2024-08-26,Changed Mind,221.86
1623,98881,2025-06-09,Damaged in Transit,1156.94
1624,84791,2023-12-21,Wrong Item Shipped,113.04
1625,45699,2025-05-30,Defective Product,515.38
1626,60990,2023-10-17,Wrong Item Shipped,947.19
1627,66818,2023-06-24,Defective Product,156.59
1628,32813,2024-07-09,Not as Described,884.68
1629,65724,2025-03-27,Other,39.8
1630,93374,2025-10-02,Damaged in Transit,1598.44
1631,34043,2024-01-30,Defective Product,736.02
1632,101756,2025-07-09,Defective Product,979.84
1633,67733,2025-07-10,Not as Described,428.87
1634,80727,2025-07-08,Wrong Item Shipped,46.29
1635,32409,2023-09-08,Wrong Item Shipped,2041.54
1636,15175,2024-02-11,Defective Product,405.78
1637,24717,2025-02-28,Not as Described,349.11
1638,23427,2023-04-05,Not as Described,708.54
1639,45148,2023-09-21,Changed Mind,4962.61
1640,3666,2024-10-09,Damaged in Transit,1720.17
1641,44738,2025-05-23,Not as Described,339.19
1642,40,2024-09-27,Other,2437.96
1643,22095,2024-12-12,Not as Described,667.91
1644,41732,2025-02-27,Other,1342.03
1645,30613,2024-09-11,Damaged in Transit,601.31
1646,34708,2024-08-30,Wrong Item Shipped,1377.94
1647,70671,2025-07-31,Wrong Item Shipped,2217.4
1648,93889,2024-09-08,Wrong Item Shipped,220.49
1649,23447,2024-03-31,Changed Mind,1181.69
1650,45420,2025-03-30,Other,360.07
1651,3233,2025-10-01,Defective Product,120.7
1652,93026,2025-09-26,Not as Described,301.12
1653,41983,2025-03-01,Not as Described,514.11
1654,4023,2025-11-13,Wrong Item Shipped,1141.56
1655,29842,2025-03-17,Wrong Item Shipped,741.5
1656,11803,2024-12-11,Defective Product,770.26
1657,46233,2025-04-05,Changed Mind,856.65
1658,73317,2025-11-15,Changed Mind,681.21
1659,54112,2025-04-07,Damaged in Transit,222.69
1660,16262,2025-07-07,Changed Mind,33.4
1661,34943,2025-07-03,Not as Described,256.56
1662,20396,2024-08-06,Not as Described,2120.68
1663,52393,2025-02-07,Other,2381.48
1664,25179,2024-02-15,Changed Mind,1571.51
1665,92132,2025-04-26,Other,133.65
1666,12118,2025-10-30,Defective Product,3007.99
1667,61186,2025-11-06,Wrong Item Shipped,70.35
1668,66020,2023-12-27,Not as Described,1086.54
1669,97796,2025-04-28,Other,3058.73
1670,55921,2023-04-16,Damaged in Transit,660.27
1671,80532,2024-05-25,Defective Product,549.92
1672,26316,2024-05-14,Changed Mind,537.32
1673,33164,2025-09-04,Wrong Item Shipped,332.24
1674,253,2023-03-26,Wrong Item Shipped,4067.32
1675,49271,2025-03-31,Damaged in Transit,1367.37
1676,61900,2024-03-03,Defective Product,187.64
1677,19500,2025-01-07,Defective Product,300.24
1678,87052,2025-05-30,Damaged in Transit,410.85
1679,93020,2025-07-25,Wrong Item Shipped,125.46
1680,79688,2023-11-18,Damaged in Transit,986.8
1681,79558,2024-12-23,Other,348.68
1682,94656,2024-11-12,Changed Mind,317.47
1683,83490,2023-10-02,Other,658.69
1684,59210,2024-10-12,Damaged in Transit,45.79
1685,31060,2025-07-24,Not as Described,2525.7
1686,2548,2025-07-13,Defective Product,3198.81
1687,87344,2024-05-12,Damaged in Transit,1364.73
1688,27179,2025-02-20,Defective Product,906.37
1689,41967,2024-05-28,Wrong Item Shipped,388.29
1690,31372,2023-11-20,Other,204.99
1691,72102,2024-07-24,Wrong Item Shipped,69.81
1692,14244,2025-09-03,Other,87.49
1693,67932,2025-06-05,Defective Product,910.15
1694,94365,2023-12-11,Damaged in Transit,484.98
1695,8066,2024-02-21,Changed Mind,1816.88
1696,40479,2024-04-27,Damaged in Transit,670.9
1697,49278,2025-02-22,Changed Mind,183.2
1698,12891,2025-08-17,Defective Product,136.42
1699,28239,2025-02-19,Not as Described,96.92
1700,92862,2025-07-19,Changed Mind,1859.26
1701,60879,2024-08-27,Damaged in Transit,1439.98
1702,45407,2025-10-28,Not as Described,1153.74
1703,19542,2025-11-22,Changed Mind,481.36
1704,878,2023-10-09,Defective Product,1317.06
1705,45544,2023-07-01,Other,2461.56
1706,39455,2024-05-04,Damaged in Transit,227.12
1707,41517,2023-09-04,Wrong Item Shipped,1456.36
1708,33198,2024-05-03,Damaged in Transit,669.5
1709,42719,2025-03-11,Not as Described,198.0
1710,1672,2025-08-12,Defective Product,629.59
1711,14857,2025-02-13,Not as Described,4194.17
1712,78528,2025-04-10,Not as Described,225.9
1713,72626,2024-02-27,Damaged in Transit,1084.85
1714,92000,2025-11-15,Not as Described,79.74
1715,45182,2025-02-13,Changed Mind,2881.66
1716,66742,2024-11-29,Defective Product,220.88
1717,58808,2024-10-15,Not as Described,427.59
1718,66385,2024-10-21,Defective Product,180.36
1719,3952,2024-06-07,Wrong Item Shipped,159.91
1720,91879,2025-04-01,Other,1057.72
1721,80761,2024-06-25,Not as Described,1046.12
1722,1972,2025-10-15,Not as Described,515.41
1723,44767,2024-01-03,Wrong Item Shipped,930.56
1724,56598,2023-10-06,Damaged in Transit,102.17
1725,12024,2025-05-29,Wrong Item Shipped,543.47
1726,61838,2025-08-11,Defective Product,367.17
1727,14344,2024-08-19,Defective Product,447.54
1728,94314,2025-08-28,Changed Mind,328.53
1729,75952,2024-07-29,Other,2339.57
1730,64566,2023-08-02,Wrong Item Shipped,336.46
1731,90694,2025-09-22,Changed Mind,361.36
1732,53289,2024-08-06,Changed Mind,450.6
1733,53942,2024-10-03,Other,1131.2
1734,60434,2024-07-07,Not as Described,461.24
1735,731,2025-04-05,Other,3079.36
1736,43672,2025-10-30,Other,479.16
1737,100889,2025-03-15,Changed Mind,773.28
1738,50064,2024-02-09,Defective Product,2889.46
1739,11606,2024-02-08,Wrong Item Shipped,686.17
1740,1480,2023-11-13,Defective Product,1255.57
1741,59485,2024-06-12,Not as Described,1061.38
1742,51070,2023-12-12,Damaged in Transit,350.15
1743,87646,2025-01-30,Damaged in Transit,1165.82
1744,53762,2023-07-28,Not as Described,176.28
1745,86419,2025-04-11,Other,680.55
1746,20432,2024-08-06,Other,547.99
1747,82931,2024-12-11,Damaged in Transit,457.37
1748,35967,2024-06-11,Not as Described,343.9
1749,92115,2024-12-13,Wrong Item Shipped,69.08
1750,415,2025-06-07,Other,1782.74
1751,56409,2025-01-09,Defective Product,2676.4
1752,80801,2023-10-14,Other,487.69
1753,66477,2025-02-14,Defective Product,655.25
1754,93796,2025-08-21,Wrong Item Shipped,503.45
1755,34122,2024-12-05,Other,618.24
1756,55888,2025-11-10,Defective Product,650.71
1757,19634,2023-07-31,Not as Described,576.25
1758,6914,2025-03-06,Changed Mind,2432.46
1759,90870,2023-09-08,Not as Described,444.92
1760,6107,2024-10-17,Other,868.58
1761,61255,2024-12-20,Damaged in Transit,628.81
1762,32135,2025-09-20,Defective Product,660.45
1763,21868,2024-03-15,Damaged in Transit,2566.2
1764,54907,2024-10-21,Not as Described,265.98
1765,45467,2024-10-31,Damaged in Transit,706.03
1766,75255,2025-07-27,Other,555.87
1767,45909,2024-10-14,Not as Described,820.32
1768,9543,2024-08-12,Wrong Item Shipped,648.66
1769,47984,2025-09-04,Wrong Item Shipped,123.8
1770,91683,2025-07-23,Not as Described,300.61
1771,75546,2023-05-08,Other,1982.38
1772,34011,2024-05-08,Wrong Item Shipped,488.18
1773,5493,2025-12-21,Changed Mind,179.39
1774,82555,2024-07-31,Damaged in Transit,449.55
1775,84768,2024-07-19,Other,1299.28
1776,61047,2024-08-29,Defective Product,565.14
1777,14751,2024-08-16,Other,1453.13
1778,96487,2023-10-10,Changed Mind,405.44
1779,90388,2025-02-23,Defective Product,1222.66
1780,14127,2025-05-25,Changed Mind,307.56
1781,64825,2025-11-28,Wrong Item Shipped,532.38
1782,90872,2023-08-21,Changed Mind,402.18
1783,22503,2024-02-29,Damaged in Transit,434.66
1784,20496,2025-04-25,Defective Product,930.96
1785,42370,2025-03-23,Not as Described,262.44
1786,60671,2025-09-27,Wrong Item Shipped,351.39
1787,74773,2025-03-08,Defective Product,288.8
1788,92057,2025-12-02,Damaged in Transit,4213.97
1789,65896,2025-05-25,Changed Mind,505.46
1790,65024,2024-05-30,Not as Described,572.38
1791,46054,2025-01-16,Changed Mind,2348.32
1792,56350,2025-09-11,Wrong Item Shipped,2926.17
1793,53836,2024-11-08,Damaged in Transit,5673.2
1794,56731,2025-09-11,Other,168.12
1795,5396,2023-08-16,Damaged in Transit,1690.26
1796,72831,2023-11-24,Damaged in Transit,481.45
1797,65657,2024-03-28,Wrong Item Shipped,1146.32
1798,51523,2025-10-14,Other,493.38
1799,57628,2025-05-04,Changed Mind,181.74
1800,83300,2024-05-11,Changed Mind,606.56
1801,77515,2023-12-29,Wrong Item Shipped,274.96
1802,44719,2025-01-30,Other,152.28
1803,22908,2024-12-06,Changed Mind,405.99
1804,80828,2024-11-02,Changed Mind,586.07
1805,1405,2023-08-16,Defective Product,2435.76
1806,54553,2024-05-07,Other,206.82
1807,34204,2025-04-21,Defective Product,68.67
1808,85598,2023-08-29,Not as Described,193.57
1809,49555,2025-06-28,Changed Mind,300.24
1810,21565,2025-07-02,Defective Product,707.04
1811,60824,2025-03-08,Changed Mind,245.41
1812,98146,2024-01-09,Damaged in Transit,1593.58
1813,6973,2024-10-25,Damaged in Transit,34.0
1814,20693,2024-09-18,Damaged in Transit,326.3
1815,9312,2023-12-02,Damaged in Transit,523.9
1816,92337,2024-08-29,Wrong Item Shipped,1471.81
1817,13535,2025-03-01,Other,697.1
1818,94623,2025-09-15,Wrong Item Shipped,806.43
1819,46828,2023-08-03,Damaged in Transit,1266.33
1820,11233,2024-03-19,Not as Described,163.23
1821,39946,2024-11-22,Changed Mind,1935.42
1822,94773,2025-05-09,Changed Mind,2536.32
1823,44539,2025-09-03,Defective Product,872.09
1824,68368,2024-03-27,Damaged in Transit,834.25
1825,70567,2024-12-20,Damaged in Transit,1212.36
1826,86628,2025-04-29,Damaged in Transit,2303.82
1827,73273,2023-09-04,Other,1214.52
1828,64728,2025-09-10,Changed Mind,101.68
1829,6576,2025-06-04,Other,35.52
1830,97725,2025-06-09,Other,869.04
1831,94349,2023-08-09,Other,615.41
1832,41047,2025-06-01,Defective Product,4593.19
1833,65140,2024-10-19,Not as Described,428.97
1834,40338,2025-09-23,Wrong Item Shipped,559.05
1835,55582,2024-06-10,Damaged in Transit,265.72
1836,5008,2025-01-24,Wrong Item Shipped,15.78
1837,54060,2024-06-02,Defective Product,681.05
1838,59644,2025-04-02,Changed Mind,118.26
1839,88324,2023-06-15,Other,532.4
1840,11543,2025-02-27,Changed Mind,251.13
1841,31463,2025-06-29,Damaged in Transit,354.65
1842,74407,2024-07-04,Damaged in Transit,365.87
1843,41621,2024-08-04,Not as Described,392.85
1844,29333,2024-10-09,Changed Mind,387.12
1845,64678,2024-11-28,Changed Mind,262.97
1846,13826,2025-09-03,Defective Product,888.93
1847,59095,2024-10-18,Wrong Item Shipped,1270.37
1848,69182,2024-11-22,Defective Product,655.3
1849,58565,2024-08-07,Not as Described,689.13
1850,19324,2023-06-15,Other,473.24
1851,40250,2024-05-29,Changed Mind,451.57
1852,65534,2025-07-20,Other,846.88
1853,57047,2025-08-25,Not as Described,1294.25
1854,56234,2024-04-26,Defective Product,220.01
1855,101234,2024-02-20,Changed Mind,534.51
1856,70009,2023-05-11,Wrong Item Shipped,406.57
1857,81986,2024-03-02,Damaged in Transit,853.53
1858,53211,2025-07-31,Changed Mind,113.04
1859,9662,2025-04-15,Not as Described,536.95
1860,82000,2024-10-14,Not as Described,835.36
1861,26001,2024-09-23,Other,1956.63
1862,99226,2024-03-12,Not as Described,1651.31
1863,20812,2024-04-27,Defective Product,643.22
1864,63565,2025-06-21,Other,1803.58
1865,1039,2025-06-19,Damaged in Transit,135.62
1866,65660,2024-10-31,Defective Product,560.18
1867,94071,2025-06-17,Wrong Item Shipped,239.9
1868,6554,2024-07-16,Wrong Item Shipped,255.81
1869,90883,2024-11-21,Other,524.08
1870,4238,2025-06-23,Not as Described,623.12
1871,47359,2024-06-07,Not as Described,822.27
1872,51571,2024-01-22,Changed Mind,351.04
1873,43359,2024-08-31,Not as Described,475.52
1874,81091,2025-05-20,Defective Product,1824.26
1875,83525,2025-06-21,Changed Mind,1970.26
1876,91186,2024-12-30,Not as Described,1035.24
1877,76937,2024-06-07,Damaged in Transit,1123.88
1878,28416,2024-01-22,Changed Mind,632.77
1879,35548,2024-12-26,Changed Mind,830.81
1880,94804,2023-03-19,Not as Described,1574.86
1881,92539,2024-09-11,Defective Product,121.73
1882,59544,2023-10-07,Defective Product,3641.7
1883,40232,2025-07-22,Damaged in Transit,631.65
1884,73303,2025-02-04,Damaged in Transit,20.15
1885,60372,2025-07-15,Wrong Item Shipped,1284.19
1886,7504,2024-04-03,Other,4725.5
1887,83902,2025-09-10,Defective Product,622.16
1888,86587,2025-01-29,Wrong Item Shipped,1129.39
1889,93383,2024-07-22,Wrong Item Shipped,71.02
1890,13596,2025-09-18,Defective Product,1978.82
1891,15546,2024-11-18,Changed Mind,196.8
1892,43798,2023-08-02,Defective Product,340.54
1893,63738,2025-06-10,Changed Mind,636.34
1894,98180,2024-11-14,Changed Mind,221.55
1895,36025,2024-05-20,Changed Mind,790.72
1896,47030,2024-07-27,Damaged in Transit,670.42
1897,12111,2023-10-17,Wrong Item Shipped,922.65
1898,57055,2024-12-22,Wrong Item Shipped,1051.9
1899,38482,2024-05-04,Changed Mind,245.16
1900,98084,2025-01-16,Damaged in Transit,152.41
1901,4994,2024-05-10,Other,259.52
1902,32506,2023-12-30,Not as Described,190.88
1903,67174,2024-11-26,Not as Described,818.42
1904,83823,2025-10-16,Other,2762.51
1905,10741,2024-02-19,Wrong Item Shipped,60.69
1906,2248,2025-06-17,Changed Mind,306.34
1907,33608,2024-03-02,Defective Product,299.95
1908,29626,2025-06-14,Defective Product,267.62
1909,56226,2025-05-04,Damaged in Transit,3724.1
1910,5779,2025-07-13,Changed Mind,69.69
1911,95743,2025-03-21,Wrong Item Shipped,318.42
1912,77179,2025-07-27,Wrong Item Shipped,656.23
1913,52218,2024-05-09,Wrong Item Shipped,558.15
1914,66849,2025-05-19,Damaged in Transit,110.22
1915,33235,2024-01-06,Changed Mind,968.62
1916,11623,2024-07-19,Other,402.99
1917,93250,2024-03-13,Not as Described,732.62
1918,92748,2024-06-30,Not as Described,910.28
1919,27760,2023-09-30,Damaged in Transit,828.26
1920,102000,2024-07-29,Defective Product,288.36
1921,17133,2025-04-28,Other,440.83
1922,75914,2025-06-26,Wrong Item Shipped,93.54
1923,70942,2024-02-26,Not as Described,467.92
1924,92304,2025-09-29,Wrong Item Shipped,536.7
1925,80528,2025-05-21,Damaged in Transit,412.09
1926,65186,2025-10-29,Damaged in Transit,281.39
1927,61306,2024-08-28,Wrong Item Shipped,301.4
1928,61063,2025-07-25,Damaged in Transit,603.77
1929,50381,2024-01-15,Wrong Item Shipped,167.97
1930,84190,2024-02-03,Not as Described,193.05
1931,35920,2025-08-26,Wrong Item Shipped,744.34
1932,22083,2025-03-03,Changed Mind,429.44
1933,75963,2023-11-29,Not as Described,480.54
1934,22765,2025-09-25,Not as Described,2517.15
1935,46368,2023-12-07,Wrong Item Shipped,975.02
1936,3062,2024-07-15,Not as Described,881.3
1937,95946,2025-01-02,Wrong Item Shipped,2140.19
1938,2958,2025-07-24,Wrong Item Shipped,387.28
1939,79344,2023-08-20,Wrong Item Shipped,60.75
1940,61806,2024-11-22,Wrong Item Shipped,186.81
1941,51568,2025-02-11,Damaged in Transit,841.32
1942,73140,2023-10-23,Other,378.38
1943,61914,2025-01-21,Wrong Item Shipped,925.57
1944,33424,2025-10-30,Wrong Item Shipped,117.54
1945,86415,2025-04-03,Changed Mind,566.39
1946,57426,2024-08-06,Damaged in Transit,538.8
1947,30182,2025-10-12,Damaged in Transit,1383.97
1948,66040,2024-01-03,Defective Product,115.8
1949,12355,2023-10-21,Other,185.52
1950,41148,2024-04-04,Defective Product,654.2
1951,36141,2025-04-29,Changed Mind,133.56
1952,78758,2024-10-15,Damaged in Transit,26.55
1953,65761,2025-10-31,Other,216.63
1954,4113,2025-10-12,Damaged in Transit,541.4
1955,79991,2025-03-08,Other,2229.34
1956,70662,2025-01-13,Other,1914.74
1957,92965,2025-10-27,Other,824.07
1958,9978,2024-09-02,Changed Mind,2159.3
1959,35615,2025-07-02,Wrong Item Shipped,1979.88
1960,67222,2025-05-01,Wrong Item Shipped,1490.59
1961,65760,2024-04-05,Changed Mind,81.69
1962,58732,2025-03-05,Wrong Item Shipped,1479.16
1963,70918,2025-01-25,Changed Mind,910.29
1964,17251,2025-05-30,Wrong Item Shipped,575.39
1965,91074,2024-09-30,Other,2394.89
1966,27830,2023-12-30,Changed Mind,273.9
1967,95730,2024-07-16,Changed Mind,1579.2
1968,30104,2025-08-27,Wrong Item Shipped,1131.07
1969,16053,2025-05-04,Damaged in Transit,1970.88
1970,8134,2023-06-30,Other,264.16
1971,37043,2023-08-20,Changed Mind,1018.82
1972,27295,2024-10-01,Other,1985.8
1973,15564,2025-02-08,Changed Mind,288.93
1974,42296,2025-12-27,Wrong Item Shipped,394.11
1975,15779,2024-07-01,Changed Mind,6644.56
1976,42540,2025-05-15,Wrong Item Shipped,1287.0
1977,16261,2024-05-15,Not as Described,1842.54
1978,38528,2025-09-16,Changed Mind,1214.04
1979,14102,2025-09-02,Damaged in Transit,598.56
1980,26059,2025-03-23,Defective Product,762.77
1981,30453,2025-08-12,Defective Product,1372.96
1982,62577,2025-09-19,Other,294.04
1983,63116,2025-03-24,Defective Product,174.98
1984,5783,2025-12-07,Wrong Item Shipped,54.55
1985,18011,2024-12-14,Not as Described,49.34
1986,57492,2024-11-09,Changed Mind,548.18
1987,23473,2024-10-08,Defective Product,193.91
1988,86868,2025-06-28,Not as Described,1299.66
1989,26906,2024-08-13,Not as Described,137.91
1990,26994,2023-08-08,Damaged in Transit,1390.38
1991,64659,2024-07-06,Changed Mind,345.46
1992,89063,2025-10-17,Other,4144.94
1993,6588,2025-10-20,Wrong Item Shipped,467.09
1994,42350,2024-06-09,Damaged in Transit,344.45
1995,26853,2025-04-21,Other,533.14
1996,59625,2025-06-06,Other,309.83
1997,33221,2024-10-10,Other,360.88
1998,72724,2024-03-24,Changed Mind,255.44
1999,57389,2024-12-29,Defective Product,491.3
2000,63039,2023-11-20,Defective Product,350.16
2001,31633,2025-03-14,Wrong Item Shipped,908.0
2002,56667,2024-06-28,Not as Described,753.98
2003,11851,2025-07-30,Changed Mind,298.73
2004,92676,2025-01-17,Defective Product,410.6
2005,26266,2024-07-28,Defective Product,523.31
2006,5684,2023-09-21,Changed Mind,985.77
2007,21929,2024-11-28,Not as Described,310.01
2008,75889,2025-01-04,Wrong Item Shipped,1059.37
2009,17339,2024-02-17,Other,104.75
2010,82388,2025-02-10,Damaged in Transit,372.42
2011,6514,2023-04-25,Changed Mind,652.67
2012,64909,2025-02-27,Wrong Item Shipped,244.07
2013,70796,2025-05-16,Changed Mind,248.52
2014,95955,2024-06-23,Other,6244.15
2015,93747,2025-08-22,Wrong Item Shipped,444.63
2016,64585,2025-05-30,Defective Product,490.18
2017,36480,2024-12-08,Not as Described,178.07
2018,30207,2025-03-28,Changed Mind,389.44
2019,13393,2025-06-07,Wrong Item Shipped,88.57
2020,23883,2023-06-01,Wrong Item Shipped,1183.27
2021,44898,2024-09-22,Damaged in Transit,725.99
2022,40743,2025-08-15,Other,122.97
2023,91836,2024-10-27,Wrong Item Shipped,689.23
2024,68890,2024-07-28,Damaged in Transit,393.56
2025,51567,2025-07-02,Wrong Item Shipped,341.86
2026,71491,2024-09-26,Damaged in Transit,61.76
2027,85295,2025-10-14,Changed Mind,641.36
2028,78674,2023-06-24,Wrong Item Shipped,676.07
2029,1909,2024-10-03,Changed Mind,1405.56
2030,28681,2024-12-05,Changed Mind,754.52
2031,52209,2023-06-19,Damaged in Transit,614.71
2032,52428,2024-07-02,Other,471.87
2033,93009,2025-05-29,Changed Mind,721.24
2034,48314,2025-04-29,Defective Product,2021.76
2035,62830,2024-03-31,Damaged in Transit,580.23
2036,7659,2024-04-01,Not as Described,17.91
2037,85795,2024-10-10,Other,2821.0
2038,84386,2024-07-08,Not as Described,459.26
2039,3787,2025-05-09,Defective Product,936.75
2040,88705,2024-11-03,Defective Product,510.11
2041,56585,2025-10-05,Wrong Item Shipped,376.37
2042,30423,2023-11-12,Defective Product,1297.63
2043,5324,2025-03-28,Other,1263.73
2044,86022,2024-09-29,Changed Mind,766.94
2045,35577,2024-04-23,Wrong Item Shipped,1169.46
2046,50660,2024-07-10,Other,712.06
2047,27241,2024-09-17,Not as Described,34.47
2048,10563,2024-08-31,Changed Mind,2507.99
2049,17224,2024-02-05,Defective Product,1662.7
2050,75981,2025-09-06,Wrong Item Shipped,311.7
2051,72572,2024-09-14,Changed Mind,505.38
2052,61451,2025-09-01,Other,378.82
2053,49220,2024-04-22,Wrong Item Shipped,835.76
2054,67098,2024-05-08,Other,556.04
2055,36668,2024-12-27,Defective Product,1841.78
2056,17112,2025-04-10,Not as Described,609.81
2057,77328,2024-09-02,Changed Mind,1409.79
2058,92778,2025-04-09,Defective Product,441.11
2059,22917,2024-10-30,Damaged in Transit,673.26
2060,60003,2025-06-14,Changed Mind,5312.91
2061,52897,2025-10-30,Other,449.75
2062,18141,2025-11-10,Damaged in Transit,188.5
2063,26996,2024-02-21,Damaged in Transit,131.86
2064,11513,2024-03-06,Not as Described,504.49
2065,41582,2024-08-13,Changed Mind,1444.77
2066,21841,2025-05-18,Not as Described,535.29
2067,4943,2023-06-19,Defective Product,611.69
2068,52709,2025-07-17,Damaged in Transit,14.77
2069,94072,2024-04-16,Damaged in Transit,1139.2
2070,65571,2024-12-21,Changed Mind,740.2
2071,37900,2024-05-04,Changed Mind,517.13
2072,15222,2024-07-23,Defective Product,1335.98
2073,12729,2024-07-09,Wrong Item Shipped,477.97
2074,34753,2025-09-02,Other,1376.86
2075,71541,2025-08-30,Other,956.31
2076,31170,2025-10-15,Other,141.69
2077,18114,2023-08-28,Other,1002.09
2078,72751,2025-01-10,Changed Mind,554.2
2079,40869,2023-10-14,Other,549.07
2080,56103,2025-07-17,Not as Described,3198.55
2081,1679,2023-12-26,Not as Described,1351.01
2082,76394,2025-01-29,Defective Product,634.66
2083,23062,2024-12-15,Wrong Item Shipped,874.42
2084,30363,2024-12-04,Defective Product,1419.97
2085,95541,2025-05-03,Other,2088.99
2086,7631,2023-07-28,Other,2201.78
2087,2968,2025-10-12,Defective Product,2934.77
2088,79831,2025-03-21,Defective Product,1991.1
2089,94102,2025-10-27,Changed Mind,82.51
2090,12962,2025-03-24,Not as Described,147.31
2091,87154,2024-01-13,Other,334.91
2092,20178,2025-06-19,Defective Product,222.47
2093,80095,2023-10-19,Changed Mind,941.34
2094,48097,2025-03-27,Changed Mind,1056.86
2095,63407,2024-06-21,Damaged in Transit,1607.08
2096,26816,2024-12-29,Defective Product,672.23
2097,54113,2025-10-20,Wrong Item Shipped,707.07
2098,87976,2023-08-17,Changed Mind,1868.64
2099,78852,2024-02-12,Changed Mind,643.04
2100,35251,2025-02-02,Wrong Item Shipped,2020.25
2101,79507,2024-01-20,Changed Mind,398.2
2102,79852,2024-12-17,Not as Described,801.93
2103,39667,2024-02-03,Defective Product,2911.04
2104,58474,2025-11-21,Wrong Item Shipped,4309.98
2105,30763,2023-03-25,Damaged in Transit,923.4
2106,20168,2024-06-17,Damaged in Transit,2579.15
2107,51451,2024-10-24,Other,1371.42
2108,25702,2024-04-21,Damaged in Transit,1953.35
2109,19338,2024-12-28,Damaged in Transit,864.81
2110,16756,2023-10-23,Not as Described,612.41
2111,17057,2024-05-11,Damaged in Transit,1535.81
2112,33470,2024-06-25,Defective Product,919.59
2113,43752,2025-01-23,Other,573.62
2114,23214,2025-05-29,Not as Described,271.85
2115,39875,2025-07-14,Defective Product,47.2
2116,10153,2023-12-28,Defective Product,1625.22
2117,83644,2024-12-20,Changed Mind,317.94
2118,18462,2024-06-22,Changed Mind,2468.62
2119,49927,2025-04-19,Other,471.68
2120,62444,2025-02-05,Defective Product,22.66
2121,13900,2023-12-11,Changed Mind,403.01
2122,44603,2025-08-13,Damaged in Transit,460.29
2123,10256,2025-06-24,Other,105.81
2124,32123,2025-09-29,Changed Mind,728.84
2125,37199,2023-09-21,Changed Mind,547.35
2126,44129,2025-04-21,Not as Described,517.94
2127,77096,2024-11-17,Other,175.36
2128,52431,2024-04-16,Damaged in Transit,2952.36
2129,99804,2024-07-28,Wrong Item Shipped,3377.67
2130,95767,2025-05-29,Wrong Item Shipped,313.58
2131,40116,2025-03-18,Not as Described,598.13
2132,59730,2025-06-12,Damaged in Transit,255.0
2133,61473,2023-06-05,Damaged in Transit,143.93
2134,17208,2025-04-09,Defective Product,2996.77
2135,100261,2023-10-13,Not as Described,433.26
2136,94650,2025-07-01,Not as Described,80.1
2137,41353,2025-06-14,Not as Described,695.15
2138,57919,2025-10-05,Damaged in Transit,287.29
2139,7141,2024-04-21,Other,3989.17
2140,40966,2024-09-27,Wrong Item Shipped,463.02
2141,42714,2025-04-24,Damaged in Transit,145.96
2142,46351,2025-01-26,Changed Mind,478.7
2143,33307,2024-04-04,Other,21.57
2144,10730,2025-02-24,Changed Mind,130.46
2145,90847,2024-08-28,Defective Product,1413.83
2146,40081,2025-03-30,Defective Product,880.64
2147,21095,2025-05-19,Damaged in Transit,336.32
2148,41221,2023-11-05,Wrong Item Shipped,690.74
2149,28086,2024-10-16,Damaged in Transit,760.45
2150,68932,2024-10-11,Not as Described,471.91
2151,16760,2025-06-27,Wrong Item Shipped,420.38
2152,67197,2024-09-03,Changed Mind,638.51
2153,18297,2024-08-13,Damaged in Transit,1007.17
2154,62313,2025-07-07,Damaged in Transit,2252.42
2155,87692,2024-04-25,Defective Product,260.34
2156,84349,2025-04-03,Changed Mind,1538.32
2157,27056,2024-06-28,Damaged in Transit,581.65
2158,26305,2025-07-09,Other,558.08
2159,6856,2023-07-22,Other,423.67
2160,90815,2025-02-18,Not as Described,110.25
2161,10692,2024-08-07,Wrong Item Shipped,2788.54
2162,54546,2025-03-04,Not as Described,1533.74
2163,97190,2025-04-17,Other,966.36
2164,70714,2024-02-29,Damaged in Transit,578.76
2165,34055,2025-04-19,Not as Described,631.1
2166,99595,2023-07-25,Damaged in Transit,589.37
2167,50343,2025-05-18,Changed Mind,426.5
2168,17768,2025-07-09,Other,1757.4
2169,31360,2024-10-05,Damaged in Transit,337.61
2170,56519,2024-03-20,Changed Mind,1854.13
2171,26516,2025-08-10,Other,1411.74
2172,77038,2023-07-01,Defective Product,379.55
2173,28770,2025-08-13,Not as Described,532.17
2174,93691,2025-08-18,Defective Product,1088.54
2175,89175,2025-09-16,Damaged in Transit,287.51
2176,53371,2025-01-02,Not as Described,597.07
2177,51257,2025-06-11,Defective Product,1818.29
2178,72024,2023-09-18,Damaged in Transit,62.36
2179,41794,2024-09-15,Changed Mind,145.11
2180,28302,2024-05-22,Not as Described,338.95
2181,98277,2024-06-25,Changed Mind,1124.5
2182,34362,2024-06-19,Wrong Item Shipped,274.86
2183,98555,2025-09-02,Defective Product,3738.41
2184,54206,2023-12-06,Damaged in Transit,24.21
2185,48699,2024-12-17,Not as Described,250.63
2186,39150,2025-03-15,Defective Product,602.6
2187,18316,2023-10-14,Defective Product,2554.08
2188,15497,2024-02-25,Changed Mind,248.83
2189,51445,2023-03-19,Other,297.92
2190,45398,2023-06-09,Damaged in Transit,1082.58
2191,39666,2025-03-31,Other,987.37
2192,73948,2023-03-30,Other,26.02
2193,86205,2025-03-04,Wrong Item Shipped,1939.54
2194,81919,2025-04-08,Not as Described,894.55
2195,51196,2025-11-23,Wrong Item Shipped,1638.87
2196,30427,2024-05-30,Other,503.31
2197,11282,2025-02-04,Defective Product,767.96
2198,55604,2024-01-25,Damaged in Transit,432.05
2199,71898,2025-09-08,Defective Product,108.81
2200,87663,2024-09-22,Wrong Item Shipped,133.47
2201,57377,2025-01-08,Wrong Item Shipped,905.04
2202,1110,2025-06-22,Changed Mind,1297.81
2203,89307,2024-10-05,Damaged in Transit,134.61
2204,81816,2025-09-13,Not as Described,499.51
2205,67111,2024-12-31,Wrong Item Shipped,935.76
2206,98712,2025-02-25,Other,566.88
2207,84599,2025-11-01,Not as Described,582.75
2208,21234,2023-12-26,Changed Mind,2235.29
2209,58685,2025-05-09,Wrong Item Shipped,180.68
2210,33403,2025-10-04,Not as Described,257.88
2211,86041,2025-03-12,Wrong Item Shipped,2648.84
2212,25708,2025-07-23,Defective Product,156.59
2213,64919,2025-09-13,Other,175.81
2214,10963,2024-06-15,Not as Described,848.86
2215,47943,2025-01-02,Changed Mind,644.83
2216,52360,2024-12-25,Not as Described,1940.2
2217,64089,2024-04-18,Other,1285.33
2218,86196,2025-06-25,Wrong Item Shipped,318.51
2219,53061,2025-07-20,Defective Product,4590.03
2220,38023,2025-08-27,Defective Product,967.6
2221,42606,2024-03-15,Wrong Item Shipped,173.8
2222,2581,2025-09-24,Wrong Item Shipped,2721.4
2223,50131,2025-08-05,Not as Described,1023.08
2224,82199,2024-11-10,Defective Product,1347.25
2225,340,2025-03-28,Damaged in Transit,1129.53
2226,56310,2025-04-15,Other,655.42
2227,59890,2024-05-08,Other,480.51
2228,96295,2024-08-19,Wrong Item Shipped,41.11
2229,68857,2024-01-20,Defective Product,976.39
2230,52644,2025-03-25,Changed Mind,1487.59
2231,53750,2025-10-13,Damaged in Transit,195.13
2232,48448,2023-04-09,Defective Product,1802.92
2233,86956,2024-11-20,Changed Mind,3301.04
2234,33111,2025-07-10,Damaged in Transit,1238.31
2235,78822,2024-09-11,Wrong Item Shipped,746.5
2236,60498,2025-08-24,Damaged in Transit,1723.58
2237,45151,2024-11-07,Damaged in Transit,2177.13
2238,71976,2024-07-06,Not as Described,408.32
2239,19981,2025-10-23,Damaged in Transit,101.33
2240,18127,2024-12-13,Wrong Item Shipped,3451.11
2241,7264,2025-03-16,Wrong Item Shipped,780.35
2242,45743,2024-04-18,Defective Product,374.26
2243,45683,2024-08-07,Defective Product,625.26
2244,91487,2025-05-06,Other,186.85
2245,57383,2025-08-18,Wrong Item Shipped,449.19
2246,26441,2025-12-15,Changed Mind,18.71
2247,41457,2025-01-10,Other,1739.98
2248,3498,2023-10-12,Not as Described,2044.87
2249,58588,2025-03-28,Changed Mind,494.29
2250,50086,2025-05-20,Damaged in Transit,462.52
2251,74061,2025-08-13,Not as Described,6430.63
2252,55440,2025-02-17,Not as Described,365.88
2253,30489,2023-12-29,Defective Product,266.05
2254,47048,2025-06-20,Not as Described,132.85
2255,49885,2024-09-20,Defective Product,1107.08
2256,11491,2025-05-18,Not as Described,332.07
2257,40418,2024-04-30,Wrong Item Shipped,443.8
2258,88237,2023-10-08,Other,1602.11
2259,69295,2024-11-09,Other,1671.1
2260,71296,2025-02-10,Other,3391.48
2261,78321,2024-01-03,Changed Mind,176.99
2262,60427,2025-04-22,Damaged in Transit,347.11
2263,19452,2024-12-26,Other,340.39
2264,100981,2023-08-12,Damaged in Transit,327.54
2265,80610,2024-11-03,Other,1395.89
2266,77470,2025-10-14,Damaged in Transit,1414.22
2267,48355,2024-07-31,Damaged in Transit,102.06
2268,41012,2024-05-01,Other,778.33
2269,84908,2025-10-23,Not as Described,244.74
2270,25852,2025-03-15,Changed Mind,2084.65
2271,19091,2024-09-05,Other,445.15
2272,56719,2024-11-20,Not as Described,72.3
2273,57399,2024-05-24,Not as Described,7023.63
2274,27677,2024-06-18,Not as Described,1212.04
2275,89689,2024-08-09,Other,843.68
2276,51386,2024-04-26,Defective Product,1100.93
2277,76708,2024-09-17,Changed Mind,936.01
2278,98495,2024-08-20,Defective Product,631.67
2279,88358,2025-02-20,Defective Product,1316.54
2280,66497,2025-06-19,Defective Product,592.33
2281,31394,2023-08-28,Defective Product,376.15
2282,63988,2024-07-16,Other,2699.38
2283,15444,2025-04-03,Other,252.23
2284,48818,2024-08-02,Defective Product,538.3
2285,29135,2025-05-25,Damaged in Transit,577.46
2286,3415,2024-05-07,Wrong Item Shipped,444.68
2287,99082,2023-04-21,Changed Mind,454.43
2288,67900,2025-01-06,Changed Mind,2788.81
2289,17130,2024-05-12,Damaged in Transit,536.02
2290,96390,2024-09-05,Not as Described,261.65
2291,34600,2025-04-02,Wrong Item Shipped,195.3
2292,85675,2025-05-04,Other,3863.91
2293,58017,2024-05-09,Changed Mind,1329.65
2294,93156,2025-05-04,Not as Described,656.19
2295,53797,2024-04-16,Changed Mind,1455.83
2296,42043,2023-07-02,Defective Product,303.43
2297,7803,2025-06-26,Not as Described,364.37
2298,51782,2024-05-07,Defective Product,636.45
2299,85352,2023-12-27,Not as Described,1647.3
2300,24370,2025-06-24,Defective Product,190.89
2301,23632,2025-11-28,Defective Product,603.19
2302,45685,2025-09-22,Other,602.3
2303,18352,2025-01-08,Changed Mind,451.03
2304,52490,2024-12-02,Not as Described,1261.65
2305,12356,2023-11-14,Defective Product,255.98
2306,75189,2023-06-02,Wrong Item Shipped,3229.83
2307,82071,2024-07-12,Changed Mind,469.03
2308,43615,2025-10-12,Defective Product,3519.79
2309,42314,2024-04-29,Defective Product,1690.12
2310,18445,2024-10-30,Damaged in Transit,430.12
2311,99211,2023-03-30,Not as Described,687.5
2312,36952,2024-10-27,Changed Mind,1282.87
2313,11768,2025-05-26,Defective Product,310.21
2314,3317,2024-11-11,Changed Mind,771.21
2315,98806,2024-09-17,Other,307.04
2316,30736,2023-11-29,Defective Product,1362.96
2317,76816,2024-07-18,Changed Mind,1753.44
2318,54513,2024-05-03,Wrong Item Shipped,706.3
2319,51247,2023-08-09,Damaged in Transit,1041.07
2320,82192,2023-08-06,Damaged in Transit,330.88
2321,23413,2025-03-31,Wrong Item Shipped,1155.53
2322,66259,2024-09-25,Changed Mind,506.43
2323,81681,2024-05-16,Damaged in Transit,736.48
2324,85202,2025-01-18,Defective Product,1019.17
2325,81060,2025-04-28,Wrong Item Shipped,2126.93
2326,96233,2023-11-01,Changed Mind,269.79
2327,95945,2023-07-23,Wrong Item Shipped,1043.03
2328,3938,2024-06-22,Not as Described,1094.49
2329,28646,2024-08-30,Not as Described,1104.98
2330,81702,2023-02-14,Defective Product,435.6
2331,10273,2025-05-10,Not as Described,192.38
2332,10766,2025-02-11,Not as Described,217.54
2333,79474,2025-08-17,Defective Product,221.3
2334,91950,2025-04-08,Wrong Item Shipped,4291.69
2335,55934,2025-01-12,Damaged in Transit,595.6
2336,86776,2025-03-23,Other,2088.59
2337,3774,2025-02-15,Damaged in Transit,1523.19
2338,76788,2025-12-02,Defective Product,3042.75
2339,31495,2024-05-05,Other,760.87
2340,78942,2024-04-18,Not as Described,336.34
2341,76554,2025-05-24,Not as Described,539.88
2342,24327,2025-07-20,Defective Product,893.83
2343,21019,2023-09-13,Wrong Item Shipped,416.54
2344,21625,2024-06-15,Other,157.52
2345,59344,2025-08-02,Damaged in Transit,99.23
2346,73401,2025-08-05,Wrong Item Shipped,3312.2
2347,67637,2025-02-18,Not as Described,916.13
2348,55984,2025-03-02,Changed Mind,1666.06
2349,30118,2024-09-13,Not as Described,700.68
2350,24165,2025-06-14,Damaged in Transit,490.52
2351,48892,2024-01-06,Wrong Item Shipped,955.73
2352,18747,2025-06-28,Other,687.24
2353,91494,2025-08-31,Defective Product,1320.28
2354,61262,2024-03-05,Other,1331.74
2355,52246,2024-11-08,Wrong Item Shipped,447.09
2356,54748,2025-12-14,Defective Product,641.75
2357,2296,2024-11-07,Changed Mind,99.13
2358,87948,2023-06-02,Other,438.75
2359,55318,2024-11-26,Defective Product,3574.08
2360,60266,2025-08-03,Damaged in Transit,1183.45
2361,54430,2025-07-18,Not as Described,550.38
2362,64106,2024-10-15,Defective Product,460.13
2363,72359,2024-10-20,Not as Described,558.49
2364,20020,2024-05-17,Wrong Item Shipped,826.5
2365,65958,2023-06-01,Changed Mind,1269.67
2366,64082,2025-05-04,Wrong Item Shipped,506.29
2367,81738,2024-12-27,Wrong Item Shipped,490.86
2368,98369,2025-05-10,Wrong Item Shipped,472.72
2369,92015,2024-01-16,Damaged in Transit,355.33
2370,57252,2024-11-02,Damaged in Transit,2210.95
2371,9063,2024-12-02,Changed Mind,79.72
2372,26031,2024-05-27,Damaged in Transit,514.07
2373,23562,2024-03-04,Defective Product,116.45
2374,35752,2025-10-20,Changed Mind,846.91
2375,20311,2024-11-25,Other,2029.28
2376,70073,2025-09-18,Not as Described,1029.17
2377,13334,2025-02-01,Not as Described,15.61
2378,29809,2024-05-08,Wrong Item Shipped,36.12
2379,92654,2025-04-02,Damaged in Transit,879.07
2380,37833,2025-01-16,Changed Mind,858.54
2381,39220,2025-08-08,Wrong Item Shipped,147.7
2382,20706,2024-04-16,Changed Mind,1736.68
2383,95577,2024-01-16,Defective Product,229.73
2384,25071,2024-04-07,Defective Product,169.89
2385,63793,2024-01-23,Other,217.8
2386,34418,2024-09-22,Wrong Item Shipped,623.65
2387,16731,2025-02-09,Wrong Item Shipped,399.85
2388,96382,2025-04-06,Damaged in Transit,632.45
2389,56164,2025-06-29,Not as Described,2048.26
2390,55941,2025-01-04,Other,342.96
2391,56494,2023-12-08,Not as Described,483.49
2392,53199,2023-09-10,Not as Described,355.35
2393,84903,2024-01-19,Not as Described,373.92
2394,11106,2024-09-23,Damaged in Transit,479.75
2395,15117,2024-08-17,Changed Mind,240.38
2396,18341,2024-07-23,Wrong Item Shipped,621.93
2397,94322,2024-11-16,Not as Described,501.59
2398,82801,2024-07-05,Changed Mind,1146.28
2399,59892,2025-05-05,Not as Described,1735.07
2400,50,2025-08-05,Changed Mind,164.84
2401,73789,2025-09-23,Other,559.68
2402,2466,2023-10-23,Not as Described,550.97
2403,912,2025-04-12,Not as Described,617.62
2404,35122,2023-03-07,Not as Described,489.49
2405,42567,2025-07-22,Changed Mind,205.21
2406,43078,2023-06-21,Defective Product,564.34
2407,29908,2024-03-19,Wrong Item Shipped,235.97
2408,93010,2025-11-28,Defective Product,673.45
2409,44939,2025-03-09,Changed Mind,443.07
2410,53146,2024-03-10,Other,3103.43
2411,6542,2024-06-01,Other,948.62
2412,29616,2023-11-21,Damaged in Transit,1267.56
2413,77834,2025-05-25,Damaged in Transit,2207.43
2414,67697,2023-08-19,Other,472.3
2415,45029,2025-05-29,Changed Mind,2355.08
2416,49401,2024-03-31,Wrong Item Shipped,995.65
2417,16342,2025-07-22,Wrong Item Shipped,246.8
2418,82024,2025-10-18,Damaged in Transit,854.33
2419,3002,2024-12-14,Changed Mind,2622.54
2420,49145,2023-09-18,Wrong Item Shipped,2943.85
2421,504,2024-03-30,Changed Mind,6392.99
2422,39646,2025-06-29,Wrong Item Shipped,750.13
2423,69184,2024-07-17,Defective Product,1432.14
2424,23410,2024-10-31,Defective Product,386.78
2425,86853,2024-04-12,Defective Product,1126.95
2426,46031,2025-02-27,Wrong Item Shipped,1006.55
2427,56429,2025-08-17,Damaged in Transit,759.08
2428,58103,2025-06-06,Other,14.97
2429,90287,2024-05-04,Other,554.28
2430,54186,2024-10-18,Damaged in Transit,344.6
2431,88964,2025-06-25,Damaged in Transit,1728.81
2432,30881,2024-11-16,Other,275.27
2433,21356,2024-07-04,Damaged in Transit,301.73
2434,20136,2024-12-09,Other,283.15
2435,68303,2025-05-25,Wrong Item Shipped,257.06
2436,45231,2025-01-09,Wrong Item Shipped,135.1
2437,1857,2025-10-04,Damaged in Transit,442.13
2438,22065,2024-09-23,Changed Mind,524.43
2439,95968,2023-08-28,Wrong Item Shipped,2308.74
2440,75158,2025-04-13,Other,475.12
2441,58654,2025-08-13,Damaged in Transit,486.15
2442,62315,2025-08-11,Defective Product,952.13
2443,9601,2025-04-21,Changed Mind,423.23
2444,10674,2025-05-03,Not as Described,779.3
2445,80488,2024-11-07,Not as Described,400.39
2446,99455,2024-09-22,Not as Described,1071.71
2447,89323,2025-02-22,Wrong Item Shipped,2970.19
2448,42315,2024-11-29,Changed Mind,42.1
2449,65361,2024-07-14,Not as Described,426.37
2450,36653,2025-05-10,Wrong Item Shipped,147.87
2451,99348,2025-07-28,Damaged in Transit,171.86
2452,82159,2025-05-08,Wrong Item Shipped,342.8
2453,78756,2024-01-12,Wrong Item Shipped,317.17
2454,31413,2024-03-05,Changed Mind,1703.36
2455,47845,2024-03-16,Not as Described,128.13
2456,10686,2024-11-25,Damaged in Transit,534.46
2457,42056,2024-10-04,Damaged in Transit,1197.99
2458,14676,2024-05-18,Damaged in Transit,214.63
2459,14477,2025-03-28,Wrong Item Shipped,7130.18
2460,76282,2025-10-06,Wrong Item Shipped,589.08
2461,393,2024-10-23,Not as Described,214.03
2462,29676,2025-10-03,Defective Product,815.24
2463,17472,2025-02-03,Defective Product,32.03
2464,70836,2024-11-02,Changed Mind,940.13
2465,92394,2025-12-13,Damaged in Transit,187.02
2466,17046,2024-12-07,Changed Mind,1242.1
2467,81127,2023-09-09,Other,237.21
2468,92060,2025-05-14,Defective Product,677.31
2469,51285,2025-02-25,Defective Product,441.61
2470,46705,2024-03-23,Not as Described,360.81
2471,75920,2025-02-06,Defective Product,1291.99
2472,13620,2025-11-07,Changed Mind,104.99
2473,65049,2024-05-26,Changed Mind,795.13
2474,64156,2025-10-26,Wrong Item Shipped,831.21
2475,101260,2023-05-29,Changed Mind,1324.59
2476,74830,2023-12-19,Not as Described,5630.1
2477,89279,2023-12-10,Wrong Item Shipped,627.33
2478,55388,2024-12-26,Defective Product,2155.0
2479,29425,2024-12-05,Other,1493.64
2480,38986,2023-07-28,Damaged in Transit,68.48
2481,71239,2024-08-09,Not as Described,1861.63
2482,58992,2023-10-18,Damaged in Transit,666.92
2483,23364,2023-12-24,Defective Product,470.27
2484,11762,2023-08-30,Wrong Item Shipped,700.42
2485,55924,2025-07-19,Other,768.42
2486,62011,2025-01-24,Defective Product,402.95
2487,3838,2025-03-16,Wrong Item Shipped,2030.23
2488,76069,2023-12-08,Not as Described,538.39
2489,4589,2024-09-22,Not as Described,3427.89
2490,80622,2023-10-08,Changed Mind,309.96
2491,2534,2023-09-01,Not as Described,3302.13
2492,82761,2023-08-21,Wrong Item Shipped,1252.31
2493,69039,2025-07-02,Wrong Item Shipped,131.98
2494,26380,2025-06-18,Defective Product,1309.85
2495,51395,2024-06-21,Damaged in Transit,1991.02
2496,48014,2025-05-09,Not as Described,259.9
2497,18012,2025-03-09,Damaged in Transit,3794.34
2498,60852,2025-06-26,Not as Described,554.6
2499,45891,2025-11-02,Defective Product,273.55
2500,10701,2024-02-27,Damaged in Transit,1047.78
2501,24927,2024-05-08,Defective Product,2648.03
2502,65430,2025-05-06,Wrong Item Shipped,235.25
2503,89059,2023-11-24,Wrong Item Shipped,2057.14
2504,64277,2024-12-16,Damaged in Transit,158.12
2505,33119,2025-03-20,Damaged in Transit,427.55
2506,78998,2023-05-07,Changed Mind,926.46
2507,77745,2025-04-30,Not as Described,756.92
2508,54742,2025-10-04,Not as Described,480.3
2509,96453,2025-12-12,Defective Product,723.29
2510,91574,2024-02-07,Not as Described,14.56
2511,33686,2025-06-30,Not as Described,286.55
2512,100956,2025-02-25,Changed Mind,1587.63
2513,76235,2023-12-18,Defective Product,421.35
2514,12159,2023-07-02,Other,67.71
2515,64313,2024-04-01,Defective Product,612.15
2516,49796,2024-04-09,Damaged in Transit,3830.48
2517,49121,2024-04-10,Defective Product,2219.99
2518,4760,2025-04-05,Not as Described,1069.15
2519,78142,2024-12-21,Wrong Item Shipped,156.11
2520,10863,2025-09-12,Defective Product,680.77
2521,70846,2025-03-28,Defective Product,261.38
2522,20284,2024-02-19,Wrong Item Shipped,1361.35
2523,35077,2025-05-12,Defective Product,3675.39
2524,76882,2024-03-21,Not as Described,3658.16
2525,88626,2024-07-21,Defective Product,27.37
2526,21749,2023-03-26,Changed Mind,1850.67
2527,63678,2024-02-29,Changed Mind,1050.7
2528,56304,2023-07-12,Wrong Item Shipped,367.78
2529,86483,2024-07-09,Wrong Item Shipped,285.41
2530,85599,2023-07-09,Wrong Item Shipped,648.66
2531,100892,2024-04-30,Wrong Item Shipped,913.84
2532,40492,2025-03-26,Defective Product,1061.93
2533,37698,2024-07-02,Wrong Item Shipped,314.77
2534,58391,2025-02-13,Wrong Item Shipped,323.79
2535,67987,2024-06-21,Damaged in Transit,2878.58
2536,54219,2024-04-17,Wrong Item Shipped,595.04
2537,96794,2025-07-24,Wrong Item Shipped,293.63
2538,3210,2025-09-23,Wrong Item Shipped,1146.07
2539,54390,2025-02-03,Not as Described,129.69
2540,55493,2025-12-04,Damaged in Transit,152.51
2541,63902,2025-02-14,Not as Described,2235.58
2542,23075,2024-02-28,Defective Product,140.44
2543,11391,2023-10-31,Other,684.3
2544,535,2025-10-09,Changed Mind,615.49
2545,74790,2024-06-05,Other,436.9
2546,10000,2024-09-03,Damaged in Transit,4088.49
2547,12014,2025-06-10,Damaged in Transit,1423.49
2548,8482,2025-12-12,Changed Mind,447.52
2549,75133,2024-12-27,Other,132.41
2550,65258,2025-03-12,Changed Mind,323.28
2551,71630,2025-02-20,Other,2253.54
2552,100220,2024-03-21,Wrong Item Shipped,521.48
2553,18146,2025-08-23,Wrong Item Shipped,370.07
2554,63870,2025-03-26,Changed Mind,728.46
2555,45294,2025-02-15,Changed Mind,2201.65
2556,27270,2024-09-18,Damaged in Transit,779.89
2557,76092,2024-12-30,Other,276.2
2558,12558,2023-12-06,Other,768.68
2559,70458,2025-09-13,Damaged in Transit,1010.34
2560,6565,2025-05-04,Wrong Item Shipped,470.24
2561,53551,2024-08-04,Defective Product,859.54
2562,27268,2024-02-23,Changed Mind,596.71
2563,34995,2024-07-27,Changed Mind,3250.4
2564,61877,2024-10-02,Not as Described,128.1
2565,62782,2025-07-08,Changed Mind,451.22
2566,81573,2024-11-24,Other,608.21
2567,45211,2025-06-23,Damaged in Transit,190.85
2568,95041,2024-03-05,Wrong Item Shipped,196.53
2569,68806,2023-08-24,Other,1580.3
2570,8524,2023-09-28,Defective Product,431.79
2571,99395,2025-09-04,Defective Product,24.8
2572,29806,2023-07-05,Wrong Item Shipped,45.72
2573,3928,2023-12-30,Defective Product,223.34
2574,50605,2025-07-05,Changed Mind,359.59
2575,80573,2025-06-28,Wrong Item Shipped,346.28
2576,78272,2024-02-18,Damaged in Transit,1003.94
2577,54405,2024-07-15,Changed Mind,234.72
2578,9563,2025-07-03,Wrong Item Shipped,2415.03
2579,78602,2025-08-04,Wrong Item Shipped,338.84
2580,97025,2025-12-09,Not as Described,318.46
2581,36314,2024-01-22,Other,1036.84
2582,97538,2024-05-30,Wrong Item Shipped,1345.96
2583,27638,2025-11-09,Wrong Item Shipped,287.06
2584,32671,2025-09-17,Defective Product,265.49
2585,20662,2025-07-08,Other,2318.93
2586,7808,2025-07-05,Damaged in Transit,2000.97
2587,66660,2024-04-26,Wrong Item Shipped,1896.17
2588,69618,2023-12-07,Changed Mind,234.57
2589,71146,2023-06-19,Changed Mind,935.84
2590,101768,2025-01-10,Damaged in Transit,1029.84
2591,92410,2025-06-30,Wrong Item Shipped,1015.58
2592,77502,2024-05-12,Wrong Item Shipped,25.53
2593,61615,2024-07-04,Wrong Item Shipped,1532.51
2594,23081,2024-03-08,Damaged in Transit,733.1
2595,4527,2024-09-23,Damaged in Transit,910.9
2596,38223,2025-03-02,Wrong Item Shipped,2627.02
2597,90013,2025-05-18,Not as Described,685.55
2598,69422,2023-11-25,Defective Product,100.76
2599,31412,2025-02-07,Changed Mind,28.61
2600,37695,2025-05-01,Damaged in Transit,4435.69
2601,86155,2024-10-09,Not as Described,1233.31
2602,98784,2025-07-31,Not as Described,185.09
2603,53629,2023-12-12,Wrong Item Shipped,1356.75
2604,27148,2024-07-23,Wrong Item Shipped,1065.75
2605,57769,2024-09-18,Damaged in Transit,501.81
2606,44399,2024-10-05,Not as Described,447.06
2607,51926,2023-08-19,Wrong Item Shipped,981.42
2608,92637,2025-08-09,Defective Product,1050.49
2609,84194,2025-11-18,Wrong Item Shipped,55.4
2610,39584,2025-02-14,Defective Product,540.78
2611,10406,2024-01-09,Wrong Item Shipped,1354.11
2612,74821,2025-06-08,Changed Mind,4696.32
2613,7709,2024-12-11,Defective Product,539.6
2614,75012,2025-05-22,Not as Described,1068.79
2615,77397,2024-10-12,Defective Product,283.43
2616,63827,2025-01-29,Other,162.7
2617,83470,2023-07-01,Not as Described,446.87
2618,5501,2023-12-14,Other,170.54
2619,45181,2024-12-03,Not as Described,493.08
2620,74059,2024-01-28,Other,2353.22
2621,16848,2024-06-18,Other,235.28
2622,1724,2024-02-24,Damaged in Transit,706.29
2623,60863,2025-08-06,Defective Product,1060.79
2624,54279,2025-07-29,Defective Product,1819.81
2625,97913,2025-05-06,Other,526.9
2626,5591,2025-10-19,Other,1311.08
2627,58941,2025-02-08,Other,3857.22
2628,10321,2025-04-30,Changed Mind,793.3
2629,84985,2025-03-18,Other,3617.15
2630,48605,2025-04-24,Changed Mind,2762.61
2631,20580,2025-03-24,Defective Product,234.68
2632,85337,2025-08-31,Damaged in Transit,302.26
2633,47439,2024-11-13,Not as Described,502.75
2634,28011,2024-05-26,Damaged in Transit,25.11
2635,73844,2025-03-27,Damaged in Transit,1464.86
2636,25224,2025-04-09,Defective Product,1995.46
2637,87483,2024-08-07,Changed Mind,3168.27
2638,61865,2024-08-04,Damaged in Transit,520.08
2639,83509,2025-01-27,Not as Described,1046.74
2640,3129,2024-06-10,Other,698.49
2641,16531,2025-10-16,Wrong Item Shipped,198.9
2642,38662,2025-07-15,Wrong Item Shipped,83.32
2643,70755,2024-08-05,Other,1283.43
2644,17984,2024-06-30,Defective Product,488.35
2645,84329,2025-02-12,Changed Mind,344.0
2646,15645,2025-01-11,Other,290.52
2647,49347,2024-11-09,Not as Described,324.4
2648,42960,2024-10-07,Not as Described,55.75
2649,19748,2024-04-07,Damaged in Transit,2243.58
2650,18005,2024-11-14,Damaged in Transit,2021.42
2651,72405,2024-08-30,Not as Described,105.85
2652,68115,2024-10-27,Not as Described,221.67
2653,43081,2025-06-06,Other,866.33
2654,69202,2023-12-12,Defective Product,108.23
2655,93663,2024-12-04,Not as Described,748.46
2656,75065,2024-09-23,Not as Described,241.69
2657,98447,2025-11-28,Defective Product,722.78
2658,3467,2023-09-12,Damaged in Transit,397.04
2659,72707,2025-02-11,Wrong Item Shipped,471.28
2660,4199,2025-04-15,Defective Product,2436.43
2661,8720,2025-08-24,Defective Product,1304.54
2662,16710,2024-01-29,Not as Described,1295.09
2663,61202,2024-01-11,Wrong Item Shipped,2308.29
2664,86257,2025-05-07,Damaged in Transit,143.08
2665,15297,2024-04-18,Other,1795.64
2666,45607,2024-03-02,Changed Mind,2155.7
2667,42442,2023-10-25,Defective Product,236.09
2668,8764,2025-03-21,Wrong Item Shipped,2504.52
2669,2027,2025-01-16,Wrong Item Shipped,5165.19
2670,15410,2025-11-04,Not as Described,2921.93
2671,76501,2024-11-19,Not as Described,1150.57
2672,8732,2025-09-17,Changed Mind,209.47
2673,82279,2025-05-20,Wrong Item Shipped,1012.02
2674,88337,2024-09-12,Defective Product,462.52
2675,15243,2025-07-13,Damaged in Transit,3092.13
2676,98826,2024-11-30,Changed Mind,350.94
2677,3549,2025-03-22,Damaged in Transit,1056.09
2678,6354,2024-02-25,Other,935.66
2679,64044,2024-02-23,Changed Mind,1437.8
2680,36911,2024-11-20,Defective Product,279.85
2681,7069,2025-03-15,Not as Described,13.34
2682,48060,2025-08-02,Changed Mind,363.77
2683,33758,2024-08-27,Changed Mind,325.52
2684,75382,2025-07-11,Damaged in Transit,658.42
2685,47261,2025-10-03,Damaged in Transit,762.08
2686,87275,2025-02-24,Wrong Item Shipped,576.14
2687,1462,2023-10-11,Defective Product,95.61
2688,79035,2025-08-04,Other,908.61
2689,86798,2025-08-14,Defective Product,2095.07
2690,23614,2025-01-19,Not as Described,983.14
2691,54710,2025-02-25,Damaged in Transit,1086.93
2692,27828,2025-01-20,Not as Described,62.43
2693,22059,2025-05-24,Wrong Item Shipped,378.82
2694,71125,2025-09-28,Wrong Item Shipped,254.55
2695,61796,2024-06-30,Changed Mind,406.11
2696,70816,2024-11-13,Other,66.0
2697,29221,2025-02-24,Damaged in Transit,648.62
2698,78468,2024-06-02,Defective Product,1262.48
2699,13358,2025-06-27,Defective Product,21.5
2700,64419,2025-09-07,Defective Product,47.73
2701,27511,2025-02-03,Wrong Item Shipped,2239.54
2702,82246,2025-06-09,Other,542.3
2703,64928,2024-07-31,Not as Described,338.52
2704,35650,2024-07-30,Changed Mind,426.15
2705,7143,2023-10-18,Other,390.85
2706,82430,2025-07-26,Defective Product,55.09
2707,38175,2024-11-27,Other,45.93
2708,56708,2025-05-18,Damaged in Transit,477.45
2709,68537,2025-05-10,Wrong Item Shipped,1916.12
2710,45443,2024-09-19,Changed Mind,69.79
2711,32798,2024-11-15,Changed Mind,1558.95
2712,94760,2025-03-30,Wrong Item Shipped,284.29
2713,28374,2025-02-09,Not as Described,967.65
2714,15203,2025-09-18,Defective Product,1431.81
2715,43103,2024-04-17,Changed Mind,1423.62
2716,62645,2025-06-10,Defective Product,2472.63
2717,60361,2025-08-16,Wrong Item Shipped,29.77
2718,39243,2023-07-30,Damaged in Transit,1324.92
2719,34834,2023-10-16,Defective Product,254.08
2720,26421,2025-08-20,Damaged in Transit,1487.78
2721,96058,2024-11-30,Damaged in Transit,1775.25
2722,39713,2025-06-10,Other,57.96
2723,89497,2025-03-11,Wrong Item Shipped,524.11
2724,42654,2024-01-24,Defective Product,38.07
2725,67938,2025-01-01,Damaged in Transit,510.77
2726,61425,2025-11-14,Changed Mind,1054.89
2727,67731,2024-12-27,Other,523.85
2728,47660,2025-08-31,Changed Mind,811.41
2729,723,2024-02-08,Changed Mind,1353.74
2730,42411,2024-11-18,Defective Product,655.41
2731,100090,2025-08-14,Changed Mind,619.26
2732,94576,2025-07-17,Changed Mind,721.9
2733,69357,2024-11-17,Wrong Item Shipped,160.53
2734,31177,2025-07-06,Other,40.01
2735,90933,2025-08-06,Wrong Item Shipped,2076.58
2736,74771,2025-11-17,Wrong Item Shipped,139.75
2737,15840,2023-10-02,Other,300.31
2738,81199,2025-06-10,Changed Mind,697.83
2739,28104,2023-03-23,Other,1203.09
2740,31593,2024-09-12,Other,4490.16
2741,29403,2025-04-06,Damaged in Transit,67.25
2742,14273,2023-08-24,Damaged in Transit,433.82
2743,80677,2024-06-06,Other,81.89
2744,34601,2025-08-09,Defective Product,600.92
2745,101331,2024-11-27,Changed Mind,2223.99
2746,21831,2024-09-30,Defective Product,639.15
2747,20144,2025-02-21,Damaged in Transit,565.3
2748,45627,2024-05-15,Other,148.14
2749,4088,2025-02-09,Damaged in Transit,1191.16
2750,85671,2025-03-07,Wrong Item Shipped,179.69
2751,22238,2024-11-14,Not as Described,555.5
2752,81609,2025-03-29,Wrong Item Shipped,677.51
2753,57731,2025-06-06,Damaged in Transit,47.23
2754,55470,2024-07-23,Damaged in Transit,770.53
2755,99130,2025-07-28,Changed Mind,193.46
2756,12473,2025-11-28,Other,378.69
2757,21985,2024-08-29,Defective Product,1703.36
2758,15636,2025-02-10,Defective Product,682.75
2759,17847,2025-05-28,Other,434.25
2760,1453,2025-06-14,Not as Described,651.75
2761,721,2024-10-13,Wrong Item Shipped,679.3
2762,18534,2024-06-19,Changed Mind,141.27
2763,49093,2025-01-15,Wrong Item Shipped,2075.86
2764,42946,2025-02-26,Changed Mind,438.23
2765,72373,2025-12-10,Other,91.4
2766,30176,2025-11-06,Changed Mind,106.77
2767,10391,2025-01-08,Damaged in Transit,420.38
2768,19029,2025-04-19,Other,746.57
2769,53423,2024-09-03,Changed Mind,160.1
2770,30030,2024-04-03,Wrong Item Shipped,1365.33
2771,82701,2023-10-18,Wrong Item Shipped,464.04
2772,19732,2025-05-16,Defective Product,105.23
2773,51015,2025-09-20,Changed Mind,2430.08
2774,52189,2024-12-09,Changed Mind,818.55
2775,42146,2024-12-31,Other,1024.11
2776,35892,2024-04-21,Not as Described,610.11
2777,59349,2025-02-10,Defective Product,497.35
2778,24,2024-08-04,Damaged in Transit,219.4
2779,10168,2025-01-02,Other,950.64
2780,59972,2025-05-04,Defective Product,1040.65
2781,16598,2025-01-20,Changed Mind,358.34
2782,35870,2024-06-10,Defective Product,838.01
2783,72245,2025-09-26,Other,319.68
2784,23316,2025-06-13,Other,113.65
2785,66736,2025-10-31,Defective Product,446.32
2786,49624,2025-05-31,Wrong Item Shipped,165.83
2787,15471,2024-07-05,Changed Mind,2491.46
2788,100457,2025-01-19,Changed Mind,2002.07
2789,97232,2024-11-17,Changed Mind,163.44
2790,77664,2024-07-22,Changed Mind,4356.3
2791,87887,2023-09-03,Not as Described,413.11
2792,4616,2025-08-03,Wrong Item Shipped,654.4
2793,73116,2025-02-09,Wrong Item Shipped,479.06
2794,1656,2024-12-31,Other,1637.77
2795,5875,2024-06-13,Wrong Item Shipped,367.22
2796,81829,2023-07-15,Changed Mind,373.86
2797,61860,2025-01-22,Damaged in Transit,1240.89
2798,85517,2024-11-29,Defective Product,219.06
2799,57602,2025-01-07,Defective Product,703.74
2800,58467,2025-07-26,Changed Mind,134.65
2801,91811,2025-04-16,Not as Described,864.08
2802,49063,2025-04-05,Wrong Item Shipped,526.05
2803,90466,2025-02-22,Wrong Item Shipped,851.81
2804,50288,2024-09-12,Wrong Item Shipped,29.24
2805,51216,2024-10-17,Not as Described,3397.91
2806,19505,2025-03-13,Wrong Item Shipped,3765.1
2807,45472,2024-10-21,Wrong Item Shipped,1331.66
2808,98532,2023-07-18,Other,195.5
2809,98662,2023-10-26,Wrong Item Shipped,341.79
2810,51613,2025-06-28,Changed Mind,455.86
2811,29363,2023-09-13,Wrong Item Shipped,1281.98
2812,13890,2025-08-03,Changed Mind,829.92
2813,51186,2024-09-23,Changed Mind,1094.82
2814,4399,2024-07-26,Wrong Item Shipped,291.15
2815,43402,2025-05-27,Damaged in Transit,385.69
2816,4931,2025-05-01,Wrong Item Shipped,813.22
2817,97243,2025-08-14,Damaged in Transit,5466.03
2818,94859,2025-04-11,Damaged in Transit,263.65
2819,14642,2024-03-16,Defective Product,2895.41
2820,12849,2025-01-10,Damaged in Transit,1820.71
2821,5320,2025-07-05,Wrong Item Shipped,189.52
2822,98936,2024-12-31,Wrong Item Shipped,2321.29
2823,93972,2025-09-08,Other,494.76
2824,40785,2025-09-08,Damaged in Transit,752.82
2825,54324,2024-09-14,Not as Described,336.62
2826,20583,2024-12-19,Changed Mind,200.82
2827,44844,2025-01-15,Other,1341.78
2828,96902,2024-02-21,Damaged in Transit,2022.72
2829,6193,2023-12-01,Damaged in Transit,1330.78
2830,88995,2025-02-23,Changed Mind,259.93
2831,8099,2024-03-13,Changed Mind,995.77
2832,6366,2024-05-13,Changed Mind,2460.16
2833,44508,2025-02-09,Not as Described,487.02
2834,30006,2023-02-22,Wrong Item Shipped,909.82
2835,12904,2024-06-29,Not as Described,514.3
2836,5349,2024-05-03,Wrong Item Shipped,1424.68
2837,78580,2025-06-13,Damaged in Transit,749.93
2838,8493,2024-11-03,Changed Mind,957.73
2839,98799,2025-05-02,Other,639.24
2840,55256,2025-02-27,Changed Mind,719.68
2841,37853,2025-07-10,Changed Mind,893.16
2842,50617,2024-11-22,Wrong Item Shipped,493.79
2843,92384,2025-11-19,Damaged in Transit,1715.05
2844,78020,2025-01-16,Changed Mind,201.24
2845,80266,2025-11-23,Damaged in Transit,540.87
2846,11553,2024-04-08,Wrong Item Shipped,308.22
2847,49685,2025-12-04,Changed Mind,1775.06
2848,45739,2024-08-14,Defective Product,570.78
2849,21285,2025-11-30,Not as Described,156.93
2850,86735,2025-02-26,Not as Described,739.56
2851,57017,2025-08-06,Changed Mind,247.19
2852,72897,2025-05-06,Changed Mind,68.25
2853,67682,2024-02-28,Damaged in Transit,3557.81
2854,29334,2024-09-20,Defective Product,847.39
2855,81315,2023-01-18,Other,475.88
2856,39916,2024-12-19,Changed Mind,374.4
2857,37073,2025-04-07,Defective Product,113.33
2858,6311,2025-05-11,Damaged in Transit,428.19
2859,2164,2025-01-25,Wrong Item Shipped,462.38
2860,4605,2024-05-07,Defective Product,1962.31
2861,58745,2025-06-02,Damaged in Transit,349.02
2862,89994,2023-01-23,Damaged in Transit,1048.23
2863,99135,2025-03-26,Damaged in Transit,1064.92
2864,74931,2024-12-26,Damaged in Transit,2954.77
2865,89075,2024-12-04,Not as Described,539.08
2866,33185,2024-10-19,Changed Mind,114.56
2867,76839,2025-09-12,Other,1075.96
2868,99730,2023-12-01,Not as Described,646.06
2869,9902,2023-12-26,Defective Product,227.8
2870,38251,2024-12-20,Other,334.93
2871,58283,2025-04-15,Defective Product,381.36
2872,17078,2024-12-08,Changed Mind,124.27
2873,25995,2025-05-26,Changed Mind,142.32
2874,32083,2024-10-06,Not as Described,49.52
2875,70387,2024-08-26,Wrong Item Shipped,476.62
2876,9527,2025-01-17,Not as Described,1561.49
2877,6019,2024-10-05,Changed Mind,685.16
2878,55417,2024-06-06,Wrong Item Shipped,1200.72
2879,3331,2025-03-05,Other,373.78
2880,82393,2025-06-15,Damaged in Transit,817.55
2881,25463,2023-10-27,Not as Described,745.53
2882,77277,2025-01-09,Wrong Item Shipped,638.08
2883,59475,2024-08-04,Not as Described,2143.87
2884,18787,2025-05-09,Not as Described,631.93
2885,11424,2025-09-29,Damaged in Transit,31.69
2886,80810,2024-02-29,Other,1399.01
2887,25929,2024-12-01,Not as Described,330.4
2888,98194,2024-09-04,Wrong Item Shipped,567.74
2889,99101,2025-06-16,Not as Described,1013.52
2890,55435,2024-08-01,Wrong Item Shipped,4676.09
2891,9373,2025-05-08,Damaged in Transit,831.0
2892,53774,2025-04-24,Defective Product,3948.27
2893,48654,2024-11-30,Changed Mind,1457.45
2894,65159,2025-05-18,Changed Mind,1042.11
2895,74745,2025-10-04,Damaged in Transit,1423.31
2896,101928,2025-06-17,Not as Described,819.36
2897,101338,2023-11-10,Wrong Item Shipped,1640.22
2898,78277,2025-10-20,Other,370.54
2899,17829,2025-06-21,Changed Mind,638.1
2900,35166,2024-09-18,Changed Mind,650.12
2901,73114,2024-09-26,Changed Mind,83.8
2902,13856,2025-04-18,Not as Described,1278.22
2903,68048,2025-06-02,Changed Mind,1190.58
2904,28018,2025-02-12,Wrong Item Shipped,1665.39
2905,49259,2024-11-08,Other,1918.01
2906,44620,2024-10-28,Wrong Item Shipped,2856.22
2907,30890,2025-07-10,Damaged in Transit,228.51
2908,96362,2024-04-02,Changed Mind,875.13
2909,55184,2025-05-09,Other,869.78
2910,81207,2024-07-13,Defective Product,3776.92
2911,34853,2025-10-27,Changed Mind,861.7
2912,77317,2025-01-27,Changed Mind,122.67
2913,101301,2024-05-22,Wrong Item Shipped,1075.63
2914,3449,2024-05-08,Not as Described,596.91
2915,84362,2025-04-11,Defective Product,490.24
2916,34751,2024-10-03,Other,2260.96
2917,100264,2025-08-25,Changed Mind,810.16
2918,78518,2025-09-25,Not as Described,601.46
2919,3872,2025-06-10,Other,2438.89
2920,65389,2023-04-04,Defective Product,599.44
2921,48966,2024-06-14,Wrong Item Shipped,210.67
2922,20521,2025-06-24,Wrong Item Shipped,123.78
2923,83809,2024-01-08,Defective Product,385.25
2924,11213,2024-02-01,Damaged in Transit,196.29
2925,45902,2024-07-14,Defective Product,255.06
2926,76608,2025-04-08,Other,356.11
2927,10089,2025-05-20,Not as Described,850.14
2928,69501,2025-06-29,Wrong Item Shipped,956.74
2929,41813,2025-07-31,Other,345.36
2930,8601,2025-07-16,Other,1510.07
2931,4838,2024-08-02,Wrong Item Shipped,690.23
2932,57525,2025-01-09,Wrong Item Shipped,244.04
2933,28141,2025-07-15,Wrong Item Shipped,394.58
2934,46736,2025-06-06,Wrong Item Shipped,424.06
2935,33441,2024-12-22,Changed Mind,109.96
2936,18473,2025-03-01,Other,104.88
2937,68566,2023-10-09,Other,108.32
2938,69751,2025-10-01,Other,286.61
2939,15690,2025-04-23,Wrong Item Shipped,224.8
2940,101898,2025-06-10,Wrong Item Shipped,1187.67
2941,98709,2025-06-13,Defective Product,1294.59
2942,49071,2023-10-05,Other,247.57
2943,50209,2024-09-28,Damaged in Transit,471.77
2944,24328,2025-10-03,Damaged in Transit,255.24
2945,49841,2025-05-27,Damaged in Transit,1051.6
2946,83658,2025-05-05,Not as Described,105.94
2947,54301,2023-11-10,Defective Product,2470.21
2948,16521,2024-08-28,Not as Described,987.55
2949,9591,2025-03-21,Not as Described,610.93
2950,13859,2025-05-11,Damaged in Transit,648.66
2951,100536,2023-07-14,Other,4875.41
2952,48537,2025-08-22,Not as Described,594.47
2953,46530,2025-06-24,Not as Described,1288.7
2954,28156,2025-01-30,Defective Product,1123.87
2955,7518,2024-12-16,Other,1484.46
2956,36139,2024-04-24,Damaged in Transit,251.19
2957,25380,2025-06-12,Not as Described,94.48
2958,1099,2025-05-25,Not as Described,1103.17
2959,61823,2023-12-31,Other,428.21
2960,3142,2023-05-10,Other,586.15
2961,34567,2024-08-12,Other,646.5
2962,101720,2024-01-10,Damaged in Transit,480.35
2963,77776,2024-12-07,Defective Product,599.59
2964,74764,2025-10-04,Other,799.9
2965,91804,2023-03-07,Damaged in Transit,1275.04
2966,9268,2025-02-27,Other,408.12
2967,74330,2025-04-12,Damaged in Transit,262.75
2968,45025,2023-04-09,Changed Mind,536.37
2969,93293,2025-08-27,Defective Product,1973.04
2970,33529,2025-05-23,Damaged in Transit,1171.19
2971,96580,2024-05-22,Defective Product,698.59
2972,21471,2024-07-21,Not as Described,1183.47
2973,28541,2024-09-17,Defective Product,524.79
2974,5257,2023-07-27,Not as Described,337.4
2975,59717,2025-08-17,Wrong Item Shipped,343.35
2976,27021,2024-06-05,Wrong Item Shipped,207.53
2977,21634,2024-07-06,Other,902.74
2978,29572,2024-07-18,Defective Product,557.39
2979,66780,2024-01-27,Other,325.48
2980,100245,2024-09-18,Not as Described,218.44
2981,59355,2024-11-03,Changed Mind,187.53
2982,89345,2025-06-18,Not as Described,1332.32
2983,43935,2023-09-21,Wrong Item Shipped,2087.31
2984,91144,2025-09-02,Wrong Item Shipped,903.32
2985,34034,2025-08-28,Damaged in Transit,598.57
2986,10879,2025-08-14,Other,518.54
2987,63118,2025-09-17,Wrong Item Shipped,220.49
2988,23368,2025-01-05,Other,705.04
2989,85620,2024-11-22,Changed Mind,523.14
2990,20122,2025-05-01,Changed Mind,1227.41
2991,60536,2024-12-25,Defective Product,416.9
2992,79278,2024-12-15,Damaged in Transit,61.91
2993,78033,2024-03-27,Damaged in Transit,741.6
2994,81781,2023-09-10,Changed Mind,403.15
2995,64631,2024-04-22,Other,21.58
2996,92511,2025-08-10,Changed Mind,76.41
2997,53843,2024-07-26,Wrong Item Shipped,528.36
2998,34331,2025-03-29,Changed Mind,453.13
2999,17702,2024-05-27,Other,473.5
3000,63294,2025-04-17,Damaged in Transit,2820.45
3001,83211,2024-12-24,Defective Product,324.03
3002,72493,2024-09-16,Defective Product,1179.12
3003,87046,2025-06-23,Not as Described,349.24
3004,46418,2024-04-17,Other,1595.0
3005,23144,2025-08-23,Changed Mind,1246.53
3006,35978,2024-06-19,Wrong Item Shipped,736.95
3007,32263,2025-07-13,Defective Product,362.87
3008,55272,2025-02-20,Wrong Item Shipped,87.04
3009,98427,2024-10-29,Wrong Item Shipped,1314.41
3010,14710,2025-02-24,Defective Product,326.93
3011,34299,2025-03-25,Wrong Item Shipped,91.29
3012,23506,2025-01-26,Damaged in Transit,2333.39
3013,85066,2024-04-07,Damaged in Transit,1512.2
3014,92044,2025-07-04,Changed Mind,1025.44
3015,88170,2023-11-24,Other,564.85
3016,245,2023-07-02,Wrong Item Shipped,1985.33
3017,710,2024-11-18,Defective Product,1886.18
3018,76084,2024-02-09,Changed Mind,3136.82
3019,43331,2025-10-24,Defective Product,1248.98
3020,11853,2023-12-29,Changed Mind,1520.37
3021,91105,2023-06-19,Changed Mind,663.86
3022,75061,2024-02-06,Not as Described,2769.8
3023,41456,2023-11-09,Wrong Item Shipped,2097.18
3024,15232,2023-04-27,Defective Product,364.94
3025,68641,2023-09-19,Changed Mind,72.78
3026,48077,2024-01-26,Defective Product,717.82
3027,98418,2025-01-02,Defective Product,406.89
3028,55684,2024-09-05,Defective Product,376.25
3029,18210,2025-07-16,Other,1887.16
3030,24049,2025-07-13,Changed Mind,2022.97
3031,76835,2024-12-14,Wrong Item Shipped,1708.88
3032,22144,2025-10-13,Other,552.28
3033,8043,2025-01-29,Other,4215.58
3034,34666,2025-11-08,Damaged in Transit,595.05
3035,61108,2024-08-29,Changed Mind,779.35
3036,66087,2025-10-28,Changed Mind,579.59
3037,1410,2025-03-08,Damaged in Transit,431.6
3038,73358,2024-05-08,Wrong Item Shipped,190.49
3039,43920,2024-02-11,Not as Described,296.04
3040,58755,2025-07-26,Not as Described,845.71
3041,30387,2024-10-31,Defective Product,622.98
3042,81809,2025-07-10,Changed Mind,1105.5
3043,77524,2025-01-01,Damaged in Transit,129.3
3044,40150,2025-08-21,Defective Product,818.43
3045,101569,2023-06-10,Other,863.38
3046,52045,2025-09-03,Defective Product,1124.16
3047,5813,2024-01-30,Not as Described,384.66
3048,74490,2023-12-27,Defective Product,1063.15
3049,36925,2025-09-13,Not as Described,299.95
3050,50029,2024-05-27,Damaged in Transit,693.21
3051,90061,2025-08-21,Defective Product,1131.87
3052,67465,2023-10-07,Changed Mind,408.3
3053,100747,2025-01-13,Changed Mind,318.45
3054,72069,2025-05-25,Defective Product,353.59
3055,20049,2024-09-01,Damaged in Transit,287.02
3056,62861,2024-10-25,Changed Mind,597.3
3057,18488,2025-04-01,Not as Described,1442.67
3058,78152,2024-03-01,Damaged in Transit,1571.36
3059,97078,2024-12-28,Not as Described,57.31
3060,73702,2024-10-20,Damaged in Transit,313.16
3061,18161,2025-03-03,Defective Product,858.99
3062,91241,2025-07-18,Wrong Item Shipped,693.63
3063,30009,2025-03-31,Damaged in Transit,195.18
3064,33702,2025-02-06,Defective Product,1087.25
3065,40669,2024-11-13,Changed Mind,406.11
3066,73788,2023-08-21,Not as Described,109.43
3067,31580,2025-07-01,Other,163.45
3068,91297,2023-06-20,Other,318.42
3069,45194,2024-03-09,Damaged in Transit,1697.98
3070,47878,2024-08-31,Not as Described,58.14
3071,55198,2025-06-09,Damaged in Transit,2327.32
3072,33143,2025-04-30,Changed Mind,1312.75
3073,34654,2024-12-24,Damaged in Transit,435.25
3074,15553,2025-07-13,Defective Product,281.07
3075,48141,2024-04-02,Defective Product,241.56
3076,62060,2024-10-15,Wrong Item Shipped,847.19
3077,84545,2025-04-19,Other,1826.78
3078,4460,2025-03-28,Wrong Item Shipped,56.89
3079,57236,2025-08-03,Wrong Item Shipped,962.03
3080,52574,2024-11-06,Wrong Item Shipped,111.98
3081,97071,2025-07-15,Not as Described,881.31
3082,51759,2023-11-30,Changed Mind,192.91
3083,85783,2025-11-17,Wrong Item Shipped,2406.02
3084,57614,2025-09-07,Damaged in Transit,322.06
3085,11876,2025-04-10,Wrong Item Shipped,1283.55
3086,1833,2025-03-01,Defective Product,360.55
3087,101976,2023-12-22,Damaged in Transit,766.61
3088,96939,2025-09-25,Not as Described,465.44
3089,64701,2025-12-04,Wrong Item Shipped,237.45
3090,32556,2024-11-01,Wrong Item Shipped,270.54
3091,48706,2025-10-08,Not as Described,364.85
3092,24737,2025-01-16,Wrong Item Shipped,594.43
3093,29385,2025-12-10,Changed Mind,760.61
3094,11594,2025-06-17,Wrong Item Shipped,817.69
3095,23232,2025-03-07,Damaged in Transit,658.23
3096,39680,2023-09-13,Other,369.04
3097,52506,2025-08-22,Other,664.64
3098,41530,2025-02-11,Defective Product,87.68
3099,33240,2024-05-13,Wrong Item Shipped,713.31
3100,5358,2024-12-17,Other,531.79
3101,26071,2024-03-06,Defective Product,469.5
3102,51551,2025-08-19,Changed Mind,211.0
3103,7159,2024-04-09,Other,1385.19
3104,89448,2025-01-09,Changed Mind,697.24
3105,60649,2024-09-21,Other,555.56
3106,90987,2025-01-08,Changed Mind,809.14
3107,34042,2024-11-21,Other,998.13
3108,761,2024-04-20,Other,1976.04
3109,67175,2025-06-22,Not as Described,250.97
3110,61134,2025-06-21,Not as Described,309.26
3111,16158,2025-05-25,Not as Described,942.83
3112,468,2024-12-03,Other,403.21
3113,96705,2024-02-11,Damaged in Transit,129.64
3114,36068,2024-05-02,Not as Described,219.49
3115,47477,2025-09-11,Not as Described,231.13
3116,33802,2025-01-20,Defective Product,953.85
3117,84370,2024-08-20,Other,2685.47
3118,19364,2024-10-21,Wrong Item Shipped,962.1
3119,23217,2025-02-10,Damaged in Transit,263.45
3120,34886,2025-06-16,Defective Product,498.59
3121,63567,2025-07-07,Damaged in Transit,682.91
3122,74856,2023-10-01,Not as Described,1074.32
3123,41205,2024-01-14,Defective Product,1165.89
3124,37395,2024-12-31,Defective Product,3875.82
3125,19828,2025-10-21,Damaged in Transit,684.13
3126,23951,2023-07-10,Not as Described,92.3
3127,21248,2024-10-29,Damaged in Transit,1492.03
3128,43335,2025-07-02,Changed Mind,1682.56
3129,57896,2023-12-25,Wrong Item Shipped,144.5
3130,75618,2025-07-01,Damaged in Transit,1424.55
3131,93710,2025-09-03,Defective Product,1567.24
3132,84548,2023-12-16,Damaged in Transit,2174.87
3133,97717,2023-05-09,Defective Product,510.05
3134,79871,2025-07-26,Not as Described,65.37
3135,13285,2025-09-30,Wrong Item Shipped,1071.62
3136,1736,2025-11-13,Other,126.2
3137,27350,2024-10-09,Wrong Item Shipped,161.98
3138,18695,2025-08-08,Changed Mind,262.34
3139,15315,2023-05-19,Not as Described,3046.14
3140,33314,2025-08-12,Damaged in Transit,357.92
3141,55861,2024-07-31,Other,722.64
3142,53285,2025-05-16,Changed Mind,983.57
3143,29751,2025-07-14,Damaged in Transit,384.14
3144,76294,2025-07-29,Changed Mind,908.35
3145,81818,2024-05-09,Wrong Item Shipped,549.09
3146,95085,2025-08-01,Changed Mind,225.62
3147,6750,2025-11-14,Defective Product,1283.33
3148,10337,2024-02-20,Changed Mind,2645.3
3149,5505,2024-04-12,Wrong Item Shipped,103.7
3150,86189,2025-05-02,Defective Product,1270.3
3151,48599,2025-10-30,Other,1354.47
3152,26742,2025-01-11,Changed Mind,434.1
3153,5704,2025-04-08,Defective Product,439.35
3154,30070,2025-04-29,Defective Product,2938.33
3155,76967,2025-08-26,Other,579.6
3156,50329,2025-03-02,Not as Described,54.7
3157,22179,2023-05-01,Changed Mind,647.86
3158,59907,2024-07-19,Defective Product,1401.9
3159,66744,2024-10-02,Wrong Item Shipped,389.47
3160,58148,2025-03-12,Damaged in Transit,1795.76
3161,101030,2025-03-29,Not as Described,1920.79
3162,99707,2025-05-17,Damaged in Transit,768.65
3163,7790,2024-09-25,Defective Product,1368.06
3164,22930,2025-06-16,Other,539.24
3165,78989,2023-12-05,Not as Described,247.96
3166,87380,2025-05-09,Other,1426.91
3167,87297,2024-08-08,Not as Described,708.54
3168,61839,2024-11-14,Defective Product,182.15
3169,92848,2025-06-15,Not as Described,3945.14
3170,25094,2025-06-23,Wrong Item Shipped,139.03
3171,37839,2024-09-14,Defective Product,93.98
3172,24939,2025-04-30,Damaged in Transit,843.97
3173,98033,2025-05-05,Wrong Item Shipped,825.79
3174,94086,2025-01-11,Not as Described,691.73
3175,53992,2025-01-14,Changed Mind,165.6
3176,55665,2023-06-16,Changed Mind,3174.6
3177,82541,2023-10-10,Not as Described,2363.48
3178,36954,2024-07-25,Defective Product,1161.44
3179,80921,2024-04-21,Defective Product,516.27
3180,79516,2024-02-18,Not as Described,939.71
3181,47904,2024-06-14,Defective Product,105.34
3182,2115,2025-07-06,Changed Mind,629.21
3183,3120,2025-12-22,Damaged in Transit,1390.42
3184,47611,2023-07-11,Wrong Item Shipped,851.53
3185,92887,2024-12-14,Changed Mind,123.43
3186,92869,2025-05-31,Changed Mind,1782.02
3187,85367,2024-12-14,Defective Product,1493.33
3188,3939,2023-04-04,Defective Product,737.81
3189,9217,2024-08-15,Defective Product,3519.4
3190,56064,2025-04-06,Not as Described,208.12
3191,57208,2024-10-29,Changed Mind,148.19
3192,98104,2023-10-28,Wrong Item Shipped,3335.95
3193,9642,2024-08-13,Defective Product,295.92
3194,70277,2023-10-27,Damaged in Transit,276.81
3195,62813,2024-05-31,Wrong Item Shipped,64.89
3196,97430,2025-08-14,Damaged in Transit,928.18
3197,24004,2023-06-18,Damaged in Transit,519.91
3198,11291,2024-05-22,Other,408.36
3199,73728,2025-07-08,Other,1040.9
3200,24027,2023-09-28,Defective Product,1111.2
3201,85241,2024-06-11,Defective Product,1184.01
3202,22115,2025-08-28,Wrong Item Shipped,373.41
3203,11084,2024-02-10,Damaged in Transit,94.36
3204,89252,2025-05-06,Changed Mind,459.3
3205,61575,2025-04-18,Damaged in Transit,210.19
3206,29396,2025-02-24,Changed Mind,1163.59
3207,62168,2024-09-09,Wrong Item Shipped,899.52
3208,75785,2025-05-15,Wrong Item Shipped,1133.4
3209,64987,2024-01-08,Defective Product,6471.73
3210,79860,2024-10-06,Changed Mind,127.93
3211,56967,2025-03-27,Other,682.17
3212,29753,2024-09-14,Other,282.28
3213,57944,2024-12-16,Damaged in Transit,446.36
3214,80973,2023-07-24,Not as Described,100.62
3215,49586,2025-10-16,Not as Described,140.06
3216,7663,2025-08-10,Damaged in Transit,991.0
3217,61246,2025-04-23,Wrong Item Shipped,208.56
3218,67231,2025-04-27,Other,3201.75
3219,90920,2025-08-05,Defective Product,509.29
3220,35281,2024-05-12,Not as Described,435.66
3221,34219,2023-10-28,Wrong Item Shipped,415.5
3222,80046,2025-01-19,Not as Described,486.88
3223,68158,2023-05-09,Changed Mind,1144.73
3224,26280,2025-06-27,Damaged in Transit,175.71
3225,802,2025-09-04,Other,2160.26
3226,50016,2024-09-21,Not as Described,971.41
3227,77346,2024-06-05,Damaged in Transit,660.08
3228,41118,2025-05-04,Wrong Item Shipped,365.41
3229,78613,2025-07-06,Not as Described,403.64
3230,86445,2024-04-05,Not as Described,613.78
3231,43926,2025-01-12,Changed Mind,1937.83
3232,52950,2025-06-10,Wrong Item Shipped,111.54
3233,87710,2025-04-19,Damaged in Transit,453.32
3234,49215,2024-06-01,Wrong Item Shipped,4343.65
3235,81133,2023-04-23,Wrong Item Shipped,2370.32
3236,19454,2025-08-06,Not as Described,41.06
3237,80567,2025-06-09,Wrong Item Shipped,273.94
3238,17104,2025-03-07,Not as Described,1058.05
3239,5290,2023-11-21,Not as Described,970.68
3240,1050,2024-11-04,Wrong Item Shipped,163.96
3241,81500,2025-07-13,Changed Mind,726.52
3242,2472,2025-07-24,Changed Mind,1383.8
3243,52478,2024-09-02,Defective Product,375.39
3244,55832,2024-10-16,Changed Mind,504.61
3245,91656,2025-07-07,Wrong Item Shipped,128.99
3246,81808,2024-06-22,Changed Mind,2509.74
3247,100153,2024-09-02,Defective Product,327.13
3248,96883,2025-12-05,Not as Described,211.67
3249,28667,2023-09-09,Defective Product,432.23
3250,22720,2024-09-14,Other,143.35
3251,37892,2025-02-06,Wrong Item Shipped,2626.48
3252,18586,2024-02-28,Changed Mind,1281.19
3253,70889,2023-10-07,Changed Mind,1042.56
3254,11741,2024-07-11,Changed Mind,385.01
3255,21120,2024-07-31,Damaged in Transit,1372.01
3256,16006,2025-06-18,Defective Product,716.9
3257,40346,2024-08-11,Other,252.58
3258,95794,2024-10-29,Wrong Item Shipped,976.19
3259,67979,2025-08-07,Damaged in Transit,881.81
3260,77193,2025-04-03,Defective Product,230.01
3261,76871,2025-10-28,Wrong Item Shipped,149.54
3262,11024,2024-12-11,Other,862.31
3263,22538,2025-06-26,Not as Described,266.05
3264,9223,2024-04-28,Defective Product,100.76
3265,61008,2025-04-18,Not as Described,1412.58
3266,16918,2025-10-26,Wrong Item Shipped,405.42
3267,88669,2025-09-08,Defective Product,1711.21
3268,75855,2025-06-01,Changed Mind,165.24
3269,20792,2025-02-10,Defective Product,213.19
3270,15363,2025-10-05,Defective Product,501.43
3271,41963,2024-12-05,Other,253.27
3272,96924,2024-04-20,Defective Product,616.28
3273,91150,2025-05-12,Wrong Item Shipped,708.72
3274,55380,2024-03-15,Wrong Item Shipped,501.82
3275,10328,2024-04-29,Defective Product,2897.9
3276,3883,2024-08-19,Other,383.16
3277,98392,2025-04-17,Other,1125.93
3278,66755,2024-04-08,Not as Described,882.39
3279,39889,2025-01-23,Defective Product,446.12
3280,99261,2025-05-14,Other,604.28
3281,92356,2025-11-09,Other,2841.59
3282,76537,2025-12-14,Damaged in Transit,649.94
3283,45168,2025-02-12,Other,151.02
3284,43190,2024-03-13,Defective Product,528.68
3285,41592,2025-08-20,Other,361.98
3286,17206,2025-02-05,Not as Described,175.87
3287,97734,2024-07-13,Changed Mind,3271.43
3288,45558,2025-11-20,Wrong Item Shipped,262.61
3289,28871,2025-10-29,Damaged in Transit,1321.1
3290,75573,2025-08-14,Damaged in Transit,558.38
3291,96834,2025-02-11,Wrong Item Shipped,655.94
3292,25186,2024-06-19,Damaged in Transit,65.43
3293,57948,2025-07-11,Defective Product,749.4
3294,53692,2025-04-24,Not as Described,130.81
3295,85019,2025-12-01,Other,343.87
3296,44549,2024-09-04,Wrong Item Shipped,1625.91
3297,44367,2024-11-04,Damaged in Transit,389.96
3298,69205,2025-03-31,Not as Described,601.69
3299,5201,2023-07-09,Other,1409.12
3300,55096,2024-10-05,Defective Product,198.53
3301,56243,2023-10-05,Not as Described,564.27
3302,45684,2025-11-15,Changed Mind,1276.22
3303,95696,2023-07-02,Not as Described,2637.59
3304,7829,2024-04-03,Changed Mind,190.69
3305,44321,2025-02-03,Changed Mind,1180.65
3306,72232,2024-09-09,Changed Mind,1388.01
3307,24912,2025-08-07,Other,413.94
3308,27962,2023-07-12,Wrong Item Shipped,49.29
3309,31278,2025-10-16,Changed Mind,825.58
3310,86185,2025-04-22,Damaged in Transit,235.8
3311,571,2025-08-13,Wrong Item Shipped,166.87
3312,61429,2025-05-06,Defective Product,352.91
3313,12142,2025-11-07,Not as Described,2027.63
3314,66054,2024-09-14,Wrong Item Shipped,460.95
3315,68437,2025-07-06,Not as Described,76.78
3316,90912,2024-04-13,Changed Mind,445.67
3317,66602,2025-08-17,Not as Described,546.68
3318,88619,2024-07-20,Changed Mind,709.17
3319,68597,2024-06-18,Wrong Item Shipped,885.71
3320,41094,2025-01-27,Other,882.66
3321,92090,2023-12-24,Other,505.61
3322,36638,2025-01-31,Damaged in Transit,778.98
3323,3688,2025-06-17,Damaged in Transit,834.82
3324,68299,2024-04-13,Changed Mind,2130.38
3325,101799,2024-11-23,Not as Described,2247.8
3326,66219,2025-03-17,Damaged in Transit,482.41
3327,17518,2024-09-10,Wrong Item Shipped,1148.44
3328,72449,2023-07-08,Defective Product,2517.91
3329,61523,2025-01-01,Other,3298.42
3330,26601,2025-04-08,Wrong Item Shipped,1523.92
3331,16631,2025-03-26,Other,2366.22
3332,75047,2025-08-09,Changed Mind,443.63
3333,44641,2024-07-26,Not as Described,682.18
3334,50975,2025-07-25,Not as Described,973.78
3335,8600,2024-12-08,Wrong Item Shipped,179.21
3336,71272,2025-08-04,Other,72.31
3337,36386,2023-06-01,Not as Described,1473.68
3338,100304,2024-12-04,Defective Product,273.34
3339,69627,2025-11-28,Other,2766.45
3340,78460,2025-07-30,Defective Product,1416.81
3341,29854,2024-07-10,Other,1867.88
3342,41894,2025-04-19,Damaged in Transit,427.23
3343,85905,2024-08-10,Wrong Item Shipped,344.78
3344,97351,2025-01-19,Defective Product,1354.56
3345,46662,2025-08-14,Not as Described,111.22
3346,23784,2025-06-30,Other,853.59
3347,97690,2025-09-06,Changed Mind,294.77
3348,23537,2025-06-05,Not as Described,379.17
3349,11465,2024-07-22,Other,310.89
3350,43397,2023-06-07,Other,541.6
3351,85932,2024-06-15,Not as Described,874.27
3352,76318,2025-09-09,Wrong Item Shipped,763.0
3353,68775,2025-04-20,Other,348.24
3354,67772,2025-09-23,Wrong Item Shipped,628.93
3355,5370,2024-06-09,Defective Product,534.06
3356,48792,2025-04-11,Changed Mind,172.03
3357,88045,2025-02-10,Other,783.25
3358,12362,2025-02-05,Other,407.89
3359,33643,2025-05-01,Changed Mind,668.38
3360,65275,2024-05-11,Wrong Item Shipped,835.14
3361,68177,2023-11-04,Not as Described,476.62
3362,61510,2025-04-14,Other,1563.28
3363,74952,2025-09-01,Damaged in Transit,169.92
3364,9886,2023-12-24,Changed Mind,2473.71
3365,3530,2024-12-15,Wrong Item Shipped,1657.09
3366,73321,2023-12-20,Changed Mind,373.92
3367,14996,2025-08-11,Other,423.73
3368,35781,2024-04-28,Damaged in Transit,3043.13
3369,54785,2024-02-16,Not as Described,2943.76
3370,90701,2025-08-28,Changed Mind,1540.0
3371,74074,2025-08-16,Not as Described,285.47
3372,24204,2023-03-20,Damaged in Transit,350.71
3373,76632,2024-12-09,Changed Mind,34.31
3374,76890,2025-04-14,Other,936.79
3375,34961,2025-05-02,Not as Described,114.76
3376,97171,2025-04-15,Not as Described,175.82
3377,99840,2024-12-05,Changed Mind,1129.54
3378,85845,2024-11-25,Not as Described,936.91
3379,46929,2023-12-22,Damaged in Transit,72.69
3380,92900,2023-03-19,Defective Product,397.42
3381,94885,2024-12-26,Defective Product,5055.58
3382,5567,2025-07-31,Other,198.51
3383,17621,2024-03-27,Defective Product,823.66
3384,76965,2024-06-15,Changed Mind,410.97
3385,13860,2025-02-07,Other,668.29
3386,79878,2024-08-03,Not as Described,317.58
3387,82917,2025-09-12,Defective Product,502.79
3388,22266,2025-06-02,Changed Mind,128.87
3389,74871,2025-03-01,Other,156.24
3390,100678,2025-05-19,Changed Mind,26.68
3391,23342,2025-05-10,Changed Mind,167.28
3392,40691,2024-01-23,Defective Product,1861.86
3393,66748,2025-08-20,Changed Mind,2636.16
3394,56477,2025-09-04,Other,548.65
3395,84855,2025-01-23,Changed Mind,270.8
3396,87784,2025-10-03,Other,1096.51
3397,86677,2024-12-26,Defective Product,727.89
3398,91612,2025-07-21,Defective Product,1241.58
3399,5647,2024-05-09,Other,61.95
3400,79704,2025-03-13,Damaged in Transit,88.23
3401,50240,2025-05-28,Damaged in Transit,439.34
3402,63474,2024-07-11,Not as Described,1263.15
3403,67040,2024-11-30,Changed Mind,1440.13
3404,10922,2025-07-01,Wrong Item Shipped,757.03
3405,92681,2024-02-10,Not as Described,440.94
3406,3920,2023-08-04,Damaged in Transit,2890.25
3407,51556,2024-08-08,Changed Mind,718.25
3408,9370,2024-11-28,Not as Described,943.9
3409,43138,2024-09-28,Changed Mind,1315.83
3410,69310,2025-08-06,Not as Described,1496.42
3411,95137,2024-07-24,Other,878.19
3412,91291,2025-07-22,Changed Mind,811.32
3413,68212,2025-06-30,Changed Mind,529.93
3414,35918,2023-04-20,Wrong Item Shipped,156.72
3415,69396,2025-05-19,Defective Product,638.86
3416,34221,2024-12-23,Defective Product,614.26
3417,17904,2025-08-04,Other,97.63
3418,72947,2023-08-29,Wrong Item Shipped,1213.28
3419,101880,2025-06-25,Changed Mind,295.95
3420,10675,2025-07-13,Wrong Item Shipped,345.58
3421,44485,2025-03-26,Defective Product,827.58
3422,23893,2024-02-24,Not as Described,88.97
3423,47201,2025-02-16,Changed Mind,243.59
3424,8815,2024-11-06,Damaged in Transit,1324.94
3425,23021,2024-05-05,Defective Product,742.11
3426,51487,2025-05-27,Wrong Item Shipped,210.05
3427,47253,2025-04-30,Changed Mind,1330.49
3428,36281,2024-11-30,Not as Described,232.03
3429,7554,2024-04-21,Changed Mind,17.42
3430,52447,2024-12-20,Damaged in Transit,831.48
3431,71588,2025-01-24,Not as Described,2242.84
3432,101372,2024-07-05,Not as Described,4000.17
3433,53500,2025-11-25,Wrong Item Shipped,912.17
3434,98296,2025-03-24,Other,1378.64
3435,59506,2023-03-12,Defective Product,360.8
3436,45824,2024-08-26,Other,1618.56
3437,35410,2024-03-21,Wrong Item Shipped,383.02
3438,30673,2024-02-16,Other,1049.06
3439,55378,2025-04-17,Other,539.12
3440,11807,2023-11-29,Changed Mind,50.21
3441,33901,2023-09-25,Not as Described,1450.84
3442,16395,2024-12-09,Wrong Item Shipped,762.93
3443,83390,2025-01-13,Other,155.75
3444,2953,2025-01-08,Wrong Item Shipped,820.79
3445,88753,2025-08-11,Wrong Item Shipped,652.69
3446,60314,2025-08-18,Defective Product,443.0
3447,23638,2025-05-12,Other,549.28
3448,49334,2024-05-26,Damaged in Transit,1929.42
3449,34143,2023-05-28,Changed Mind,274.41
3450,101822,2023-12-29,Changed Mind,1945.99
3451,76599,2024-06-28,Defective Product,1793.06
3452,20949,2025-09-13,Defective Product,192.15
3453,99760,2024-07-01,Wrong Item Shipped,465.26
3454,15340,2024-06-11,Not as Described,1195.51
3455,5378,2024-09-08,Damaged in Transit,1800.01
3456,51980,2024-08-17,Changed Mind,214.13
3457,93683,2025-10-07,Not as Described,1287.63
3458,45646,2024-11-25,Other,69.81
3459,13916,2025-10-25,Not as Described,385.05
3460,50177,2025-06-04,Damaged in Transit,1094.89
3461,50018,2024-07-19,Damaged in Transit,310.15
3462,9409,2024-10-11,Defective Product,94.36
3463,41687,2024-12-25,Damaged in Transit,111.24
3464,72463,2024-11-08,Other,310.77
3465,22597,2025-03-18,Wrong Item Shipped,1605.91
3466,85881,2024-09-26,Changed Mind,1044.91
3467,82617,2023-10-30,Changed Mind,142.16
3468,30403,2023-07-05,Other,113.93
3469,42621,2025-04-28,Other,744.19
3470,17661,2024-02-20,Other,260.59
3471,24390,2025-07-24,Other,1856.83
3472,34017,2024-12-30,Defective Product,1441.12
3473,26087,2024-06-12,Defective Product,3219.26
3474,96247,2025-10-06,Defective Product,36.96
3475,39529,2025-09-29,Changed Mind,285.94
3476,76444,2025-02-08,Wrong Item Shipped,2260.21
3477,18756,2024-03-27,Wrong Item Shipped,321.75
3478,51147,2025-01-07,Wrong Item Shipped,671.19
3479,100533,2023-11-30,Damaged in Transit,51.08
3480,30780,2025-05-24,Defective Product,505.86
3481,54617,2024-07-23,Defective Product,262.28
3482,26936,2024-09-23,Defective Product,227.85
3483,9423,2025-07-11,Damaged in Transit,893.44
3484,1439,2023-06-10,Damaged in Transit,808.28
3485,96620,2025-06-26,Damaged in Transit,1287.31
3486,86413,2023-12-19,Damaged in Transit,369.2
3487,61940,2025-10-27,Not as Described,413.89
3488,70028,2024-10-17,Not as Described,1993.57
3489,10777,2025-05-11,Damaged in Transit,831.59
3490,19726,2024-09-10,Not as Described,3829.14
3491,88815,2023-09-06,Damaged in Transit,1440.41
3492,18767,2025-08-29,Damaged in Transit,1413.41
3493,610,2025-05-08,Defective Product,367.48
3494,16289,2024-04-25,Wrong Item Shipped,518.97
3495,61396,2024-03-26,Not as Described,100.3
3496,90105,2025-06-16,Wrong Item Shipped,1266.91
3497,33667,2025-05-30,Other,265.19
3498,858,2025-01-30,Wrong Item Shipped,1601.84
3499,62204,2024-12-11,Wrong Item Shipped,328.3
3500,51968,2025-08-16,Changed Mind,60.6
3501,43705,2024-11-05,Wrong Item Shipped,2593.34
3502,84126,2024-11-18,Not as Described,698.05
3503,32992,2024-09-25,Damaged in Transit,1066.61
3504,76409,2024-10-13,Changed Mind,118.11
3505,27525,2023-03-17,Not as Described,2311.2
3506,61705,2023-04-07,Not as Described,88.64
3507,20784,2023-10-11,Other,96.32
3508,36549,2025-02-07,Damaged in Transit,219.51
3509,60486,2023-11-18,Not as Described,463.76
3510,60214,2024-09-13,Other,462.58
3511,51419,2023-12-10,Not as Described,522.43
3512,14597,2025-01-05,Wrong Item Shipped,640.52
3513,22679,2024-07-12,Damaged in Transit,1447.28
3514,63169,2024-04-21,Defective Product,503.28
3515,64657,2025-04-04,Other,1193.13
3516,93778,2024-06-28,Damaged in Transit,2402.93
3517,30293,2024-12-24,Defective Product,630.71
3518,23819,2023-11-28,Wrong Item Shipped,3619.6
3519,63452,2023-07-13,Changed Mind,196.59
3520,50858,2025-01-01,Other,599.65
3521,48221,2024-11-01,Changed Mind,877.99
3522,40316,2025-05-10,Not as Described,1366.66
3523,85963,2025-10-27,Other,2764.87
3524,79626,2024-10-08,Changed Mind,1090.36
3525,27909,2024-09-06,Changed Mind,2945.98
3526,84766,2024-11-19,Changed Mind,68.12
3527,29791,2025-07-15,Wrong Item Shipped,43.9
3528,58640,2024-05-20,Wrong Item Shipped,43.81
3529,83549,2024-03-30,Changed Mind,294.58
3530,54562,2024-06-08,Wrong Item Shipped,1858.49
3531,11675,2024-05-03,Other,3936.86
3532,92379,2025-03-15,Damaged in Transit,3115.58
3533,54608,2025-08-25,Changed Mind,1635.43
3534,2728,2023-10-10,Defective Product,363.84
3535,96458,2025-08-28,Wrong Item Shipped,204.73
3536,75974,2025-02-18,Not as Described,2059.5
3537,68850,2024-11-24,Not as Described,511.18
3538,57786,2024-11-17,Changed Mind,1052.51
3539,62044,2024-06-11,Other,1530.09
3540,78598,2024-11-29,Wrong Item Shipped,785.42
3541,32248,2025-04-12,Defective Product,232.33
3542,40118,2025-09-13,Defective Product,2563.63
3543,93993,2025-01-03,Not as Described,171.4
3544,61180,2025-11-14,Defective Product,1702.39
3545,44384,2025-05-27,Changed Mind,748.67
3546,4610,2025-10-17,Changed Mind,503.96
3547,9350,2025-05-24,Changed Mind,469.15
3548,18501,2024-04-29,Defective Product,666.75
3549,35095,2025-04-01,Damaged in Transit,98.56
3550,91808,2024-03-23,Wrong Item Shipped,1964.44
3551,29466,2025-10-30,Other,501.14
3552,56660,2025-02-17,Not as Described,1873.87
3553,97884,2025-06-05,Wrong Item Shipped,538.21
3554,332,2023-08-22,Defective Product,1133.55
3555,37755,2025-04-07,Other,1418.67
3556,53936,2024-10-19,Damaged in Transit,1436.62
3557,54538,2024-07-24,Not as Described,852.31
3558,13012,2025-02-16,Not as Described,358.3
3559,45849,2024-04-10,Not as Described,350.33
3560,42200,2024-04-20,Changed Mind,1083.09
3561,59981,2025-07-13,Changed Mind,1396.0
3562,81049,2025-10-20,Wrong Item Shipped,239.84
3563,31588,2024-08-17,Damaged in Transit,322.75
3564,73756,2024-02-02,Damaged in Transit,1769.34
3565,10267,2024-01-04,Not as Described,144.33
3566,31528,2024-01-04,Damaged in Transit,1438.41
3567,4600,2024-12-14,Changed Mind,269.89
3568,29834,2025-06-05,Defective Product,1209.59
3569,22421,2025-08-12,Defective Product,341.02
3570,55532,2025-02-21,Defective Product,1276.32
3571,2930,2024-09-24,Defective Product,1235.6
3572,87044,2024-12-04,Wrong Item Shipped,357.71
3573,73903,2025-04-01,Not as Described,2541.14
3574,71348,2024-09-20,Changed Mind,1910.78
3575,95099,2024-09-22,Defective Product,358.99
3576,63198,2025-01-03,Other,345.34
3577,55254,2024-12-05,Defective Product,1086.8
3578,46559,2025-05-05,Damaged in Transit,4475.28
3579,14865,2025-09-09,Defective Product,606.98
3580,50976,2025-03-21,Damaged in Transit,251.84
3581,11281,2025-02-18,Not as Described,2064.9
3582,41038,2024-11-30,Changed Mind,493.55
3583,54997,2025-04-26,Wrong Item Shipped,2307.0
3584,42243,2025-09-13,Wrong Item Shipped,838.48
3585,90510,2025-01-24,Wrong Item Shipped,1831.27
3586,65512,2025-02-23,Other,669.48
3587,37590,2025-01-08,Other,1525.92
3588,2352,2023-10-18,Not as Described,592.9
3589,95471,2025-06-24,Wrong Item Shipped,1018.38
3590,22723,2023-08-06,Changed Mind,188.6
3591,97906,2025-06-17,Changed Mind,558.58
3592,66077,2025-01-02,Damaged in Transit,636.35
3593,75360,2025-01-25,Damaged in Transit,768.02
3594,6663,2024-03-08,Wrong Item Shipped,399.11
3595,4036,2025-02-18,Other,329.19
3596,35555,2025-07-26,Defective Product,333.45
3597,67776,2024-07-26,Changed Mind,1434.44
3598,80228,2024-06-01,Damaged in Transit,163.98
3599,71005,2024-08-20,Damaged in Transit,619.93
3600,58202,2025-07-21,Not as Described,533.23
3601,97258,2024-09-07,Wrong Item Shipped,424.21
3602,33848,2024-04-26,Wrong Item Shipped,1069.96
3603,16033,2025-06-16,Not as Described,3891.23
3604,82474,2023-07-07,Wrong Item Shipped,627.39
3605,12827,2025-07-29,Changed Mind,977.77
3606,74809,2025-09-22,Not as Described,751.44
3607,98241,2025-05-31,Changed Mind,2969.88
3608,67788,2024-05-20,Defective Product,117.92
3609,3411,2024-09-06,Damaged in Transit,344.01
3610,5283,2024-12-26,Other,565.68
3611,4203,2025-03-05,Wrong Item Shipped,2421.11
3612,64384,2025-05-17,Wrong Item Shipped,271.83
3613,50505,2025-03-08,Damaged in Transit,30.12
3614,78585,2025-03-16,Not as Described,554.05
3615,59776,2025-05-10,Defective Product,764.77
3616,90873,2025-10-23,Damaged in Transit,174.52
3617,28411,2024-05-18,Damaged in Transit,592.73
3618,100551,2025-04-30,Defective Product,1120.04
3619,50961,2025-10-16,Defective Product,785.44
3620,27540,2025-09-04,Other,1601.03
3621,89960,2024-09-09,Wrong Item Shipped,2187.06
3622,20567,2024-09-04,Other,269.84
3623,14546,2025-04-05,Not as Described,1221.89
3624,53251,2025-02-09,Not as Described,2118.37
3625,3547,2024-07-25,Damaged in Transit,1899.7
3626,56718,2025-02-08,Other,96.35
3627,97723,2024-03-07,Damaged in Transit,243.43
3628,87378,2025-05-13,Not as Described,1062.55
3629,2469,2025-08-02,Not as Described,58.52
3630,9636,2024-04-17,Not as Described,746.24
3631,89526,2024-11-15,Changed Mind,381.45
3632,38494,2025-07-31,Changed Mind,491.0
3633,56547,2025-05-26,Other,65.87
3634,25715,2025-05-01,Not as Described,383.79
3635,27952,2023-10-15,Wrong Item Shipped,1135.61
3636,50406,2024-01-22,Changed Mind,735.15
3637,3150,2025-07-11,Defective Product,330.43
3638,26557,2025-08-09,Defective Product,1533.88
3639,47563,2025-04-10,Not as Described,1243.11
3640,87427,2025-09-14,Not as Described,525.93
3641,87369,2024-04-10,Not as Described,321.35
3642,99147,2025-06-27,Other,69.35
3643,38835,2025-02-17,Wrong Item Shipped,1081.2
3644,16443,2025-07-21,Not as Described,234.88
3645,54359,2025-12-13,Changed Mind,2694.61
3646,59980,2025-11-25,Defective Product,1049.54
3647,38357,2025-07-04,Damaged in Transit,37.74
3648,23444,2025-06-07,Changed Mind,1257.33
3649,40609,2023-06-25,Not as Described,2151.09
3650,73152,2024-01-16,Defective Product,2137.54
3651,9309,2023-08-10,Defective Product,155.43
3652,98488,2024-07-12,Wrong Item Shipped,539.23
3653,97771,2025-07-25,Other,3327.42
3654,44624,2023-07-25,Changed Mind,107.13
3655,62683,2025-02-21,Other,569.13
3656,49309,2025-09-01,Changed Mind,569.75
3657,37725,2025-07-06,Wrong Item Shipped,470.03
3658,70345,2023-08-13,Not as Described,65.26
3659,12481,2025-09-15,Wrong Item Shipped,264.82
3660,72784,2024-10-19,Not as Described,525.85
3661,97571,2023-06-20,Not as Described,134.66
3662,84559,2025-08-21,Other,1105.38
3663,76350,2024-04-28,Other,1161.09
3664,66907,2025-07-31,Wrong Item Shipped,669.63
3665,30414,2025-08-18,Not as Described,869.11
3666,33891,2025-05-02,Wrong Item Shipped,297.51
3667,97227,2024-07-25,Defective Product,398.82
3668,22701,2024-07-05,Changed Mind,1141.05
3669,29323,2025-04-29,Other,449.76
3670,31074,2025-03-01,Damaged in Transit,863.98
3671,39861,2024-07-14,Other,157.86
3672,62149,2024-09-28,Defective Product,695.54
3673,78485,2025-02-05,Defective Product,905.15
3674,42096,2024-04-01,Wrong Item Shipped,674.11
3675,36389,2024-06-22,Wrong Item Shipped,1214.89
3676,79142,2024-09-15,Changed Mind,2146.41
3677,82319,2024-12-21,Other,557.98
3678,99759,2023-06-27,Damaged in Transit,952.35
3679,90339,2025-06-27,Other,534.43
3680,10022,2025-01-16,Other,1527.85
3681,95368,2025-08-13,Changed Mind,805.06
3682,64992,2024-10-13,Not as Described,778.88
3683,15364,2024-05-04,Other,415.2
3684,47211,2025-02-11,Not as Described,970.63
3685,81414,2025-09-14,Changed Mind,896.55
3686,58107,2025-01-30,Damaged in Transit,508.25
3687,68481,2025-10-03,Not as Described,1286.24
3688,17242,2025-09-11,Not as Described,1120.88
3689,8447,2023-12-26,Wrong Item Shipped,885.14
3690,58439,2025-05-19,Changed Mind,965.01
3691,86029,2023-11-08,Not as Described,310.58
3692,36456,2025-01-04,Other,185.84
3693,34677,2025-02-17,Not as Described,1704.51
3694,31421,2024-09-08,Not as Described,589.96
3695,10352,2024-10-19,Defective Product,348.73
3696,56647,2024-01-20,Wrong Item Shipped,562.08
3697,97334,2025-04-24,Damaged in Transit,496.12
3698,21925,2025-05-29,Changed Mind,69.19
3699,48578,2023-10-13,Defective Product,366.28
3700,15891,2024-06-07,Damaged in Transit,1085.45
3701,61424,2025-09-16,Damaged in Transit,62.48
3702,22751,2025-01-28,Changed Mind,746.2
3703,59749,2023-08-29,Wrong Item Shipped,472.52
3704,39690,2025-06-11,Damaged in Transit,694.15
3705,80842,2023-10-11,Other,352.6
3706,75469,2024-07-12,Other,412.63
3707,45890,2024-01-21,Not as Described,901.76
3708,24650,2025-07-07,Defective Product,225.32
3709,100702,2024-01-12,Defective Product,485.28
3710,872,2024-05-01,Wrong Item Shipped,325.83
3711,54962,2024-05-10,Damaged in Transit,295.04
3712,8904,2025-06-03,Not as Described,423.98
3713,98762,2024-11-15,Changed Mind,506.24
3714,61481,2025-05-28,Wrong Item Shipped,658.86
3715,58373,2024-12-27,Other,778.11
3716,85846,2024-08-01,Other,1876.74
3717,30951,2025-05-11,Not as Described,200.43
3718,36971,2023-06-30,Wrong Item Shipped,734.21
3719,84073,2024-03-17,Other,1447.33
3720,65638,2024-11-14,Wrong Item Shipped,542.24
3721,67668,2024-04-12,Defective Product,183.44
3722,59602,2025-09-30,Defective Product,656.22
3723,2048,2023-07-09,Damaged in Transit,1966.84
3724,79909,2025-07-19,Other,934.32
3725,95016,2025-08-29,Changed Mind,724.91
3726,8196,2025-05-15,Wrong Item Shipped,1546.2
3727,74460,2024-09-05,Wrong Item Shipped,2676.53
3728,19672,2024-05-20,Wrong Item Shipped,420.04
3729,100020,2024-12-22,Wrong Item Shipped,4213.87
3730,18836,2025-06-15,Not as Described,160.81
3731,45817,2025-09-18,Not as Described,4043.99
3732,37932,2024-12-22,Damaged in Transit,22.06
3733,47708,2023-06-17,Not as Described,1110.27
3734,53189,2023-09-24,Defective Product,647.09
3735,49826,2024-03-09,Wrong Item Shipped,268.31
3736,61217,2023-12-31,Damaged in Transit,1204.19
3737,13707,2025-08-03,Defective Product,1334.79
3738,84024,2025-12-13,Defective Product,815.1
3739,67436,2025-01-22,Not as Described,2249.32
3740,42386,2024-03-15,Changed Mind,139.15
3741,55103,2025-02-07,Wrong Item Shipped,435.02
3742,41557,2023-08-10,Wrong Item Shipped,424.97
3743,703,2025-05-18,Damaged in Transit,514.01
3744,55767,2024-04-22,Not as Described,177.85
3745,97665,2025-05-29,Not as Described,1918.1
3746,67935,2025-04-08,Not as Described,450.19
3747,44024,2025-03-19,Defective Product,81.9
3748,61032,2024-11-17,Wrong Item Shipped,301.93
3749,41277,2025-02-20,Not as Described,307.06
3750,17391,2024-10-29,Changed Mind,201.28
3751,93635,2025-07-20,Changed Mind,2469.87
3752,77925,2024-03-21,Defective Product,149.35
3753,36061,2024-03-15,Defective Product,3244.43
3754,4413,2024-12-18,Damaged in Transit,67.82
3755,20985,2025-08-30,Damaged in Transit,1262.36
3756,88922,2024-01-30,Damaged in Transit,393.19
3757,22488,2024-10-02,Not as Described,1067.77
3758,26714,2025-10-24,Other,747.55
3759,76255,2023-09-26,Other,1181.07
3760,58661,2023-04-05,Not as Described,672.23
3761,19730,2025-01-25,Not as Described,547.35
3762,93168,2024-04-30,Wrong Item Shipped,2212.77
3763,94983,2023-05-30,Changed Mind,765.79
3764,83008,2024-03-30,Not as Described,640.61
3765,20538,2025-06-16,Defective Product,198.24
3766,143,2024-11-26,Wrong Item Shipped,208.6
3767,95840,2023-10-24,Wrong Item Shipped,433.64
3768,100446,2025-03-06,Other,1702.3
3769,5643,2024-06-08,Defective Product,3163.97
3770,91794,2025-01-21,Changed Mind,138.13
3771,34560,2024-01-14,Damaged in Transit,362.77
3772,40515,2024-02-09,Other,696.31
3773,22858,2025-09-15,Not as Described,1600.88
3774,48687,2024-12-15,Other,159.74
3775,75854,2024-07-05,Not as Described,641.26
3776,80262,2025-02-18,Damaged in Transit,241.99
3777,22779,2024-04-03,Not as Described,349.33
3778,65086,2024-09-27,Not as Described,3822.39
3779,101187,2024-10-12,Other,859.68
3780,12348,2024-12-08,Changed Mind,1657.8
3781,14291,2025-11-02,Wrong Item Shipped,51.01
3782,60547,2025-01-03,Not as Described,725.35
3783,43804,2023-08-22,Defective Product,152.39
3784,48336,2024-08-07,Defective Product,1302.3
3785,57034,2024-12-15,Not as Described,357.85
3786,83824,2024-04-05,Changed Mind,347.01
3787,66214,2025-01-10,Not as Described,598.68
3788,70968,2024-06-18,Defective Product,988.17
3789,15917,2024-06-26,Wrong Item Shipped,1007.51
3790,18560,2024-08-08,Not as Described,575.16
3791,101499,2025-04-26,Damaged in Transit,470.18
3792,28670,2023-12-05,Damaged in Transit,1288.84
3793,65236,2023-09-12,Not as Described,2752.32
3794,409,2025-03-20,Wrong Item Shipped,480.28
3795,30838,2025-06-17,Damaged in Transit,91.0
3796,8308,2025-10-19,Other,479.75
3797,38079,2025-08-02,Changed Mind,479.16
3798,13925,2025-08-28,Other,208.78
3799,66299,2024-08-06,Changed Mind,77.93
3800,43708,2024-04-02,Damaged in Transit,568.37
3801,24834,2024-08-20,Damaged in Transit,468.86
3802,50866,2024-10-18,Wrong Item Shipped,667.35
3803,32284,2024-03-12,Wrong Item Shipped,257.7
3804,14472,2025-08-12,Other,3483.11
3805,4491,2024-07-06,Damaged in Transit,885.53
3806,24606,2025-08-29,Not as Described,617.34
3807,9689,2023-10-30,Other,2842.8
3808,65555,2025-04-04,Not as Described,1291.26
3809,29421,2024-08-26,Changed Mind,74.4
3810,73649,2025-09-08,Not as Described,194.6
3811,40022,2024-02-15,Wrong Item Shipped,2352.51
3812,71269,2025-03-28,Not as Described,533.32
3813,31273,2025-04-01,Other,939.88
3814,36075,2023-08-08,Not as Described,1718.07
3815,12484,2025-04-22,Changed Mind,2942.91
3816,13271,2024-08-06,Other,240.43
3817,84496,2025-01-29,Not as Described,914.18
3818,91397,2025-08-09,Other,359.64
3819,33793,2025-05-18,Not as Described,243.34
3820,45048,2024-04-11,Defective Product,344.7
3821,65326,2025-06-02,Changed Mind,1139.71
3822,71803,2025-06-03,Other,1086.83
3823,24009,2023-04-07,Other,1301.02
3824,71646,2025-10-28,Other,549.16
3825,87014,2024-02-13,Changed Mind,417.44
3826,3764,2025-04-17,Damaged in Transit,1997.61
3827,25050,2023-08-09,Not as Described,138.92
3828,54338,2024-11-10,Other,1481.47
3829,92292,2025-08-16,Damaged in Transit,1406.0
3830,32162,2024-02-27,Other,560.97
3831,16165,2024-07-27,Damaged in Transit,60.98
3832,9270,2025-02-07,Other,242.99
3833,26447,2024-09-10,Wrong Item Shipped,827.03
3834,42321,2026-01-11,Wrong Item Shipped,407.91
3835,6360,2025-04-19,Damaged in Transit,896.21
3836,75582,2025-02-02,Wrong Item Shipped,304.05
3837,39355,2023-10-06,Not as Described,133.06
3838,74955,2023-10-19,Changed Mind,586.67
3839,94485,2023-08-30,Other,272.09
3840,86910,2025-02-07,Changed Mind,370.68
3841,86282,2025-07-18,Not as Described,120.23
3842,43855,2025-05-18,Wrong Item Shipped,429.24
3843,24115,2025-04-27,Defective Product,442.19
3844,96556,2025-09-25,Defective Product,188.17
3845,867,2023-11-07,Wrong Item Shipped,1974.33
3846,53798,2025-06-20,Changed Mind,292.89
3847,17423,2023-03-29,Not as Described,169.48
3848,83020,2024-10-22,Changed Mind,1327.93
3849,98530,2024-09-03,Defective Product,256.54
3850,94806,2025-02-02,Other,540.52
3851,14934,2025-01-30,Defective Product,2789.42
3852,1520,2025-08-28,Not as Described,293.61
3853,48854,2024-02-17,Other,1594.68
3854,91366,2023-08-04,Wrong Item Shipped,379.2
3855,92211,2024-02-08,Damaged in Transit,349.89
3856,39480,2024-09-19,Not as Described,970.6
3857,86026,2025-04-17,Damaged in Transit,1556.83
3858,59938,2025-03-14,Not as Described,299.88
3859,17385,2025-05-26,Wrong Item Shipped,134.04
3860,8251,2024-06-23,Defective Product,530.35
3861,66340,2023-11-03,Damaged in Transit,169.0
3862,78435,2025-07-01,Changed Mind,309.01
3863,88460,2023-08-29,Not as Described,555.43
3864,47874,2024-10-11,Damaged in Transit,608.02
3865,64292,2024-03-28,Other,72.64
3866,101476,2025-05-25,Wrong Item Shipped,960.98
3867,85007,2023-10-13,Not as Described,375.49
3868,12756,2025-02-10,Wrong Item Shipped,1898.33
3869,54806,2025-09-01,Damaged in Transit,479.43
3870,83056,2025-11-03,Defective Product,3302.11
3871,17971,2023-12-11,Damaged in Transit,2250.66
3872,34833,2025-06-24,Other,2510.17
3873,55950,2024-01-29,Defective Product,2043.1
3874,69745,2025-05-09,Defective Product,1066.82
3875,90450,2024-02-02,Defective Product,149.92
3876,21494,2024-02-11,Wrong Item Shipped,977.22
3877,91760,2025-08-23,Damaged in Transit,243.67
3878,74938,2024-12-07,Not as Described,224.12
3879,101563,2024-12-07,Changed Mind,69.52
3880,48094,2025-03-01,Other,577.9
3881,97333,2025-04-29,Defective Product,1458.37
3882,39943,2025-02-24,Defective Product,1990.28
3883,20797,2025-01-09,Defective Product,996.53
3884,23947,2023-11-16,Not as Described,132.07
3885,54245,2025-05-11,Changed Mind,691.82
3886,92311,2024-10-13,Not as Described,1045.46
3887,64542,2025-01-11,Defective Product,2087.23
3888,7765,2025-06-01,Changed Mind,945.03
3889,101949,2024-04-30,Changed Mind,2093.87
3890,20109,2025-01-06,Defective Product,13.11
3891,50089,2024-11-19,Changed Mind,2877.11
3892,26684,2024-08-03,Other,1284.35
3893,63848,2025-06-07,Damaged in Transit,1279.24
3894,61587,2025-05-23,Damaged in Transit,393.19
3895,82249,2025-01-24,Changed Mind,1470.86
3896,41269,2025-03-18,Other,212.02
3897,69426,2025-05-19,Defective Product,968.33
3898,7673,2025-05-15,Changed Mind,1261.46
3899,26897,2024-12-11,Not as Described,120.14
3900,93368,2025-05-11,Defective Product,517.13
3901,55296,2025-03-07,Changed Mind,819.08
3902,75259,2024-11-11,Wrong Item Shipped,242.65
3903,28621,2025-09-06,Other,1332.93
3904,87022,2024-01-23,Defective Product,428.31
3905,47733,2024-12-14,Other,657.81
3906,32958,2024-12-05,Wrong Item Shipped,619.6
3907,36636,2023-01-25,Wrong Item Shipped,1168.4
3908,19185,2024-07-24,Not as Described,256.61
3909,16291,2025-06-12,Not as Described,195.09
3910,82172,2025-04-10,Other,410.41
3911,22356,2025-10-17,Changed Mind,2605.88
3912,101687,2025-04-09,Damaged in Transit,121.43
3913,87723,2025-03-26,Defective Product,513.89
3914,34375,2025-07-24,Defective Product,330.75
3915,14483,2025-05-29,Damaged in Transit,904.91
3916,99581,2025-11-17,Other,2608.24
3917,39052,2025-06-19,Changed Mind,170.78
3918,101911,2025-07-22,Defective Product,232.16
3919,24230,2025-09-30,Not as Described,697.94
3920,94257,2025-05-10,Defective Product,144.2
3921,33088,2025-04-08,Other,720.52
3922,6441,2025-05-13,Changed Mind,1490.49
3923,32274,2025-08-05,Other,326.06
3924,10580,2023-03-29,Damaged in Transit,2266.6
3925,86462,2024-12-28,Not as Described,439.96
3926,37772,2023-04-12,Defective Product,712.19
3927,13861,2024-10-02,Wrong Item Shipped,2041.9
3928,18382,2025-10-22,Not as Described,364.43
3929,25326,2023-10-23,Not as Described,942.38
3930,21033,2025-02-11,Damaged in Transit,1586.03
3931,73246,2025-09-07,Other,1381.66
3932,32699,2025-02-17,Wrong Item Shipped,1054.01
3933,40199,2024-09-02,Defective Product,1020.16
3934,57974,2025-02-22,Damaged in Transit,920.7
3935,29017,2025-01-08,Not as Described,821.07
3936,101752,2024-09-09,Wrong Item Shipped,259.87
3937,10891,2024-04-20,Other,170.35
3938,61708,2023-11-13,Changed Mind,1274.28
3939,48503,2023-12-27,Other,363.46
3940,7524,2025-09-20,Not as Described,1266.93
3941,27298,2025-01-11,Changed Mind,279.59
3942,32681,2024-02-15,Not as Described,64.32
3943,101846,2025-03-09,Defective Product,2190.49
3944,84463,2025-04-16,Other,401.43
3945,15124,2025-01-11,Damaged in Transit,99.63
3946,81559,2024-08-28,Defective Product,358.83
3947,74453,2025-08-11,Changed Mind,1901.5
3948,32854,2023-12-20,Damaged in Transit,1030.51
3949,55590,2025-07-26,Not as Described,2162.0
3950,26256,2025-08-11,Other,2335.02
3951,36488,2025-02-13,Changed Mind,30.39
3952,80203,2024-10-20,Not as Described,172.19
3953,46306,2025-06-20,Defective Product,498.06
3954,17387,2025-09-29,Defective Product,550.02
3955,49097,2024-04-08,Changed Mind,894.74
3956,98026,2025-05-28,Not as Described,372.65
3957,97766,2025-07-12,Wrong Item Shipped,430.43
3958,28530,2024-06-15,Other,78.04
3959,52188,2024-12-20,Changed Mind,280.83
3960,15392,2024-09-26,Wrong Item Shipped,91.83
3961,82528,2025-05-20,Other,541.4
3962,30850,2025-09-26,Other,4685.58
3963,89855,2025-09-07,Other,186.8
3964,61462,2024-05-27,Not as Described,1380.77
3965,68327,2023-10-30,Defective Product,1370.48
3966,55800,2025-12-17,Damaged in Transit,281.28
3967,52931,2025-07-19,Other,1576.18
3968,71657,2023-08-29,Wrong Item Shipped,255.18
3969,94416,2025-08-02,Wrong Item Shipped,1374.01
3970,95015,2025-02-05,Changed Mind,913.74
3971,56127,2025-07-06,Other,2274.93
3972,69262,2025-05-20,Not as Described,381.1
3973,92399,2025-02-19,Changed Mind,539.94
3974,14609,2025-08-16,Defective Product,642.46
3975,35538,2023-07-03,Other,1697.13
3976,59495,2025-10-14,Wrong Item Shipped,338.16
3977,90910,2025-08-08,Not as Described,1455.2
3978,4139,2023-08-10,Wrong Item Shipped,2254.06
3979,77781,2024-05-05,Damaged in Transit,157.46
3980,18125,2025-05-06,Damaged in Transit,5012.46
3981,78776,2024-07-15,Changed Mind,460.23
3982,60057,2024-01-08,Wrong Item Shipped,1204.82
3983,100300,2024-02-15,Wrong Item Shipped,797.82
3984,89304,2025-02-02,Not as Described,229.18
3985,62347,2023-12-09,Changed Mind,410.76
3986,90122,2024-10-19,Other,355.87
3987,46660,2025-07-01,Other,941.16
3988,11307,2024-12-14,Defective Product,895.57
3989,96359,2025-08-30,Changed Mind,420.38
3990,58006,2024-09-17,Changed Mind,2083.15
3991,27370,2025-08-15,Not as Described,679.22
3992,43692,2023-06-14,Other,415.91
3993,24655,2025-07-24,Not as Described,1207.04
3994,85710,2024-02-09,Damaged in Transit,711.78
3995,101583,2025-01-04,Damaged in Transit,540.56
3996,52549,2023-08-26,Not as Described,466.8
3997,63237,2024-08-11,Not as Described,3253.74
3998,42002,2025-09-19,Not as Described,155.25
3999,64679,2024-10-26,Defective Product,3654.55
4000,72541,2024-11-10,Defective Product,376.45
4001,28668,2024-01-07,Wrong Item Shipped,25.67
4002,69533,2025-05-08,Changed Mind,265.87
4003,91571,2024-08-26,Defective Product,11.28
4004,89308,2024-11-27,Wrong Item Shipped,1448.79
4005,40158,2024-12-29,Defective Product,1927.63
4006,56378,2025-07-17,Damaged in Transit,159.89
4007,49433,2024-12-07,Damaged in Transit,107.56
4008,72636,2023-12-05,Other,630.28
4009,966,2025-05-14,Changed Mind,715.17
4010,10739,2025-02-01,Wrong Item Shipped,1156.51
4011,81950,2023-11-06,Changed Mind,7268.23
4012,5350,2025-05-31,Changed Mind,66.94
4013,80008,2024-07-16,Changed Mind,780.82
4014,43659,2025-06-05,Damaged in Transit,108.66
4015,1577,2025-04-07,Damaged in Transit,679.53
4016,19652,2025-09-19,Wrong Item Shipped,47.94
4017,8466,2023-08-12,Changed Mind,301.74
4018,58001,2023-11-02,Changed Mind,1391.94
4019,97242,2025-02-21,Defective Product,860.57
4020,4141,2024-12-10,Wrong Item Shipped,535.74
4021,83363,2025-08-25,Wrong Item Shipped,2689.78
4022,3514,2024-09-02,Defective Product,715.08
4023,41937,2025-01-14,Defective Product,338.58
4024,77292,2024-07-14,Wrong Item Shipped,431.05
4025,98713,2023-09-16,Not as Described,2700.74
4026,89512,2025-03-06,Damaged in Transit,334.85
4027,35979,2025-06-16,Damaged in Transit,961.61
4028,20373,2024-05-10,Defective Product,3010.01
4029,59331,2023-12-12,Wrong Item Shipped,492.72
4030,74353,2025-01-22,Other,1503.32
4031,19789,2025-02-01,Not as Described,644.54
4032,41065,2024-10-25,Not as Described,789.46
4033,20114,2024-11-11,Not as Described,887.27
4034,61792,2024-12-06,Defective Product,136.71
4035,74989,2025-11-15,Changed Mind,677.42
4036,95359,2024-12-11,Not as Described,1160.72
4037,91606,2024-03-09,Wrong Item Shipped,71.95
4038,76644,2025-07-23,Damaged in Transit,1789.05
4039,3568,2024-01-17,Not as Described,307.19
4040,48739,2023-05-08,Wrong Item Shipped,162.98
4041,94464,2025-02-04,Wrong Item Shipped,372.03
4042,92831,2024-06-19,Other,790.84
4043,36428,2025-08-04,Not as Described,222.8
4044,29575,2025-05-03,Changed Mind,1472.76
4045,93226,2025-02-18,Damaged in Transit,34.45
4046,13920,2024-12-31,Other,179.66
4047,44442,2025-05-12,Damaged in Transit,797.57
4048,55734,2025-08-23,Wrong Item Shipped,616.24
4049,29411,2023-12-19,Damaged in Transit,1285.24
4050,4667,2024-04-26,Not as Described,1186.32
4051,69514,2023-08-17,Wrong Item Shipped,539.03
4052,10659,2025-10-10,Defective Product,1028.88
4053,37038,2024-10-05,Defective Product,353.48
4054,16076,2024-11-30,Not as Described,360.48
4055,16202,2025-01-08,Other,3547.02
4056,43354,2025-11-01,Changed Mind,3600.74
4057,38940,2025-06-28,Other,104.62
4058,82185,2025-07-11,Changed Mind,1059.63
4059,99770,2024-07-13,Changed Mind,76.49
4060,20835,2025-08-01,Defective Product,637.51
4061,3520,2024-04-23,Damaged in Transit,43.45
4062,101800,2025-03-27,Changed Mind,768.0
4063,45614,2025-05-14,Wrong Item Shipped,2321.89
4064,11717,2025-04-28,Changed Mind,924.73
4065,100415,2025-10-21,Defective Product,124.92
4066,48274,2025-10-07,Changed Mind,5287.06
4067,52965,2025-05-07,Damaged in Transit,1086.06
4068,65611,2025-06-11,Other,1324.23
4069,82621,2025-11-20,Defective Product,1138.67
4070,18227,2024-11-08,Wrong Item Shipped,209.69
4071,12187,2025-07-16,Wrong Item Shipped,1350.37
4072,92812,2024-05-21,Wrong Item Shipped,476.68
4073,1320,2025-08-01,Changed Mind,993.82
4074,77033,2025-08-10,Other,1070.51
4075,45363,2025-09-23,Wrong Item Shipped,967.49
4076,87092,2024-10-19,Damaged in Transit,672.92
4077,16312,2025-03-03,Defective Product,1381.31
4078,84475,2025-07-16,Defective Product,1602.08
4079,26947,2025-07-04,Defective Product,1299.18
4080,49404,2024-02-09,Not as Described,279.4
4081,22746,2024-12-27,Defective Product,634.3
4082,71884,2025-05-25,Other,1191.48
4083,44352,2025-09-25,Not as Described,1692.11
4084,26910,2024-12-16,Wrong Item Shipped,547.75
4085,1038,2025-07-14,Not as Described,872.8
4086,81177,2025-02-17,Not as Described,937.67
4087,5319,2024-02-12,Not as Described,2830.93
4088,65188,2024-03-02,Other,798.35
4089,58042,2024-11-10,Defective Product,770.17
4090,48057,2023-07-06,Defective Product,610.09
4091,98018,2024-09-13,Not as Described,2242.9
4092,60004,2025-05-17,Other,771.89
4093,6959,2024-08-27,Other,621.08
4094,2540,2024-10-11,Damaged in Transit,350.52
4095,59953,2024-11-06,Not as Described,44.49
4096,49754,2023-08-11,Defective Product,287.04
4097,25894,2025-07-09,Wrong Item Shipped,800.38
4098,5722,2025-06-04,Defective Product,2246.09
4099,87152,2025-02-17,Other,1135.62
4100,70415,2025-10-10,Wrong Item Shipped,453.61
4101,101840,2024-10-27,Not as Described,461.97
4102,66579,2025-04-04,Defective Product,637.26
4103,76272,2024-12-02,Defective Product,1029.4
4104,90540,2025-06-29,Wrong Item Shipped,1355.0
4105,55928,2023-10-27,Not as Described,627.08
4106,52013,2024-01-25,Not as Described,168.71
4107,59739,2025-05-05,Wrong Item Shipped,624.81
4108,47705,2025-03-08,Changed Mind,2382.54
4109,69094,2025-09-27,Changed Mind,318.09
4110,35272,2025-08-13,Defective Product,541.93
4111,4351,2025-07-24,Defective Product,32.21
4112,68017,2023-02-21,Defective Product,4358.36
4113,22988,2025-05-30,Wrong Item Shipped,3087.65
4114,5541,2025-08-06,Wrong Item Shipped,119.17
4115,91343,2025-01-18,Damaged in Transit,286.7
4116,15875,2025-03-26,Not as Described,330.62
4117,25004,2025-09-07,Other,446.85
4118,48741,2025-07-29,Changed Mind,991.39
4119,84691,2024-12-09,Wrong Item Shipped,839.51
4120,98753,2025-08-22,Wrong Item Shipped,886.85
4121,86018,2024-11-11,Not as Described,605.32
4122,35833,2025-05-27,Changed Mind,1383.62
4123,73929,2024-10-09,Damaged in Transit,687.27
4124,22405,2024-09-08,Changed Mind,1454.73
4125,83417,2025-02-02,Defective Product,1125.62
4126,86701,2025-10-03,Damaged in Transit,70.78
4127,59936,2024-06-23,Other,439.29
4128,27141,2024-05-19,Changed Mind,3116.93
4129,47503,2024-08-01,Damaged in Transit,402.82
4130,99281,2025-03-30,Wrong Item Shipped,1065.35
4131,17640,2025-09-14,Not as Described,587.74
4132,43730,2024-05-18,Changed Mind,360.61
4133,83486,2025-02-02,Damaged in Transit,988.94
4134,88550,2024-07-18,Other,569.11
4135,61783,2025-01-27,Wrong Item Shipped,2845.28
4136,32555,2024-03-08,Damaged in Transit,1550.77
4137,101798,2024-09-25,Not as Described,3619.4
4138,101542,2024-05-22,Wrong Item Shipped,465.57
4139,88207,2025-05-27,Other,1900.64
4140,18345,2025-07-29,Wrong Item Shipped,199.27
4141,98844,2023-06-05,Wrong Item Shipped,219.27
4142,56344,2024-07-29,Damaged in Transit,1130.18
4143,47695,2024-01-21,Defective Product,1713.63
4144,19020,2025-07-19,Defective Product,1055.32
4145,69150,2025-12-26,Changed Mind,981.98
4146,98637,2023-10-27,Wrong Item Shipped,367.43
4147,174,2025-08-05,Defective Product,397.15
4148,512,2024-10-01,Other,100.3
4149,1368,2024-01-19,Not as Described,1615.71
4150,3095,2023-08-28,Not as Described,291.22
4151,40340,2025-03-07,Changed Mind,472.81
4152,8500,2025-02-08,Changed Mind,453.29
4153,76786,2024-04-01,Damaged in Transit,897.84
4154,4142,2025-07-05,Other,236.28
4155,28002,2023-09-17,Not as Described,3908.97
4156,40860,2025-04-04,Not as Described,331.06
4157,88939,2024-09-20,Wrong Item Shipped,224.72
4158,5105,2025-09-05,Not as Described,197.44
4159,46138,2023-05-22,Other,1587.86
4160,79744,2025-08-15,Not as Described,787.91
4161,22743,2025-04-28,Damaged in Transit,41.99
4162,51022,2025-03-27,Other,621.38
4163,9770,2025-02-12,Changed Mind,818.29
4164,93267,2025-06-01,Changed Mind,342.89
4165,59684,2024-05-14,Other,350.71
4166,32412,2025-04-03,Changed Mind,280.16
4167,74791,2025-08-21,Other,901.71
4168,72773,2025-05-06,Defective Product,235.63
4169,89278,2024-02-11,Other,2444.88
4170,96929,2024-09-11,Damaged in Transit,539.19
4171,28718,2023-12-26,Not as Described,224.31
4172,55297,2025-08-18,Wrong Item Shipped,184.33
4173,96288,2024-07-01,Wrong Item Shipped,391.97
4174,89470,2024-04-26,Other,256.44
4175,38127,2024-05-15,Defective Product,2245.76
4176,82447,2023-12-11,Damaged in Transit,307.4
4177,44555,2023-04-02,Wrong Item Shipped,232.93
4178,52289,2025-04-25,Damaged in Transit,705.63
4179,34433,2025-08-11,Changed Mind,270.87
4180,78555,2024-10-29,Not as Described,673.82
4181,12730,2025-09-08,Changed Mind,1351.65
4182,20288,2023-11-15,Not as Described,2332.72
4183,61724,2025-04-04,Damaged in Transit,2375.37
4184,61311,2025-04-08,Damaged in Transit,217.79
4185,15888,2024-08-15,Not as Described,1992.61
4186,18672,2024-08-10,Changed Mind,296.97
4187,5820,2025-02-08,Wrong Item Shipped,2288.23
4188,24829,2025-12-11,Damaged in Transit,1089.53
4189,32033,2025-06-07,Other,744.29
4190,3326,2025-09-21,Damaged in Transit,3371.86
4191,94669,2025-05-08,Other,264.86
4192,80811,2025-08-05,Wrong Item Shipped,469.74
4193,21531,2024-08-06,Changed Mind,632.58
4194,63321,2025-05-28,Other,205.58
4195,87560,2025-11-14,Defective Product,1118.44
4196,4316,2024-07-24,Wrong Item Shipped,153.09
4197,13139,2024-11-09,Damaged in Transit,1268.21
4198,26854,2025-04-12,Changed Mind,175.14
4199,52991,2024-03-15,Changed Mind,959.66
4200,87788,2025-06-04,Not as Described,209.45
4201,15863,2024-01-15,Not as Described,319.48
4202,91708,2023-11-18,Wrong Item Shipped,111.13
4203,53103,2025-11-26,Wrong Item Shipped,3184.39
4204,21903,2024-01-29,Other,2235.41
4205,53345,2025-02-04,Not as Described,1878.76
4206,76787,2025-02-04,Wrong Item Shipped,580.49
4207,34468,2025-07-11,Damaged in Transit,363.97
4208,48446,2023-04-20,Other,639.06
4209,58846,2024-07-06,Wrong Item Shipped,474.97
4210,14425,2024-12-26,Wrong Item Shipped,463.55
4211,76919,2024-10-09,Other,243.77
4212,33628,2023-09-19,Damaged in Transit,97.91
4213,40604,2025-09-16,Defective Product,2899.73
4214,7621,2025-05-08,Other,1494.76
4215,27596,2024-11-18,Changed Mind,141.01
4216,217,2024-11-22,Not as Described,1408.04
4217,16205,2024-07-28,Defective Product,727.94
4218,47133,2025-03-02,Not as Described,145.29
4219,5677,2025-04-03,Wrong Item Shipped,120.5
4220,44402,2025-09-09,Not as Described,1160.34
4221,53194,2025-01-08,Wrong Item Shipped,1206.86
4222,40385,2024-06-05,Defective Product,1152.36
4223,52498,2024-09-01,Defective Product,738.71
4224,101966,2025-11-09,Other,1577.32
4225,52960,2025-12-05,Not as Described,779.97
4226,8362,2025-02-17,Other,126.78
4227,66222,2023-05-21,Changed Mind,266.88
4228,25962,2024-10-12,Changed Mind,2735.86
4229,23705,2025-09-19,Other,189.36
4230,83174,2023-08-31,Other,306.91
4231,49751,2024-08-10,Defective Product,133.12
4232,1254,2024-05-17,Other,548.56
4233,86368,2025-06-11,Other,364.52
4234,5433,2025-03-22,Damaged in Transit,277.38
4235,75668,2025-07-20,Not as Described,456.55
4236,34927,2025-08-03,Other,339.73
4237,21663,2025-04-09,Damaged in Transit,307.86
4238,38647,2025-01-13,Other,5650.14
4239,89489,2025-08-07,Damaged in Transit,121.11
4240,92929,2025-11-20,Other,377.84
4241,30077,2024-10-17,Not as Described,2080.53
4242,77907,2025-02-06,Defective Product,1843.98
4243,22409,2025-08-26,Not as Described,1855.72
4244,12617,2024-09-18,Damaged in Transit,2228.45
4245,26902,2025-03-25,Not as Described,103.28
4246,6897,2024-04-27,Wrong Item Shipped,475.8
4247,89731,2024-08-20,Changed Mind,535.43
4248,37664,2025-08-28,Other,384.07
4249,12949,2024-07-01,Other,382.68
4250,52138,2025-07-13,Wrong Item Shipped,2317.08
4251,54062,2024-02-25,Other,343.3
4252,3461,2025-03-30,Other,390.39
4253,35357,2025-10-05,Defective Product,758.39
4254,43155,2025-02-15,Changed Mind,536.05
4255,33157,2025-07-21,Damaged in Transit,423.76
4256,22925,2025-04-23,Defective Product,835.23
4257,58154,2024-07-12,Other,836.52
4258,33850,2025-04-20,Other,1752.16
4259,34249,2024-07-20,Wrong Item Shipped,769.33
4260,90063,2025-12-16,Damaged in Transit,384.8
4261,5448,2024-04-10,Not as Described,2021.65
4262,12098,2025-03-19,Wrong Item Shipped,1721.82
4263,71666,2024-08-24,Changed Mind,702.65
4264,12993,2023-08-30,Damaged in Transit,608.49
4265,39143,2024-08-09,Other,786.67
4266,9941,2025-03-25,Not as Described,89.21
4267,55909,2025-01-17,Wrong Item Shipped,2435.37
4268,74349,2023-12-14,Not as Described,189.57
4269,1935,2025-02-14,Wrong Item Shipped,195.34
4270,72038,2024-01-31,Wrong Item Shipped,1590.25
4271,28254,2023-12-06,Damaged in Transit,948.59
4272,67638,2024-05-28,Changed Mind,280.38
4273,42147,2025-02-24,Wrong Item Shipped,1431.65
4274,62967,2025-07-23,Wrong Item Shipped,593.78
4275,50909,2025-11-24,Other,2902.98
4276,19931,2024-01-29,Damaged in Transit,86.19
4277,45601,2025-05-29,Not as Described,1382.17
4278,10057,2023-11-04,Changed Mind,1294.23
4279,90097,2023-12-14,Defective Product,1123.15
4280,93728,2023-03-30,Defective Product,549.8
4281,34121,2025-05-22,Other,2597.57
4282,3954,2025-01-05,Other,513.39
4283,57343,2024-07-17,Damaged in Transit,195.2
4284,82431,2023-04-28,Defective Product,686.96
4285,33777,2024-03-05,Defective Product,1333.07
4286,37792,2024-06-28,Changed Mind,1132.8
4287,1127,2024-09-22,Defective Product,423.17
4288,16059,2024-02-02,Changed Mind,346.74
4289,35903,2025-04-18,Wrong Item Shipped,726.84
4290,71829,2024-03-30,Changed Mind,417.8
4291,9300,2025-05-02,Wrong Item Shipped,370.06
4292,77671,2025-01-09,Damaged in Transit,614.05
4293,98142,2024-07-12,Not as Described,1151.19
4294,64270,2025-07-28,Damaged in Transit,396.85
4295,62457,2025-04-03,Not as Described,797.58
4296,89535,2024-01-16,Damaged in Transit,116.91
4297,58904,2025-07-01,Other,3295.0
4298,74033,2024-12-13,Defective Product,1879.44
4299,101413,2025-07-02,Other,220.75
4300,34505,2024-10-26,Other,278.55
4301,40949,2025-02-09,Wrong Item Shipped,339.07
4302,77824,2024-11-10,Wrong Item Shipped,3727.53
4303,18704,2025-05-07,Other,459.41
4304,33083,2025-06-13,Not as Described,262.98
4305,63245,2025-08-06,Wrong Item Shipped,682.67
4306,1379,2025-06-04,Damaged in Transit,877.95
4307,61895,2025-12-03,Wrong Item Shipped,664.77
4308,60567,2023-06-03,Wrong Item Shipped,20.01
4309,36631,2024-09-05,Wrong Item Shipped,283.93
4310,32487,2024-11-09,Not as Described,66.98
4311,41899,2025-03-19,Defective Product,1116.3
4312,14669,2024-06-21,Not as Described,1257.05
4313,48044,2023-12-08,Wrong Item Shipped,3258.5
4314,92984,2023-10-24,Changed Mind,1444.95
4315,32597,2025-10-20,Changed Mind,53.57
4316,97275,2025-10-07,Defective Product,1279.34
4317,30861,2025-08-25,Defective Product,192.28
4318,56971,2023-07-07,Not as Described,6251.82
4319,41698,2023-07-15,Wrong Item Shipped,710.27
4320,56260,2025-08-18,Changed Mind,1517.96
4321,22414,2023-12-06,Not as Described,692.85
4322,744,2025-09-09,Changed Mind,900.96
4323,50318,2025-04-06,Other,1098.57
4324,78172,2025-02-14,Defective Product,814.8
4325,44236,2024-05-26,Other,1066.57
4326,59092,2025-07-25,Wrong Item Shipped,887.43
4327,25354,2025-04-13,Damaged in Transit,96.21
4328,83810,2025-10-23,Wrong Item Shipped,329.99
4329,2711,2024-03-02,Other,988.3
4330,28095,2025-06-30,Wrong Item Shipped,5230.42
4331,98477,2025-03-19,Other,1280.64
4332,10526,2024-07-07,Wrong Item Shipped,1259.17
4333,48555,2025-04-19,Other,367.56
4334,62618,2025-10-31,Defective Product,53.09
4335,18612,2024-08-29,Changed Mind,278.55
4336,11088,2025-09-28,Wrong Item Shipped,799.06
4337,38569,2025-02-16,Changed Mind,1090.56
4338,47710,2023-05-08,Wrong Item Shipped,1656.75
4339,24861,2025-07-10,Changed Mind,1123.77
4340,30709,2025-03-30,Wrong Item Shipped,409.33
4341,95674,2024-08-10,Wrong Item Shipped,546.25
4342,4284,2024-09-03,Other,1125.42
4343,94313,2025-01-18,Other,283.64
4344,17103,2023-08-01,Defective Product,1049.83
4345,43683,2024-08-04,Damaged in Transit,56.62
4346,88308,2025-04-16,Defective Product,1130.23
4347,68773,2025-08-09,Damaged in Transit,54.42
4348,15903,2023-12-06,Wrong Item Shipped,255.94
4349,99161,2025-03-25,Changed Mind,350.7
4350,39647,2025-09-24,Wrong Item Shipped,1645.0
4351,93482,2025-01-10,Changed Mind,960.99
4352,51302,2024-07-26,Defective Product,930.31
4353,6888,2025-01-01,Other,1909.39
4354,32534,2025-03-25,Changed Mind,161.33
4355,30448,2023-10-28,Changed Mind,497.09
4356,58862,2024-09-30,Defective Product,461.52
4357,81261,2023-08-31,Wrong Item Shipped,29.68
4358,81870,2025-01-31,Damaged in Transit,1043.29
4359,74185,2025-07-15,Changed Mind,241.54
4360,55173,2024-12-23,Damaged in Transit,637.14
4361,19075,2024-07-03,Changed Mind,895.83
4362,41339,2025-03-13,Not as Described,1623.56
4363,2518,2025-08-03,Defective Product,1463.23
4364,40024,2024-12-31,Not as Described,517.96
4365,53542,2024-11-04,Other,3795.7
4366,1917,2024-07-06,Defective Product,425.96
4367,29133,2025-01-26,Not as Described,1615.07
4368,41133,2025-06-24,Other,831.36
4369,79165,2025-09-12,Not as Described,3088.08
4370,20431,2025-02-25,Changed Mind,1836.75
4371,74077,2025-06-17,Wrong Item Shipped,3242.37
4372,99675,2023-09-11,Damaged in Transit,704.9
4373,76684,2024-09-07,Changed Mind,864.26
4374,37160,2025-03-21,Other,435.05
4375,11710,2025-03-29,Wrong Item Shipped,2292.3
4376,66035,2025-03-20,Defective Product,439.09
4377,19914,2025-11-01,Changed Mind,1949.97
4378,60309,2025-05-06,Damaged in Transit,1137.15
4379,5,2024-12-21,Damaged in Transit,788.47
4380,63981,2025-06-06,Damaged in Transit,636.28
4381,86754,2024-01-31,Not as Described,269.47
4382,45206,2025-05-11,Other,1161.64
4383,76626,2025-08-17,Other,475.16
4384,17365,2023-04-21,Damaged in Transit,812.37
4385,81424,2025-09-20,Changed Mind,2327.44
4386,78255,2025-02-14,Damaged in Transit,93.95
4387,22383,2025-06-29,Damaged in Transit,1841.52
4388,16555,2024-08-28,Not as Described,70.24
4389,12079,2025-07-01,Changed Mind,135.08
4390,82274,2025-07-16,Damaged in Transit,68.56
4391,79584,2024-11-20,Changed Mind,4067.8
4392,40086,2024-07-18,Damaged in Transit,205.76
4393,56828,2024-04-23,Not as Described,801.67
4394,34857,2023-11-05,Wrong Item Shipped,356.67
4395,45641,2025-03-17,Damaged in Transit,2837.88
4396,44130,2023-08-24,Changed Mind,292.36
4397,81438,2023-11-13,Defective Product,469.08
4398,825,2025-09-15,Other,1774.52
4399,33116,2024-08-18,Wrong Item Shipped,158.31
4400,13947,2023-04-22,Changed Mind,1897.66
4401,78099,2025-10-09,Not as Described,461.5
4402,51061,2025-01-17,Wrong Item Shipped,875.73
4403,9898,2024-12-09,Not as Described,36.92
4404,419,2025-05-31,Defective Product,186.36
4405,60009,2024-10-30,Changed Mind,3614.45
4406,62866,2025-11-11,Not as Described,4040.94
4407,12495,2025-05-05,Defective Product,2361.21
4408,14668,2024-04-25,Defective Product,649.62
4409,55801,2024-10-26,Changed Mind,277.07
4410,42272,2024-02-19,Not as Described,311.47
4411,25536,2023-10-06,Damaged in Transit,1269.31
4412,89269,2024-05-02,Wrong Item Shipped,199.24
4413,3437,2023-08-28,Not as Described,423.17
4414,39147,2024-05-22,Wrong Item Shipped,487.02
4415,85267,2025-08-24,Changed Mind,455.37
4416,63832,2024-05-13,Other,63.56
4417,35542,2025-06-01,Wrong Item Shipped,737.16
4418,7225,2025-05-09,Changed Mind,328.04
4419,101497,2024-10-05,Not as Described,37.58
4420,57059,2025-07-20,Other,3045.09
4421,56005,2025-07-14,Defective Product,486.62
4422,77144,2024-05-29,Wrong Item Shipped,130.48
4423,14920,2025-06-01,Not as Described,618.91
4424,65383,2024-11-29,Damaged in Transit,16.59
4425,82181,2024-01-31,Not as Described,90.37
4426,27040,2025-02-17,Defective Product,483.82
4427,53134,2025-05-16,Defective Product,1162.38
4428,64396,2025-10-01,Defective Product,329.0
4429,82285,2024-11-19,Wrong Item Shipped,838.02
4430,64331,2025-08-27,Damaged in Transit,717.86
4431,33110,2025-10-13,Wrong Item Shipped,715.02
4432,56632,2024-12-06,Damaged in Transit,549.54
4433,68120,2025-04-10,Other,226.48
4434,24365,2025-01-10,Defective Product,1590.16
4435,82514,2024-08-27,Damaged in Transit,395.24
4436,65412,2023-12-09,Wrong Item Shipped,583.68
4437,37207,2025-01-31,Changed Mind,234.56
4438,43191,2025-02-16,Damaged in Transit,1385.66
4439,88423,2025-10-21,Damaged in Transit,848.79
4440,58741,2025-02-10,Damaged in Transit,654.42
4441,71620,2023-10-07,Not as Described,2155.87
4442,12526,2024-08-19,Changed Mind,2241.1
4443,46165,2025-01-31,Other,704.91
4444,4327,2025-04-07,Other,1438.38
4445,71334,2024-08-12,Not as Described,2277.9
4446,48443,2025-06-10,Not as Described,2853.9
4447,66307,2025-04-01,Changed Mind,270.73
4448,79632,2025-02-22,Changed Mind,319.03
4449,50953,2025-06-08,Not as Described,274.35
4450,31871,2024-04-21,Damaged in Transit,355.22
4451,38409,2025-07-25,Other,1431.86
4452,17911,2025-04-04,Other,573.15
4453,90889,2024-07-12,Wrong Item Shipped,226.5
4454,60994,2024-09-01,Other,2428.93
4455,11051,2025-05-31,Other,649.07
4456,58858,2024-10-02,Wrong Item Shipped,1377.34
4457,70544,2025-07-03,Damaged in Transit,2014.46
4458,25518,2025-02-27,Damaged in Transit,2061.09
4459,51923,2025-08-18,Wrong Item Shipped,343.99
4460,23338,2025-03-29,Not as Described,843.45
4461,55792,2025-03-29,Not as Described,1476.43
4462,45837,2025-06-03,Wrong Item Shipped,838.05
4463,49544,2025-03-07,Damaged in Transit,71.43
4464,28377,2025-07-19,Not as Described,825.16
4465,78005,2023-07-28,Wrong Item Shipped,343.99
4466,64059,2025-06-25,Wrong Item Shipped,719.88
4467,19675,2025-04-30,Defective Product,2268.63
4468,96433,2025-05-09,Wrong Item Shipped,1334.47
4469,13958,2025-02-05,Other,472.7
4470,2797,2024-02-12,Defective Product,572.62
4471,37182,2025-04-28,Changed Mind,10235.66
4472,90661,2024-09-27,Other,990.18
4473,82738,2024-12-10,Other,3748.58
4474,15798,2025-04-16,Wrong Item Shipped,734.32
4475,4330,2024-10-15,Not as Described,1506.53
4476,32090,2025-07-27,Other,547.49
4477,59230,2023-10-07,Damaged in Transit,135.58
4478,48613,2024-02-06,Damaged in Transit,529.31
4479,72543,2023-09-21,Damaged in Transit,889.86
4480,7840,2025-02-07,Other,355.86
4481,89891,2025-06-02,Damaged in Transit,1745.66
4482,50284,2025-01-27,Other,3324.17
4483,49006,2024-05-10,Changed Mind,124.05
4484,89949,2025-03-16,Defective Product,542.53
4485,11365,2025-07-14,Defective Product,199.12
4486,3479,2025-08-19,Wrong Item Shipped,495.86
4487,98812,2024-08-24,Other,356.27
4488,26759,2023-06-23,Changed Mind,1662.01
4489,31950,2024-05-01,Other,393.33
4490,32317,2025-07-30,Wrong Item Shipped,477.6
4491,101303,2025-07-10,Defective Product,776.83
4492,67764,2025-02-17,Changed Mind,15.45
4493,97182,2025-08-14,Defective Product,816.64
4494,57897,2025-08-22,Changed Mind,99.03
4495,7218,2025-06-04,Defective Product,390.08
4496,596,2024-04-29,Other,525.28
4497,74160,2024-11-05,Wrong Item Shipped,2427.73
4498,68554,2023-04-25,Not as Described,248.35
4499,11317,2024-06-18,Damaged in Transit,839.7
4500,23978,2025-09-05,Wrong Item Shipped,764.31
4501,88546,2024-12-03,Wrong Item Shipped,740.95
4502,100737,2024-09-29,Wrong Item Shipped,719.76
4503,1154,2023-11-21,Other,866.41
4504,39683,2025-01-01,Wrong Item Shipped,551.62
4505,64127,2025-06-16,Other,780.14
4506,25610,2025-05-14,Wrong Item Shipped,2646.28
4507,5594,2024-03-03,Wrong Item Shipped,276.59
4508,20776,2024-11-13,Changed Mind,2355.0
4509,61158,2024-05-27,Damaged in Transit,678.84
4510,70320,2024-12-04,Changed Mind,1078.42
4511,100725,2025-04-08,Not as Described,1037.51
4512,79069,2024-11-17,Damaged in Transit,515.17
4513,44834,2025-08-03,Changed Mind,310.89
4514,100878,2024-04-07,Changed Mind,457.89
4515,15466,2024-02-13,Wrong Item Shipped,394.11
4516,97410,2024-01-26,Changed Mind,204.96
4517,25636,2025-01-04,Wrong Item Shipped,1312.31
4518,10985,2025-08-04,Other,802.95
4519,27866,2024-01-05,Changed Mind,709.92
4520,99227,2023-05-29,Changed Mind,1764.62
4521,73723,2024-09-23,Changed Mind,674.76
4522,17108,2025-01-21,Other,1333.95
4523,56470,2024-08-13,Other,1288.23
4524,49007,2025-03-02,Wrong Item Shipped,312.78
4525,16409,2025-11-03,Not as Described,237.73
4526,32805,2025-09-26,Defective Product,1452.2
4527,2859,2023-12-11,Changed Mind,1737.45
4528,40124,2024-08-02,Changed Mind,489.95
4529,70172,2025-05-27,Defective Product,858.82
4530,21031,2024-03-11,Not as Described,746.86
4531,79884,2025-06-29,Not as Described,300.12
4532,50518,2024-10-26,Wrong Item Shipped,323.82
4533,17553,2023-03-14,Changed Mind,527.51
4534,12300,2024-10-24,Wrong Item Shipped,790.21
4535,27926,2024-11-08,Wrong Item Shipped,705.47
4536,96642,2024-08-06,Changed Mind,1201.31
4537,23986,2024-06-15,Defective Product,374.72
4538,10126,2025-02-23,Other,3248.72
4539,17175,2024-09-09,Other,5027.03
4540,76331,2024-09-25,Not as Described,221.65
4541,45755,2024-09-30,Defective Product,1555.55
4542,24756,2025-01-03,Not as Described,757.22
4543,40480,2023-08-20,Wrong Item Shipped,164.89
4544,9621,2023-08-02,Not as Described,48.09
4545,76342,2023-07-28,Defective Product,642.3
4546,36504,2025-07-24,Other,876.32
4547,11677,2024-10-12,Changed Mind,2428.78
4548,55585,2025-04-15,Changed Mind,875.51
4549,41162,2025-07-13,Other,615.28
4550,94379,2025-04-30,Not as Described,1671.94
4551,11921,2025-01-04,Wrong Item Shipped,1076.52
4552,54824,2023-11-23,Changed Mind,268.2
4553,26431,2023-07-30,Damaged in Transit,815.52
4554,14637,2025-07-11,Defective Product,4891.35
4555,53604,2024-06-06,Wrong Item Shipped,619.24
4556,43466,2024-07-26,Damaged in Transit,712.12
4557,29190,2024-11-07,Changed Mind,804.67
4558,70860,2024-10-23,Defective Product,353.95
4559,59969,2024-12-07,Damaged in Transit,1802.9
4560,91135,2025-03-20,Defective Product,1260.63
4561,80492,2025-03-27,Defective Product,531.6
4562,30036,2025-07-08,Changed Mind,148.93
4563,26957,2025-01-27,Wrong Item Shipped,890.61
4564,15940,2025-08-11,Damaged in Transit,1292.03
4565,71762,2023-10-21,Wrong Item Shipped,696.57
4566,97916,2025-08-04,Not as Described,5470.76
4567,98055,2025-03-10,Not as Described,1369.1
4568,95656,2024-03-05,Wrong Item Shipped,513.31
4569,61120,2025-02-11,Defective Product,499.96
4570,80258,2024-05-03,Wrong Item Shipped,698.59
4571,99200,2025-12-14,Changed Mind,1033.59
4572,95537,2025-11-17,Changed Mind,505.94
4573,97356,2023-05-25,Wrong Item Shipped,1168.67
4574,97399,2023-09-28,Changed Mind,392.69
4575,66816,2025-08-21,Damaged in Transit,1099.71
4576,33359,2024-07-02,Damaged in Transit,446.71
4577,95973,2023-11-10,Changed Mind,2388.8
4578,22755,2023-09-09,Not as Described,131.24
4579,5901,2024-08-28,Other,884.17
4580,37655,2024-04-10,Not as Described,563.39
4581,7045,2024-06-14,Changed Mind,183.34
4582,48146,2025-07-04,Damaged in Transit,1439.96
4583,38982,2024-01-02,Other,116.19
4584,85899,2024-09-08,Changed Mind,647.11
4585,15076,2025-03-12,Other,1049.74
4586,79164,2025-05-11,Defective Product,629.81
4587,77726,2024-11-09,Changed Mind,933.87
4588,34104,2023-12-05,Damaged in Transit,1807.92
4589,62765,2024-02-20,Other,131.95
4590,17474,2025-03-22,Other,1956.68
4591,92574,2024-12-19,Defective Product,444.27
4592,62527,2024-11-01,Damaged in Transit,971.92
4593,35275,2024-03-07,Changed Mind,1817.72
4594,87198,2024-11-15,Not as Described,3126.55
4595,18911,2024-12-05,Defective Product,152.28
4596,34823,2023-05-27,Defective Product,389.63
4597,49402,2023-12-23,Defective Product,1465.63
4598,94794,2025-10-14,Other,1135.47
4599,80345,2024-08-09,Changed Mind,688.55
4600,19340,2025-05-10,Defective Product,221.09
4601,74413,2025-07-20,Wrong Item Shipped,759.55
4602,91384,2025-06-15,Defective Product,897.73
4603,80403,2025-02-22,Not as Described,120.49
4604,58961,2024-12-31,Defective Product,3384.16
4605,101787,2025-07-26,Defective Product,268.88
4606,79812,2024-08-23,Changed Mind,384.59
4607,42316,2025-07-19,Wrong Item Shipped,1018.43
4608,42104,2025-05-24,Other,3637.48
4609,89359,2025-02-03,Defective Product,508.97
4610,15775,2024-04-11,Wrong Item Shipped,347.57
4611,96469,2025-06-06,Wrong Item Shipped,649.68
4612,47578,2025-01-11,Damaged in Transit,437.55
4613,30899,2024-08-16,Damaged in Transit,1410.99
4614,62027,2025-09-14,Other,160.25
4615,85585,2024-02-09,Changed Mind,140.41
4616,25316,2024-02-03,Not as Described,1944.71
4617,81018,2023-06-30,Wrong Item Shipped,251.77
4618,67808,2024-10-22,Wrong Item Shipped,139.47
4619,87048,2025-08-11,Changed Mind,210.73
4620,64638,2024-09-22,Not as Described,2317.4
4621,80902,2025-10-22,Not as Described,2314.93
4622,28167,2024-03-03,Damaged in Transit,151.7
4623,4303,2025-06-30,Defective Product,120.58
4624,59541,2025-03-15,Wrong Item Shipped,317.46
4625,62309,2023-12-27,Wrong Item Shipped,40.96
4626,66539,2025-01-16,Defective Product,486.83
4627,75696,2024-05-17,Other,265.93
4628,33074,2025-03-25,Defective Product,460.99
4629,52862,2024-07-17,Not as Described,655.99
4630,7032,2025-05-07,Damaged in Transit,267.32
4631,86404,2024-08-10,Damaged in Transit,1419.76
4632,99767,2025-05-02,Defective Product,1158.33
4633,8697,2025-02-08,Wrong Item Shipped,1431.3
4634,84537,2024-08-30,Wrong Item Shipped,79.69
4635,14061,2025-05-11,Other,122.46
4636,12552,2024-12-29,Not as Described,1273.65
4637,26973,2024-04-07,Other,373.18
4638,25270,2023-04-20,Damaged in Transit,595.4
4639,14576,2024-10-07,Not as Described,1920.88
4640,52797,2024-08-12,Other,1349.06
4641,71667,2024-10-01,Other,507.37
4642,26115,2024-01-25,Wrong Item Shipped,193.84
4643,30588,2025-03-18,Changed Mind,502.19
4644,95770,2025-03-29,Not as Described,188.0
4645,49014,2024-11-02,Other,652.19
4646,22178,2024-11-15,Changed Mind,656.92
4647,3421,2023-08-30,Not as Described,19.06
4648,67610,2025-10-31,Changed Mind,37.94
4649,57580,2024-11-01,Other,1392.53
4650,96320,2023-07-27,Not as Described,684.25
4651,1563,2025-06-17,Changed Mind,821.5
4652,42861,2024-12-12,Damaged in Transit,95.6
4653,97102,2025-10-07,Not as Described,331.14
4654,31242,2023-10-12,Not as Described,85.81
4655,22902,2025-05-15,Other,598.14
4656,1962,2025-01-24,Wrong Item Shipped,2773.26
4657,28160,2024-03-18,Other,290.3
4658,18403,2024-01-11,Not as Described,558.5
4659,34899,2024-10-18,Changed Mind,1237.37
4660,49833,2025-02-05,Not as Described,1248.27
4661,79586,2025-03-10,Other,331.39
4662,70632,2024-07-13,Damaged in Transit,256.39
4663,60564,2023-03-15,Other,186.33
4664,27275,2025-03-14,Not as Described,64.78
4665,62893,2025-04-11,Changed Mind,467.67
4666,19176,2024-10-21,Other,2667.43
4667,29619,2025-04-08,Not as Described,250.22
4668,47935,2024-08-25,Damaged in Transit,1273.96
4669,56952,2024-05-11,Defective Product,420.83
4670,82690,2025-07-21,Not as Described,1492.29
4671,78073,2025-05-03,Changed Mind,868.91
4672,80376,2025-07-14,Defective Product,405.24
4673,78603,2025-02-07,Changed Mind,564.52
4674,38154,2024-02-08,Other,3219.27
4675,4528,2025-04-18,Other,450.69
4676,92342,2024-11-17,Wrong Item Shipped,4507.62
4677,44803,2023-12-26,Damaged in Transit,1372.63
4678,78636,2025-07-06,Defective Product,457.26
4679,17173,2024-08-21,Defective Product,393.91
4680,72325,2024-11-13,Damaged in Transit,429.14
4681,50139,2024-01-20,Defective Product,553.94
4682,83891,2025-07-07,Other,47.09
4683,57921,2024-12-01,Not as Described,822.0
4684,23379,2025-04-02,Wrong Item Shipped,2599.6
4685,55867,2024-10-03,Wrong Item Shipped,819.06
4686,36302,2025-02-03,Wrong Item Shipped,109.23
4687,66991,2025-07-17,Defective Product,778.55
4688,76056,2025-08-05,Changed Mind,1059.3
4689,86408,2024-05-02,Not as Described,88.5
4690,89804,2024-08-22,Changed Mind,93.82
4691,66479,2023-09-06,Defective Product,769.96
4692,11542,2024-12-14,Not as Described,701.66
4693,2622,2024-10-05,Not as Described,524.88
4694,49164,2025-09-23,Changed Mind,5660.9
4695,70293,2024-03-06,Damaged in Transit,1671.51
4696,24142,2025-08-19,Wrong Item Shipped,1889.84
4697,23112,2024-02-10,Not as Described,3239.98
4698,55419,2024-09-26,Defective Product,877.87
4699,79365,2025-08-30,Changed Mind,1083.28
4700,58557,2025-01-16,Changed Mind,755.49
4701,87487,2025-08-04,Changed Mind,2161.62
4702,89698,2023-10-13,Not as Described,327.59
4703,35340,2024-06-27,Wrong Item Shipped,3364.87
4704,30272,2024-03-25,Wrong Item Shipped,1570.15
4705,27292,2024-01-07,Damaged in Transit,66.99
4706,87842,2025-01-21,Wrong Item Shipped,907.15
4707,28573,2024-05-14,Changed Mind,190.66
4708,75101,2025-08-24,Damaged in Transit,259.07
4709,86499,2024-06-01,Defective Product,495.79
4710,57637,2024-10-21,Damaged in Transit,2080.25
4711,21331,2025-06-18,Changed Mind,829.96
4712,9765,2025-03-02,Damaged in Transit,26.76
4713,101896,2024-04-14,Damaged in Transit,300.0
4714,55366,2025-06-12,Other,348.23
4715,30740,2024-09-30,Defective Product,2279.66
4716,50330,2025-10-11,Defective Product,208.64
4717,92289,2025-05-07,Changed Mind,289.94
4718,24036,2025-05-14,Defective Product,2067.56
4719,73892,2024-09-05,Damaged in Transit,381.5
4720,63295,2025-09-11,Changed Mind,2040.57
4721,26795,2024-02-28,Other,735.28
4722,9245,2025-03-26,Not as Described,1700.39
4723,50128,2025-03-02,Defective Product,724.94
4724,39009,2024-03-17,Damaged in Transit,1990.74
4725,95655,2024-11-28,Other,814.21
4726,20060,2024-10-30,Changed Mind,525.0
4727,75111,2024-10-11,Other,635.28
4728,50076,2023-09-19,Wrong Item Shipped,770.12
4729,93493,2023-09-28,Damaged in Transit,2195.73
4730,23983,2024-07-07,Damaged in Transit,827.54
4731,91046,2025-05-14,Wrong Item Shipped,1042.21
4732,57611,2025-08-23,Wrong Item Shipped,232.48
4733,34236,2025-06-28,Other,47.75
4734,88264,2025-12-12,Not as Described,3894.84
4735,1685,2023-02-15,Not as Described,1397.93
4736,88587,2025-08-25,Damaged in Transit,285.8
4737,23150,2025-02-03,Not as Described,111.99
4738,62200,2024-02-11,Defective Product,3949.41
4739,28799,2025-04-27,Not as Described,672.03
4740,79380,2025-05-26,Defective Product,1452.89
4741,90909,2024-09-10,Not as Described,5965.34
4742,41714,2025-06-29,Defective Product,1694.89
4743,47202,2025-08-25,Changed Mind,5599.92
4744,80759,2025-04-29,Wrong Item Shipped,343.69
4745,35009,2023-07-15,Changed Mind,156.45
4746,24757,2023-11-27,Wrong Item Shipped,2456.67
4747,2554,2025-01-16,Wrong Item Shipped,612.22
4748,46321,2025-08-05,Damaged in Transit,589.65
4749,77465,2025-01-19,Other,327.94
4750,45958,2025-03-06,Changed Mind,754.51
4751,68651,2024-10-19,Changed Mind,472.03
4752,74477,2023-12-25,Damaged in Transit,230.86
4753,2339,2025-04-17,Changed Mind,329.9
4754,40318,2024-01-07,Wrong Item Shipped,328.58
4755,82330,2025-08-07,Wrong Item Shipped,187.61
4756,88516,2024-10-29,Changed Mind,603.66
4757,46194,2024-03-18,Defective Product,1335.85
4758,15673,2025-03-08,Damaged in Transit,825.5
4759,84198,2025-06-04,Wrong Item Shipped,372.25
4760,60526,2024-12-13,Not as Described,1173.48
4761,32273,2024-08-29,Defective Product,517.69
4762,72742,2025-05-30,Defective Product,403.95
4763,70132,2023-05-11,Other,376.7
4764,92841,2025-03-23,Damaged in Transit,1574.25
4765,73235,2024-01-30,Defective Product,935.96
4766,28155,2024-06-24,Not as Described,54.55
4767,35452,2024-06-23,Damaged in Transit,136.04
4768,67139,2023-05-10,Damaged in Transit,1363.78
4769,57638,2025-01-10,Other,473.72
4770,45680,2023-07-20,Changed Mind,258.13
4771,97563,2024-08-02,Not as Described,470.16
4772,20846,2025-01-04,Other,359.24
4773,47931,2024-11-06,Changed Mind,260.05
4774,101983,2025-10-21,Changed Mind,654.05
4775,52424,2025-03-05,Damaged in Transit,337.03
4776,69983,2025-10-24,Changed Mind,864.49
4777,20084,2023-11-13,Damaged in Transit,1292.78
4778,96045,2024-09-04,Changed Mind,314.27
4779,28219,2025-07-10,Damaged in Transit,758.49
4780,9494,2023-10-07,Damaged in Transit,717.86
4781,19150,2023-07-23,Wrong Item Shipped,99.9
4782,42801,2024-08-20,Changed Mind,939.94
4783,82154,2025-04-30,Other,209.72
4784,35758,2024-07-08,Changed Mind,696.23
4785,96706,2024-07-11,Not as Described,710.4
4786,53070,2024-12-24,Damaged in Transit,462.7
4787,60902,2023-11-20,Defective Product,777.56
4788,27283,2023-10-09,Not as Described,3488.1
4789,15534,2025-10-08,Changed Mind,1620.22
4790,49710,2025-01-27,Other,87.82
4791,22307,2023-04-06,Wrong Item Shipped,257.25
4792,51472,2024-06-28,Defective Product,627.61
4793,62565,2024-08-11,Damaged in Transit,5869.09
4794,84097,2023-08-21,Other,922.51
4795,88436,2025-02-26,Not as Described,3926.78
4796,91253,2024-05-07,Defective Product,373.04
4797,79457,2023-11-19,Other,3756.33
4798,43700,2025-02-14,Wrong Item Shipped,897.44
4799,6935,2025-08-16,Not as Described,986.62
4800,6226,2024-03-09,Damaged in Transit,789.01
4801,88867,2025-09-06,Changed Mind,378.23
4802,101264,2024-12-02,Changed Mind,709.41
4803,70522,2024-05-12,Wrong Item Shipped,284.6
4804,46328,2024-07-01,Changed Mind,172.58
4805,90315,2024-10-10,Not as Described,499.13
4806,45105,2024-03-30,Defective Product,2897.34
4807,5604,2024-08-01,Defective Product,137.32
4808,13608,2025-06-06,Wrong Item Shipped,517.26
4809,49664,2024-11-21,Not as Described,1177.86
4810,131,2025-05-26,Changed Mind,1587.59
4811,73786,2025-06-18,Wrong Item Shipped,645.22
4812,70410,2024-10-18,Other,91.89
4813,9187,2025-09-05,Other,1345.33
4814,99201,2025-03-21,Damaged in Transit,320.9
4815,34310,2024-04-19,Wrong Item Shipped,836.56
4816,14223,2025-01-26,Wrong Item Shipped,415.29
4817,47756,2025-09-08,Defective Product,401.56
4818,70296,2024-04-27,Changed Mind,109.34
4819,70760,2024-01-21,Not as Described,745.1
4820,9805,2024-09-07,Not as Described,79.65
4821,47720,2024-05-10,Defective Product,5117.21
4822,9341,2025-01-17,Wrong Item Shipped,499.42
4823,29805,2025-07-01,Not as Described,550.56
4824,68164,2025-05-30,Not as Described,331.24
4825,24141,2024-12-26,Wrong Item Shipped,1477.11
4826,54373,2024-06-21,Wrong Item Shipped,1313.63
4827,43447,2025-05-24,Changed Mind,898.7
4828,68960,2025-04-21,Defective Product,231.62
4829,88022,2025-08-13,Wrong Item Shipped,15.54
4830,3762,2024-12-24,Damaged in Transit,1447.09
4831,90143,2025-10-07,Other,194.27
4832,33584,2025-07-17,Damaged in Transit,1687.73
4833,50071,2023-12-29,Damaged in Transit,221.38
4834,98960,2024-11-27,Not as Described,358.62
4835,81583,2024-07-24,Damaged in Transit,2813.16
4836,52038,2024-10-12,Wrong Item Shipped,1922.1
4837,31576,2025-04-26,Changed Mind,884.08
4838,8484,2024-10-31,Changed Mind,479.13
4839,7672,2025-08-24,Damaged in Transit,3042.12
4840,56656,2024-07-25,Defective Product,826.95
4841,28388,2025-01-09,Not as Described,409.53
4842,70797,2025-07-27,Wrong Item Shipped,1173.43
4843,7870,2025-06-13,Other,2378.28
4844,94848,2023-06-18,Changed Mind,438.57
4845,21296,2025-05-15,Defective Product,102.58
4846,31032,2024-02-28,Changed Mind,725.34
4847,57069,2024-11-13,Other,477.68
4848,65332,2024-06-14,Damaged in Transit,315.39
4849,10459,2024-11-19,Not as Described,37.84
4850,54964,2025-08-09,Other,1067.79
4851,12089,2025-04-14,Defective Product,657.81
4852,94093,2025-05-04,Defective Product,886.5
4853,71444,2025-06-06,Not as Described,127.1
4854,72838,2025-10-22,Damaged in Transit,155.64
4855,39067,2025-02-20,Changed Mind,2748.7
4856,80659,2024-07-11,Defective Product,811.6
4857,99768,2025-07-16,Not as Described,2185.61
4858,37384,2025-01-23,Damaged in Transit,708.08
4859,53318,2024-03-11,Other,733.15
4860,3992,2025-09-21,Wrong Item Shipped,2680.3
4861,7647,2023-10-01,Not as Described,967.36
4862,87718,2024-09-04,Changed Mind,433.01
4863,20421,2023-12-23,Not as Described,393.64
4864,74679,2025-08-30,Changed Mind,1015.45
4865,38354,2024-11-30,Other,244.78
4866,44256,2024-07-20,Not as Described,609.69
4867,54661,2024-12-09,Wrong Item Shipped,204.84
4868,92318,2024-06-14,Other,497.39
4869,94452,2025-01-17,Changed Mind,245.37
4870,60535,2024-02-15,Defective Product,429.02
4871,19399,2025-02-24,Other,391.74
4872,17433,2024-12-10,Changed Mind,135.9
4873,72100,2024-11-28,Damaged in Transit,2945.22
4874,31332,2025-08-24,Changed Mind,1597.44
4875,42947,2024-06-28,Changed Mind,404.3
4876,15449,2025-12-17,Damaged in Transit,1126.96
4877,21348,2023-06-17,Damaged in Transit,766.0
4878,28137,2023-11-22,Defective Product,3172.43
4879,48210,2024-09-03,Damaged in Transit,1167.3
4880,6505,2025-08-01,Wrong Item Shipped,245.01
4881,94902,2024-05-11,Changed Mind,92.37
4882,56672,2024-12-16,Damaged in Transit,44.26
4883,65740,2024-10-30,Damaged in Transit,1921.44
4884,71211,2024-09-15,Changed Mind,237.51
4885,97790,2024-07-02,Defective Product,444.33
4886,39575,2025-07-06,Changed Mind,366.16
4887,6982,2023-08-23,Not as Described,55.11
4888,24411,2024-09-28,Not as Described,1105.05
4889,14956,2024-09-05,Damaged in Transit,1983.12
4890,58185,2023-08-02,Damaged in Transit,2911.13
4891,50400,2024-12-07,Changed Mind,2683.14
4892,58971,2024-01-21,Wrong Item Shipped,181.38
4893,29748,2025-01-04,Wrong Item Shipped,611.78
4894,10784,2024-11-27,Defective Product,44.06
4895,30723,2024-11-16,Damaged in Transit,595.9
4896,75424,2024-02-12,Defective Product,1399.54
4897,78525,2023-09-05,Damaged in Transit,1154.78
4898,35872,2025-09-18,Defective Product,653.98
4899,25172,2025-02-17,Other,366.03
4900,57825,2025-11-29,Wrong Item Shipped,1717.75
4901,43642,2025-04-27,Changed Mind,1937.39
4902,98431,2025-11-13,Damaged in Transit,1037.71
4903,51135,2024-09-16,Wrong Item Shipped,401.02
4904,55930,2024-11-08,Wrong Item Shipped,1193.99
4905,1953,2024-08-26,Not as Described,324.74
4906,88880,2024-10-13,Not as Described,2291.17
4907,101547,2025-01-01,Wrong Item Shipped,400.49
4908,62941,2025-08-13,Other,587.15
4909,95451,2024-03-22,Damaged in Transit,340.04
4910,6858,2025-03-19,Changed Mind,764.01
4911,51854,2024-07-12,Defective Product,176.16
4912,12387,2025-12-02,Damaged in Transit,2470.16
4913,61756,2024-11-26,Damaged in Transit,284.05
4914,82963,2025-12-12,Not as Described,128.32
4915,72593,2024-03-10,Defective Product,656.86
4916,52892,2024-03-16,Other,484.78
4917,78497,2024-10-02,Defective Product,104.24
4918,48964,2024-09-05,Damaged in Transit,552.96
4919,27442,2023-08-20,Damaged in Transit,658.21
4920,39530,2025-12-08,Damaged in Transit,1125.63
4921,66844,2025-03-01,Other,251.14
4922,22234,2025-10-24,Defective Product,1301.88
4923,43576,2023-10-02,Other,2615.23
4924,36777,2023-11-05,Defective Product,577.28
4925,38793,2025-06-25,Defective Product,1003.0
4926,74974,2024-10-24,Wrong Item Shipped,850.72
4927,10018,2025-09-28,Changed Mind,303.19
4928,88729,2025-05-30,Defective Product,342.23
4929,54886,2025-05-28,Not as Described,367.01
4930,53038,2025-07-20,Defective Product,573.18
4931,11237,2025-05-01,Damaged in Transit,153.28
4932,1010,2025-01-29,Defective Product,1003.07
4933,43037,2025-05-31,Other,515.08
4934,33051,2024-07-09,Changed Mind,525.76
4935,14315,2024-05-10,Changed Mind,1453.94
4936,90067,2023-11-21,Other,25.16
4937,99291,2025-07-23,Changed Mind,1837.03
4938,75961,2025-02-21,Other,125.62
4939,4720,2023-06-04,Wrong Item Shipped,507.09
4940,41271,2023-05-28,Defective Product,754.31
4941,16206,2025-04-30,Not as Described,1435.92
4942,86465,2025-09-05,Other,262.5
4943,93767,2025-08-29,Damaged in Transit,759.79
4944,63641,2025-03-23,Other,844.27
4945,92140,2025-05-28,Changed Mind,352.89
4946,60222,2025-07-23,Damaged in Transit,1458.39
4947,49236,2024-04-13,Changed Mind,283.8
4948,10196,2024-07-31,Not as Described,1445.87
4949,42497,2023-11-19,Defective Product,45.72
4950,67669,2024-07-30,Not as Described,698.11
4951,94554,2023-07-14,Other,376.11
4952,82389,2025-07-07,Defective Product,388.34
4953,38158,2025-07-04,Damaged in Transit,1009.07
4954,27410,2023-09-16,Changed Mind,584.4
4955,37077,2024-09-12,Not as Described,173.48
4956,24300,2024-10-08,Changed Mind,3657.6
4957,26543,2023-12-16,Not as Described,382.9
4958,54755,2024-02-04,Other,397.61
4959,19359,2025-10-31,Damaged in Transit,1014.01
4960,40941,2025-07-29,Not as Described,2412.16
4961,13162,2025-08-13,Defective Product,431.61
4962,18804,2025-05-26,Defective Product,2428.9
4963,89962,2024-07-27,Damaged in Transit,1113.5
4964,84583,2024-12-10,Changed Mind,639.78
4965,87587,2025-06-25,Wrong Item Shipped,535.81
4966,51625,2025-03-07,Damaged in Transit,125.5
4967,10716,2025-01-27,Defective Product,576.5
4968,4495,2025-01-29,Changed Mind,1601.17
4969,42249,2024-08-16,Changed Mind,202.05
4970,15801,2024-12-01,Not as Described,346.53
4971,47876,2024-12-14,Defective Product,239.08
4972,25181,2025-08-03,Damaged in Transit,125.6
4973,26948,2025-09-21,Damaged in Transit,645.76
4974,75123,2025-05-09,Not as Described,1067.26
4975,19780,2023-11-11,Changed Mind,769.04
4976,68768,2025-07-20,Not as Described,2997.06
4977,7434,2025-09-19,Other,436.23
4978,89215,2025-09-25,Not as Described,93.6
4979,45326,2025-06-08,Other,894.06
4980,88052,2025-06-04,Wrong Item Shipped,139.07
4981,40357,2024-11-12,Defective Product,230.65
4982,64671,2025-04-28,Defective Product,138.49
4983,16651,2024-03-27,Other,84.21
4984,25977,2023-10-21,Not as Described,377.76
4985,33761,2025-04-20,Not as Described,344.74
4986,52307,2024-03-10,Other,788.78
4987,4422,2025-12-17,Not as Described,1487.52
4988,53670,2024-06-06,Wrong Item Shipped,704.11
4989,28057,2023-11-30,Changed Mind,672.98
4990,53734,2024-03-31,Defective Product,2043.93
4991,61790,2025-02-13,Damaged in Transit,1917.46
4992,89407,2024-12-11,Damaged in Transit,353.78
4993,61377,2024-08-17,Damaged in Transit,1460.57
4994,12646,2025-10-09,Not as Described,874.0
4995,66405,2024-10-25,Other,90.35
4996,5607,2025-09-12,Defective Product,278.68
4997,11752,2025-09-09,Other,103.29
4998,58123,2024-07-26,Damaged in Transit,1622.9
4999,68732,2024-11-14,Wrong Item Shipped,496.03
5000,4607,2023-12-31,Wrong Item Shipped,496.42
5001,41352,2024-10-20,Defective Product,1763.62
5002,39109,2025-05-29,Changed Mind,762.65
5003,49244,2025-04-12,Wrong Item Shipped,1448.95
5004,31346,2024-11-07,Changed Mind,1815.56
5005,69446,2025-02-11,Wrong Item Shipped,252.33
5006,58668,2025-08-03,Wrong Item Shipped,128.35
5007,41571,2024-09-17,Defective Product,18.08
5008,59785,2025-06-01,Damaged in Transit,566.61
5009,83786,2024-11-01,Damaged in Transit,1460.71
5010,31841,2023-08-16,Defective Product,900.38
5011,20417,2025-06-30,Changed Mind,226.28
5012,17596,2024-07-09,Defective Product,232.09
5013,56796,2025-12-10,Not as Described,291.92
5014,56037,2024-06-26,Defective Product,130.26
5015,25663,2025-05-26,Changed Mind,1943.23
5016,29381,2025-02-18,Other,417.32
5017,57314,2024-11-25,Wrong Item Shipped,494.1
5018,58095,2025-01-04,Other,630.6
5019,85173,2025-05-19,Damaged in Transit,732.19
5020,6969,2025-03-26,Changed Mind,278.59
5021,78373,2025-11-02,Changed Mind,1029.84
5022,66549,2024-02-09,Other,36.84
5023,93564,2024-06-27,Damaged in Transit,2784.19
5024,57597,2025-01-11,Other,2668.88
5025,32667,2025-09-30,Other,926.53
5026,85057,2024-04-08,Damaged in Transit,681.39
5027,35252,2024-02-24,Damaged in Transit,2320.37
5028,47200,2024-08-27,Not as Described,714.09
5029,9018,2024-06-20,Defective Product,1151.71
5030,75003,2023-12-01,Other,27.22
5031,94867,2025-04-21,Damaged in Transit,728.32
5032,77977,2025-01-06,Damaged in Transit,276.21
5033,91404,2025-05-02,Defective Product,763.21
5034,41201,2024-11-17,Defective Product,1631.55
5035,63675,2023-11-26,Other,622.7
5036,99769,2025-04-21,Defective Product,114.48
5037,51488,2025-05-30,Damaged in Transit,1462.87
5038,7157,2024-05-28,Not as Described,241.48
5039,23305,2024-08-06,Wrong Item Shipped,92.97
5040,10682,2025-07-06,Changed Mind,3536.51
5041,16337,2024-05-18,Damaged in Transit,781.46
5042,98210,2023-05-14,Changed Mind,31.73
5043,1709,2024-04-07,Not as Described,3374.57
5044,73070,2024-09-17,Wrong Item Shipped,780.1
5045,67087,2025-10-29,Other,106.14
5046,27085,2024-12-08,Not as Described,502.73
5047,94936,2025-01-06,Wrong Item Shipped,1133.35
5048,42479,2023-10-10,Damaged in Transit,320.67
5049,89611,2025-02-21,Wrong Item Shipped,1323.9
5050,49786,2024-10-07,Changed Mind,1249.97
5051,57488,2023-11-27,Damaged in Transit,952.1
5052,56758,2023-03-06,Not as Described,274.93
5053,69935,2024-12-31,Defective Product,726.11
5054,7039,2024-09-07,Not as Described,947.02
5055,72888,2025-10-12,Other,1105.18
5056,21085,2025-07-27,Damaged in Transit,505.6
5057,4109,2023-07-29,Other,168.61
5058,66164,2024-11-01,Wrong Item Shipped,2993.36
5059,71925,2025-03-08,Not as Described,408.68
5060,15756,2025-04-24,Other,259.22
5061,81788,2023-05-22,Not as Described,2145.8
5062,100294,2024-05-28,Other,1750.3
5063,51792,2025-01-09,Changed Mind,1081.02
5064,17660,2023-09-28,Wrong Item Shipped,821.36
5065,66399,2025-06-06,Defective Product,138.2
5066,14462,2025-06-18,Not as Described,1080.04
5067,20528,2024-07-11,Defective Product,1727.23
5068,9171,2025-02-13,Wrong Item Shipped,391.29
5069,61394,2025-03-25,Defective Product,39.85
5070,15207,2023-12-18,Not as Described,80.14
5071,35936,2024-09-09,Changed Mind,1768.0
5072,35906,2024-09-13,Damaged in Transit,172.4
5073,95324,2024-12-30,Other,667.64
5074,85463,2024-11-17,Changed Mind,1601.28
5075,13933,2025-09-06,Other,487.78
5076,13522,2024-07-04,Not as Described,1238.87
5077,90707,2025-01-28,Damaged in Transit,485.46
5078,6347,2024-12-09,Wrong Item Shipped,1681.98
5079,1354,2024-05-09,Wrong Item Shipped,1923.21
5080,12366,2025-03-30,Not as Described,165.77
5081,76665,2025-03-02,Not as Described,2689.68
5082,84494,2025-09-07,Defective Product,739.14
5083,27400,2024-02-25,Not as Described,2700.13
5084,1928,2023-05-19,Other,124.55
5085,3353,2025-10-12,Changed Mind,424.97
5086,96413,2025-03-07,Not as Described,5924.15
5087,81160,2025-02-24,Not as Described,1326.82
5088,31928,2025-02-01,Damaged in Transit,187.15
5089,94467,2025-08-31,Damaged in Transit,531.64
5090,35621,2025-08-02,Changed Mind,767.26
5091,38804,2025-08-03,Damaged in Transit,274.66
5092,72936,2024-02-24,Damaged in Transit,613.17
5093,44990,2025-04-26,Damaged in Transit,992.48
5094,14064,2024-08-17,Damaged in Transit,770.55
5095,698,2023-08-30,Wrong Item Shipped,4156.67
5096,93471,2025-11-07,Wrong Item Shipped,687.93
5097,58153,2025-02-18,Defective Product,1490.65
5098,10871,2025-05-12,Other,763.38
5099,43922,2024-08-18,Changed Mind,170.94
5100,31782,2025-05-21,Damaged in Transit,1243.74
5101,6069,2025-01-08,Other,2517.21
5102,97730,2025-07-17,Wrong Item Shipped,340.13
5103,97851,2025-05-23,Defective Product,229.41
5104,68936,2025-07-20,Changed Mind,462.0
5105,11279,2024-12-24,Defective Product,3240.77
5106,81087,2024-10-23,Damaged in Transit,267.14
5107,87280,2023-07-14,Wrong Item Shipped,3544.89
5108,57032,2024-08-12,Not as Described,1062.76
5109,79751,2025-08-14,Damaged in Transit,103.13
5110,76260,2024-03-06,Defective Product,117.68
5111,66557,2025-04-22,Not as Described,119.34
5112,72961,2025-10-07,Other,2175.89
5113,86099,2025-01-30,Defective Product,3849.31
5114,90005,2024-11-15,Other,974.87
5115,14146,2023-09-04,Changed Mind,898.0
5116,6252,2025-09-29,Wrong Item Shipped,363.54
5117,98198,2025-05-07,Changed Mind,118.17
5118,724,2025-06-13,Defective Product,309.94
5119,70872,2023-12-05,Changed Mind,2962.59
5120,6796,2023-12-17,Other,723.46
5121,86061,2024-08-21,Damaged in Transit,1074.22
5122,83154,2025-05-01,Not as Described,1658.78
5123,42703,2023-10-25,Changed Mind,317.17
5124,71550,2024-05-02,Wrong Item Shipped,770.79
5125,14255,2025-10-01,Not as Described,254.32
5126,67717,2024-01-28,Not as Described,509.5
5127,75223,2024-04-30,Wrong Item Shipped,1056.1
5128,459,2024-08-14,Wrong Item Shipped,221.37
5129,99497,2024-06-20,Defective Product,4572.42
5130,22385,2024-10-18,Wrong Item Shipped,4537.08
5131,88339,2025-09-20,Damaged in Transit,1658.42
5132,63106,2025-05-08,Not as Described,856.28
5133,12971,2025-08-12,Defective Product,721.89
5134,93974,2025-09-15,Other,833.21
5135,615,2025-07-07,Wrong Item Shipped,545.22
5136,86128,2024-03-04,Changed Mind,646.42
5137,89474,2025-03-13,Damaged in Transit,683.44
5138,10769,2025-01-08,Defective Product,925.24
5139,39428,2024-07-21,Damaged in Transit,1069.54
5140,13014,2025-03-01,Damaged in Transit,1485.77
5141,17620,2024-11-28,Damaged in Transit,1506.18
5142,77063,2025-06-16,Defective Product,1289.36
5143,65971,2024-10-02,Not as Described,1497.74
5144,6587,2025-06-28,Defective Product,4701.05
5145,73605,2024-03-01,Changed Mind,258.47
5146,22644,2025-10-09,Not as Described,385.16
5147,78440,2025-07-22,Wrong Item Shipped,250.0
5148,41154,2023-11-02,Defective Product,1684.29
5149,71016,2023-09-26,Damaged in Transit,321.65
5150,53919,2025-05-12,Not as Described,90.22
5151,20510,2025-07-11,Other,311.85
5152,83696,2025-04-11,Not as Described,1666.48
5153,36852,2025-01-28,Other,806.83
5154,74512,2025-05-02,Not as Described,293.03
5155,50384,2024-03-03,Not as Described,273.36
5156,78498,2025-12-19,Not as Described,275.51
5157,10142,2024-05-14,Not as Described,774.87
5158,50965,2025-11-02,Not as Described,235.11
5159,69546,2024-01-19,Damaged in Transit,2530.05
5160,7788,2025-03-26,Other,935.5
5161,37068,2025-07-24,Not as Described,382.63
5162,19140,2025-01-19,Damaged in Transit,322.06
5163,68503,2024-02-24,Other,1193.69
5164,6934,2023-08-27,Changed Mind,2249.75
5165,1882,2025-05-05,Other,1345.05
5166,228,2024-09-22,Changed Mind,390.62
5167,76465,2024-03-12,Changed Mind,4247.1
5168,11222,2025-11-09,Defective Product,201.26
5169,55993,2025-10-19,Wrong Item Shipped,1507.78
5170,20863,2025-06-01,Not as Described,1657.89
5171,57404,2025-08-13,Not as Described,290.85
5172,89539,2025-09-12,Wrong Item Shipped,166.42
5173,88038,2025-05-27,Not as Described,1045.28
5174,2183,2025-06-07,Wrong Item Shipped,2582.01
5175,34817,2024-07-10,Defective Product,1283.13
5176,92037,2024-08-23,Not as Described,483.71
5177,97425,2025-04-06,Not as Described,2510.78
5178,54445,2024-10-19,Wrong Item Shipped,424.65
5179,63613,2025-03-23,Wrong Item Shipped,241.89
5180,80886,2025-06-12,Other,101.76
5181,14689,2025-05-30,Wrong Item Shipped,1328.16
5182,64617,2023-10-12,Not as Described,293.44
5183,97941,2025-03-12,Other,202.9
5184,78861,2024-04-03,Defective Product,443.43
5185,83405,2025-07-02,Defective Product,516.47
5186,97983,2024-02-03,Changed Mind,31.35
5187,66578,2024-09-24,Changed Mind,848.95
5188,86957,2023-03-06,Wrong Item Shipped,1274.5
5189,18898,2025-11-07,Defective Product,2675.6
5190,61285,2024-09-26,Defective Product,316.78
5191,39634,2024-09-26,Changed Mind,476.62
5192,41111,2025-03-16,Wrong Item Shipped,63.95
5193,7987,2024-10-15,Damaged in Transit,1413.58
5194,91479,2024-10-18,Wrong Item Shipped,37.4
5195,47387,2024-07-25,Changed Mind,300.69
5196,49733,2025-04-12,Wrong Item Shipped,320.5
5197,19678,2024-10-23,Changed Mind,247.99
5198,64322,2025-09-12,Wrong Item Shipped,309.47
5199,34710,2025-04-21,Defective Product,293.62
5200,76613,2025-08-20,Other,1562.56
5201,29802,2025-09-09,Other,48.12
5202,10454,2024-02-08,Not as Described,336.18
5203,97112,2024-08-18,Defective Product,323.68
5204,58618,2024-06-26,Damaged in Transit,974.39
5205,33156,2025-02-02,Defective Product,380.73
5206,90692,2025-01-17,Not as Described,839.86
5207,42175,2024-08-01,Not as Described,30.97
5208,38630,2023-11-09,Changed Mind,290.8
5209,44902,2025-04-12,Not as Described,806.99
5210,40514,2024-11-19,Other,580.16
5211,34766,2024-09-03,Not as Described,477.93
5212,68172,2023-12-07,Wrong Item Shipped,574.26
5213,92874,2024-10-02,Other,1876.09
5214,20015,2025-08-21,Defective Product,468.23
5215,43494,2024-10-14,Defective Product,864.11
5216,44467,2023-07-17,Defective Product,1635.45
5217,84966,2023-11-07,Changed Mind,1212.56
5218,68016,2024-10-29,Not as Described,796.66
5219,81724,2023-10-23,Changed Mind,1224.66
5220,79147,2025-01-20,Not as Described,502.52
5221,80035,2025-09-22,Not as Described,205.0
5222,58636,2025-08-31,Changed Mind,497.75
5223,82472,2025-04-13,Not as Described,484.63
5224,24140,2024-03-31,Not as Described,195.89
5225,21785,2024-08-30,Changed Mind,967.21
5226,1583,2025-03-21,Damaged in Transit,652.21
5227,79925,2025-03-26,Not as Described,672.78
5228,10908,2024-11-05,Damaged in Transit,1186.49
5229,13735,2024-12-13,Defective Product,1089.37
5230,25577,2025-01-03,Changed Mind,501.36
5231,39066,2025-02-18,Damaged in Transit,2375.3
5232,43383,2023-10-09,Not as Described,308.01
5233,69509,2024-04-15,Changed Mind,607.76
5234,64441,2024-04-21,Damaged in Transit,1047.8
5235,7216,2025-07-21,Changed Mind,121.65
5236,208,2023-12-26,Defective Product,632.7
5237,79763,2024-06-24,Wrong Item Shipped,738.26
5238,51877,2025-08-18,Damaged in Transit,615.06
5239,101379,2024-01-25,Wrong Item Shipped,445.05
5240,97270,2025-10-04,Wrong Item Shipped,196.64
5241,24937,2025-04-03,Changed Mind,305.03
5242,74964,2024-06-18,Defective Product,2935.85
5243,100474,2025-09-03,Wrong Item Shipped,864.81
5244,85431,2024-09-29,Wrong Item Shipped,3411.34
5245,39483,2025-01-01,Not as Described,651.75
5246,37267,2024-05-06,Damaged in Transit,1291.41
5247,8595,2025-03-10,Damaged in Transit,140.92
5248,84661,2025-04-16,Defective Product,120.11
5249,49868,2024-01-17,Damaged in Transit,430.21
5250,36212,2024-12-18,Not as Described,288.16
5251,36256,2023-09-23,Changed Mind,580.5
5252,64941,2025-02-10,Not as Described,600.17
5253,5464,2025-10-02,Damaged in Transit,326.52
5254,85080,2024-11-17,Wrong Item Shipped,2028.65
5255,73079,2024-11-05,Changed Mind,457.61
5256,16187,2025-03-15,Damaged in Transit,2208.3
5257,55534,2024-01-28,Not as Described,2184.95
5258,56337,2025-02-12,Damaged in Transit,440.17
5259,37976,2025-05-18,Defective Product,157.1
5260,90422,2024-06-01,Defective Product,648.09
5261,81093,2023-12-02,Changed Mind,902.45
5262,21100,2024-05-25,Other,320.63
5263,91177,2025-03-15,Not as Described,996.41
5264,83052,2024-05-25,Other,2154.58
5265,55432,2025-06-01,Not as Described,5276.39
5266,77689,2024-05-31,Changed Mind,276.7
5267,94978,2024-08-19,Changed Mind,1037.46
5268,31113,2025-02-20,Not as Described,254.75
5269,7989,2024-04-10,Other,42.33
5270,13421,2024-04-13,Damaged in Transit,99.83
5271,69131,2024-03-18,Wrong Item Shipped,318.12
5272,10207,2025-01-04,Not as Described,2538.72
5273,69320,2024-07-14,Not as Described,335.15
5274,1528,2025-02-04,Damaged in Transit,456.73
5275,8810,2024-01-07,Defective Product,2676.26
5276,47412,2025-05-19,Wrong Item Shipped,621.14
5277,65498,2024-02-14,Damaged in Transit,2161.39
5278,77305,2025-06-03,Changed Mind,908.44
5279,75978,2025-04-12,Changed Mind,613.86
5280,30618,2023-10-14,Damaged in Transit,511.55
5281,3882,2024-01-01,Other,196.79
5282,12775,2025-07-31,Wrong Item Shipped,469.24
5283,43789,2025-01-03,Damaged in Transit,890.9
5284,74101,2024-07-01,Not as Described,1489.91
5285,88468,2025-07-30,Defective Product,531.92
5286,52047,2024-05-06,Wrong Item Shipped,1990.08
5287,25862,2023-11-03,Other,1174.37
5288,65413,2024-05-25,Defective Product,502.1
5289,88057,2025-03-11,Defective Product,85.1
5290,77246,2024-11-25,Wrong Item Shipped,209.56
5291,20218,2025-08-04,Changed Mind,910.4
5292,68241,2025-01-15,Other,551.27
5293,38157,2024-01-17,Other,7933.69
5294,2287,2025-07-25,Not as Described,338.41
5295,18241,2025-08-20,Not as Described,85.23
5296,68544,2025-02-07,Damaged in Transit,432.03
5297,31151,2024-11-22,Other,498.7
5298,84420,2024-10-31,Defective Product,394.77
5299,83063,2025-01-12,Damaged in Transit,545.24
5300,82984,2023-03-05,Not as Described,697.05
5301,87240,2024-04-22,Wrong Item Shipped,380.0
5302,83011,2023-11-09,Not as Described,1064.99
5303,95227,2024-09-04,Wrong Item Shipped,216.12
5304,63117,2024-04-07,Not as Described,874.19
5305,1266,2025-07-02,Wrong Item Shipped,2250.42
5306,70550,2023-11-22,Damaged in Transit,414.55
5307,5734,2024-03-02,Other,794.58
5308,36056,2024-03-31,Damaged in Transit,1049.25
5309,30257,2024-02-07,Wrong Item Shipped,2186.39
5310,54411,2025-09-05,Wrong Item Shipped,177.71
5311,67702,2023-04-15,Not as Described,1822.81
5312,75604,2025-01-29,Changed Mind,592.12
5313,61327,2024-10-22,Wrong Item Shipped,1672.38
5314,68998,2025-07-26,Defective Product,396.76
5315,55046,2025-06-15,Other,413.12
5316,44375,2024-07-05,Other,567.89
5317,70110,2025-02-17,Other,573.61
5318,101247,2025-09-19,Defective Product,464.1
5319,35914,2023-11-04,Not as Described,1102.77
5320,36312,2024-07-09,Damaged in Transit,106.65
5321,37704,2025-05-14,Not as Described,440.63
5322,626,2025-04-11,Wrong Item Shipped,103.89
5323,88198,2025-06-29,Other,129.94
5324,9176,2024-01-28,Changed Mind,402.26
5325,27343,2024-10-10,Other,1139.68
5326,6516,2024-10-12,Damaged in Transit,198.17
5327,48528,2023-08-14,Defective Product,728.1
5328,1836,2025-02-18,Changed Mind,120.65
5329,71077,2024-06-05,Defective Product,397.28
5330,27507,2024-12-05,Wrong Item Shipped,495.92
5331,41321,2025-02-23,Defective Product,105.47
5332,38344,2025-04-30,Defective Product,1439.98
5333,41215,2025-02-14,Not as Described,172.14
5334,85851,2025-05-15,Other,1098.13
5335,22170,2025-09-14,Not as Described,488.2
5336,69481,2024-07-11,Other,132.5
5337,75928,2024-07-05,Defective Product,568.22
5338,18068,2025-03-24,Other,424.53
5339,93605,2024-12-02,Other,1988.85
5340,79201,2025-06-02,Changed Mind,470.66
5341,18183,2025-04-18,Changed Mind,19.63
5342,21554,2023-05-05,Damaged in Transit,444.88
5343,49364,2025-07-31,Defective Product,687.96
5344,41729,2023-10-06,Damaged in Transit,1278.1
5345,101508,2025-01-21,Other,790.43
5346,93545,2025-05-13,Defective Product,1726.56
5347,101410,2024-09-10,Wrong Item Shipped,182.3
5348,84307,2024-12-23,Wrong Item Shipped,2724.87
5349,42041,2025-04-18,Defective Product,179.02
5350,7665,2024-11-08,Wrong Item Shipped,245.21
5351,57700,2024-10-15,Defective Product,157.31
5352,97223,2024-07-21,Wrong Item Shipped,105.31
5353,54164,2025-06-19,Wrong Item Shipped,262.12
5354,95038,2024-02-20,Wrong Item Shipped,1105.46
5355,61140,2024-11-12,Damaged in Transit,3445.9
5356,69526,2024-02-21,Defective Product,81.96
5357,67627,2024-08-29,Other,1590.57
5358,18758,2025-09-01,Other,530.05
5359,23765,2024-10-21,Other,2767.67
5360,83221,2025-02-25,Defective Product,184.34
5361,30491,2024-04-11,Other,542.17
5362,6172,2024-02-20,Wrong Item Shipped,1355.65
5363,101049,2025-05-04,Wrong Item Shipped,176.8
5364,85496,2025-07-20,Not as Described,1475.35
5365,99223,2023-09-09,Not as Described,189.17
5366,44923,2023-09-26,Changed Mind,144.13
5367,51663,2024-02-07,Damaged in Transit,239.79
5368,46132,2025-07-28,Not as Described,195.56
5369,67341,2024-10-10,Damaged in Transit,71.74
5370,72149,2025-06-22,Damaged in Transit,121.2
5371,25616,2025-02-13,Changed Mind,234.54
5372,7371,2025-03-14,Wrong Item Shipped,1555.71
5373,34964,2025-10-05,Defective Product,1023.3
5374,47044,2024-05-13,Defective Product,1077.56
5375,91671,2024-09-22,Wrong Item Shipped,430.42
5376,93208,2023-07-16,Wrong Item Shipped,600.39
5377,35551,2024-11-30,Changed Mind,4320.99
5378,35050,2025-08-31,Other,1085.29
5379,11919,2025-03-22,Changed Mind,323.47
5380,33053,2025-02-12,Not as Described,1774.52
5381,78069,2025-08-02,Damaged in Transit,780.88
5382,21913,2023-02-11,Wrong Item Shipped,473.6
5383,27647,2023-08-17,Defective Product,656.24
5384,46663,2024-12-07,Damaged in Transit,1303.05
5385,27493,2024-10-01,Wrong Item Shipped,978.97
5386,45468,2024-11-11,Wrong Item Shipped,100.29
5387,7467,2023-07-08,Not as Described,1247.43
5388,6217,2024-07-12,Changed Mind,873.94
5389,2511,2024-04-05,Changed Mind,418.38
5390,101835,2024-11-20,Not as Described,943.4
5391,37799,2024-08-04,Defective Product,1674.48
5392,84497,2024-08-25,Other,81.35
5393,51344,2023-02-11,Defective Product,1611.67
5394,94400,2025-04-18,Not as Described,852.49
5395,57354,2025-08-26,Wrong Item Shipped,3863.84
5396,101363,2024-10-24,Not as Described,7522.05
5397,53252,2023-09-27,Defective Product,2159.72
5398,51211,2025-04-08,Changed Mind,422.96
5399,30848,2024-08-10,Damaged in Transit,2384.32
5400,10088,2025-11-27,Changed Mind,210.59
5401,2779,2024-03-25,Other,2623.91
5402,80826,2025-03-01,Defective Product,330.34
5403,48400,2025-03-28,Wrong Item Shipped,92.16
5404,87223,2025-02-15,Defective Product,776.56
5405,23740,2024-02-28,Other,1740.58
5406,59356,2025-02-20,Changed Mind,1633.45
5407,76231,2025-11-10,Damaged in Transit,717.26
5408,75776,2025-02-19,Wrong Item Shipped,208.61
5409,13367,2025-09-09,Wrong Item Shipped,259.46
5410,57306,2025-01-27,Damaged in Transit,1142.07
5411,63234,2025-03-24,Changed Mind,701.13
5412,91887,2025-01-08,Changed Mind,292.59
5413,67626,2025-04-14,Other,935.04
5414,86484,2024-02-10,Defective Product,1023.34
5415,63041,2024-10-20,Changed Mind,927.29
5416,33293,2025-09-30,Other,572.64
5417,1691,2025-05-04,Other,61.85
5418,14143,2024-05-15,Defective Product,240.39
5419,29116,2024-07-18,Damaged in Transit,105.13
5420,54667,2025-01-12,Damaged in Transit,1261.75
5421,16345,2025-07-18,Not as Described,1415.04
5422,62188,2025-06-19,Not as Described,229.27
5423,82877,2024-12-17,Not as Described,1110.23
5424,54678,2023-05-03,Other,38.52
5425,72917,2025-07-27,Wrong Item Shipped,460.36
5426,66880,2025-01-21,Not as Described,219.17
5427,39231,2025-04-06,Other,2274.35
5428,58502,2024-07-23,Defective Product,1319.02
5429,51171,2025-07-29,Wrong Item Shipped,1422.78
5430,78267,2024-06-19,Other,498.07
5431,26665,2025-12-20,Wrong Item Shipped,960.79
5432,42575,2025-09-09,Other,1053.78
5433,53293,2024-07-20,Other,455.35
5434,92920,2025-11-13,Not as Described,505.94
5435,9365,2024-09-10,Changed Mind,1349.95
5436,48474,2025-05-17,Changed Mind,792.25
5437,40635,2024-10-15,Wrong Item Shipped,28.76
5438,85051,2025-04-28,Damaged in Transit,1063.09
5439,30394,2024-04-29,Changed Mind,1524.81
5440,101600,2024-08-22,Not as Described,997.71
5441,41245,2025-07-03,Defective Product,388.59
5442,41069,2023-07-27,Changed Mind,310.99
5443,5952,2025-02-23,Damaged in Transit,2501.13
5444,48679,2025-09-02,Not as Described,339.04
5445,6262,2025-03-05,Changed Mind,380.87
5446,93565,2024-02-18,Changed Mind,383.87
5447,38548,2025-04-29,Not as Described,203.31
5448,9174,2024-03-13,Wrong Item Shipped,670.92
5449,3790,2024-10-07,Other,464.62
5450,22033,2025-05-31,Other,1437.38
5451,72334,2025-04-15,Not as Described,111.41
5452,50385,2025-01-09,Defective Product,1042.81
5453,15017,2025-09-13,Defective Product,98.19
5454,34129,2024-09-27,Damaged in Transit,1285.85
5455,51279,2025-04-02,Defective Product,769.29
5456,72958,2025-04-18,Defective Product,2734.68
5457,67415,2024-03-30,Damaged in Transit,396.85
5458,95301,2024-06-02,Defective Product,437.09
5459,38111,2025-01-28,Not as Described,3183.89
5460,17965,2024-06-08,Changed Mind,1530.29
5461,17129,2023-08-19,Not as Described,836.01
5462,41865,2023-04-01,Other,2812.18
5463,1078,2023-10-05,Defective Product,2728.86
5464,38045,2025-07-05,Other,910.9
5465,80003,2025-06-29,Damaged in Transit,233.74
5466,96370,2024-06-23,Changed Mind,2374.2
5467,59661,2024-09-18,Wrong Item Shipped,3188.49
5468,95970,2025-12-06,Defective Product,630.21
5469,5104,2024-11-09,Damaged in Transit,1156.35
5470,68411,2025-07-07,Not as Described,190.04
5471,62059,2025-05-10,Other,164.17
5472,101034,2024-03-09,Defective Product,898.38
5473,54094,2025-09-25,Defective Product,254.65
5474,13654,2024-11-08,Not as Described,504.48
5475,64421,2024-09-25,Other,562.17
5476,100881,2025-05-24,Changed Mind,464.65
5477,11830,2025-11-21,Changed Mind,685.21
5478,99680,2024-08-10,Changed Mind,466.03
5479,49585,2023-08-25,Wrong Item Shipped,3792.16
5480,31069,2025-01-20,Damaged in Transit,132.64
5481,24021,2024-02-10,Not as Described,797.26
5482,66822,2025-09-28,Damaged in Transit,673.51
5483,13666,2024-12-01,Defective Product,231.28
5484,35162,2024-11-08,Not as Described,356.64
5485,89486,2025-04-23,Damaged in Transit,1069.23
5486,78945,2025-08-02,Other,110.63
5487,33650,2024-10-14,Damaged in Transit,253.84
5488,50300,2025-08-06,Changed Mind,368.23
5489,3991,2025-09-10,Other,940.67
5490,54043,2023-04-10,Defective Product,69.1
5491,94540,2025-05-06,Defective Product,831.73
5492,101753,2024-12-17,Damaged in Transit,696.14
5493,53616,2025-06-08,Changed Mind,634.24
5494,55812,2024-07-30,Not as Described,670.67
5495,81820,2025-06-08,Not as Described,566.29
5496,1920,2023-12-18,Defective Product,603.78
5497,27018,2025-06-24,Changed Mind,157.85
5498,77514,2025-03-28,Defective Product,600.48
5499,10260,2025-08-20,Defective Product,261.4
5500,50760,2025-11-26,Damaged in Transit,542.66
5501,91519,2024-06-03,Defective Product,1642.57
5502,71221,2024-09-07,Changed Mind,892.66
5503,89541,2024-05-03,Not as Described,1290.26
5504,59262,2025-07-13,Other,3438.03
5505,31716,2025-01-16,Not as Described,1845.09
5506,22842,2025-08-16,Other,742.56
5507,7013,2025-08-18,Not as Described,2132.35
5508,52006,2025-03-31,Defective Product,844.21
5509,61773,2025-07-18,Not as Described,358.91
5510,53722,2024-11-23,Damaged in Transit,202.71
5511,58749,2023-06-04,Wrong Item Shipped,1419.67
5512,51683,2024-07-29,Other,491.89
5513,46619,2023-06-12,Defective Product,2842.39
5514,93636,2023-06-02,Changed Mind,1422.21
5515,21482,2025-06-25,Wrong Item Shipped,112.66
5516,69834,2023-11-21,Other,1272.29
5517,76433,2025-04-17,Not as Described,1000.15
5518,76289,2023-05-11,Other,1354.58
5519,65405,2025-09-06,Wrong Item Shipped,613.3
5520,58296,2024-05-21,Not as Described,1012.01
5521,101833,2024-06-04,Not as Described,504.89
5522,91399,2025-06-15,Not as Described,186.19
5523,60409,2025-01-29,Wrong Item Shipped,693.17
5524,81089,2025-08-05,Not as Described,1430.6
5525,11932,2025-06-23,Changed Mind,1157.65
5526,82138,2023-12-17,Damaged in Transit,533.43
5527,92408,2024-09-29,Not as Described,3797.42
5528,94995,2025-03-15,Wrong Item Shipped,296.68
5529,95939,2025-01-16,Defective Product,1292.86
5530,31822,2024-07-25,Wrong Item Shipped,58.6
5531,89930,2024-12-21,Damaged in Transit,222.17
5532,76178,2024-04-22,Changed Mind,900.16
5533,2053,2024-09-18,Not as Described,622.24
5534,85340,2025-11-22,Other,1752.64
5535,60949,2025-08-20,Damaged in Transit,594.16
5536,65211,2023-08-12,Other,2958.12
5537,98770,2024-04-12,Not as Described,728.22
5538,2570,2024-02-03,Defective Product,592.21
5539,39383,2025-10-17,Other,791.69
5540,64661,2024-05-08,Not as Described,2647.21
5541,74819,2025-04-15,Other,879.88
5542,16755,2024-12-07,Other,214.97
5543,1003,2025-01-16,Wrong Item Shipped,364.41
5544,55944,2025-08-20,Wrong Item Shipped,899.84
5545,22455,2024-10-17,Defective Product,117.66
5546,1723,2024-03-19,Not as Described,191.45
5547,32057,2025-04-14,Not as Described,579.87
5548,82147,2025-05-22,Not as Described,446.66
5549,30057,2023-07-08,Other,537.3
5550,81155,2025-08-30,Not as Described,82.17
5551,97084,2025-02-17,Wrong Item Shipped,1653.67
5552,58591,2025-02-18,Damaged in Transit,891.55
5553,84660,2025-05-24,Changed Mind,7040.63
5554,34050,2025-01-16,Wrong Item Shipped,3300.07
5555,210,2023-09-18,Wrong Item Shipped,1021.83
5556,37004,2025-04-19,Defective Product,709.66
5557,56847,2026-01-03,Changed Mind,349.42
5558,5788,2023-09-01,Not as Described,420.66
5559,76326,2025-05-26,Damaged in Transit,1009.76
5560,20972,2024-01-22,Defective Product,114.33
5561,19361,2025-07-18,Damaged in Transit,780.29
5562,4940,2025-10-26,Changed Mind,527.65
5563,55933,2025-02-28,Defective Product,1002.4
5564,24777,2024-11-27,Defective Product,264.29
5565,55727,2024-03-24,Changed Mind,718.23
5566,892,2025-01-02,Defective Product,731.63
5567,43616,2025-08-11,Defective Product,306.63
5568,85010,2024-10-07,Other,494.09
5569,17225,2024-12-22,Damaged in Transit,2408.0
5570,58324,2024-11-30,Defective Product,2802.06
5571,21889,2025-07-08,Changed Mind,387.78
5572,12002,2024-06-24,Not as Described,308.16
5573,72132,2025-03-15,Other,57.56
5574,64467,2025-02-13,Other,1880.4
5575,23706,2024-08-22,Damaged in Transit,618.48
5576,50246,2023-04-23,Not as Described,201.39
5577,62745,2025-01-05,Defective Product,283.08
5578,25870,2023-08-21,Not as Described,739.17
5579,93862,2024-07-23,Wrong Item Shipped,2215.8
5580,86510,2024-11-09,Defective Product,1535.99
5581,100216,2025-06-12,Other,352.63
5582,729,2024-08-22,Changed Mind,1978.68
5583,53433,2024-03-07,Defective Product,234.25
5584,7369,2024-07-09,Damaged in Transit,513.85
5585,37016,2025-07-16,Wrong Item Shipped,131.69
5586,34860,2025-03-29,Changed Mind,143.12
5587,49483,2023-11-24,Defective Product,245.28
5588,19326,2023-09-02,Defective Product,330.04
5589,73986,2025-01-11,Defective Product,1462.0
5590,101197,2024-08-05,Other,195.28
5591,55245,2025-03-31,Damaged in Transit,730.86
5592,98695,2024-04-28,Other,601.46
5593,6714,2024-09-16,Changed Mind,346.03
5594,17140,2023-07-12,Other,1882.28
5595,14491,2025-06-10,Other,34.34
5596,92739,2025-05-05,Defective Product,1743.15
5597,51632,2024-09-26,Wrong Item Shipped,970.05
5598,98079,2025-08-14,Damaged in Transit,96.76
5599,17155,2025-07-06,Not as Described,178.15
5600,70887,2025-11-08,Defective Product,114.14
5601,43330,2023-09-12,Not as Described,89.77
5602,35625,2025-04-16,Changed Mind,2142.38
5603,11720,2025-03-22,Wrong Item Shipped,1388.68
5604,21804,2023-12-02,Wrong Item Shipped,532.21
5605,90331,2024-11-07,Changed Mind,339.54
5606,61455,2024-10-13,Wrong Item Shipped,504.45
5607,60035,2023-12-30,Other,110.51
5608,70738,2024-10-08,Not as Described,40.91
5609,41962,2025-08-04,Not as Described,1828.69
5610,43558,2025-01-29,Defective Product,780.48
5611,3973,2025-03-29,Defective Product,374.83
5612,56942,2024-11-24,Not as Described,198.81
5613,61692,2024-09-04,Not as Described,1959.7
5614,18260,2025-06-12,Damaged in Transit,90.77
5615,1008,2025-05-24,Damaged in Transit,658.79
5616,72379,2023-10-19,Changed Mind,605.89
5617,21435,2025-02-13,Damaged in Transit,496.91
5618,92570,2024-12-20,Other,813.03
5619,74311,2025-09-12,Damaged in Transit,205.55
5620,79623,2025-07-02,Defective Product,704.58
5621,92278,2025-05-01,Wrong Item Shipped,1636.86
5622,66689,2025-07-04,Other,294.56
5623,72837,2024-06-25,Not as Described,108.51
5624,89273,2025-02-01,Damaged in Transit,176.91
5625,63796,2025-01-05,Other,383.39
5626,47664,2025-10-22,Damaged in Transit,929.95
5627,55955,2025-03-12,Defective Product,6784.01
5628,39904,2025-09-25,Damaged in Transit,1114.86
5629,5311,2024-09-15,Not as Described,277.42
5630,57295,2025-05-15,Damaged in Transit,869.71
5631,55889,2024-12-08,Not as Described,438.54
5632,12820,2023-11-21,Wrong Item Shipped,2813.04
5633,41996,2024-05-31,Damaged in Transit,2237.94
5634,90629,2025-03-29,Changed Mind,805.47
5635,99748,2024-08-22,Wrong Item Shipped,353.32
5636,63614,2024-07-25,Changed Mind,2348.64
5637,14227,2025-06-17,Changed Mind,1174.22
5638,45482,2023-08-22,Not as Described,258.92
5639,31388,2023-10-05,Other,984.63
5640,8078,2024-04-22,Other,505.29
5641,56431,2024-12-21,Wrong Item Shipped,114.78
5642,81858,2024-03-17,Wrong Item Shipped,304.15
5643,44416,2025-07-16,Not as Described,1764.3
5644,3930,2025-02-08,Defective Product,478.25
5645,33663,2025-10-19,Wrong Item Shipped,175.1
5646,99184,2024-09-25,Defective Product,227.51
5647,84697,2024-07-02,Damaged in Transit,50.49
5648,63453,2025-08-25,Wrong Item Shipped,599.61
5649,59482,2025-08-03,Other,865.52
5650,95057,2025-05-20,Not as Described,761.55
5651,79230,2023-08-08,Other,933.48
5652,65640,2024-10-17,Defective Product,2394.05
5653,78177,2025-11-02,Other,797.17
5654,101615,2024-01-28,Damaged in Transit,796.14
5655,86523,2024-07-01,Not as Described,370.74
5656,62785,2025-11-30,Defective Product,722.86
5657,8759,2024-05-14,Wrong Item Shipped,474.54
5658,66411,2025-04-07,Other,468.96
5659,70331,2025-01-18,Changed Mind,337.23
5660,22839,2025-03-04,Not as Described,674.47
5661,78587,2024-11-03,Defective Product,348.54
5662,59813,2024-11-10,Damaged in Transit,1637.86
5663,97221,2025-06-14,Wrong Item Shipped,102.61
5664,91294,2024-12-01,Other,408.83
5665,65327,2025-05-17,Other,662.2
5666,88353,2024-09-11,Defective Product,96.61
5667,16283,2025-01-27,Wrong Item Shipped,409.95
5668,12973,2025-03-15,Defective Product,1481.55
5669,11910,2025-09-27,Wrong Item Shipped,812.34
5670,63980,2023-10-26,Other,86.32
5671,29272,2025-07-10,Wrong Item Shipped,1989.49
5672,22772,2024-11-22,Damaged in Transit,2974.23
5673,31226,2023-12-05,Other,366.89
5674,43491,2025-03-13,Defective Product,834.76
5675,99065,2025-04-11,Damaged in Transit,1633.48
5676,93435,2025-02-27,Defective Product,1235.79
5677,92421,2025-07-19,Changed Mind,494.03
5678,36326,2025-09-18,Changed Mind,396.07
5679,38957,2025-07-31,Other,202.31
5680,35942,2025-01-26,Damaged in Transit,2430.93
5681,50063,2025-04-01,Wrong Item Shipped,930.76
5682,55652,2024-06-13,Wrong Item Shipped,385.21
5683,32287,2025-07-23,Defective Product,498.11
5684,43761,2025-12-09,Not as Described,5368.57
5685,37660,2024-06-10,Other,807.23
5686,45289,2024-05-20,Defective Product,130.25
5687,78425,2024-07-09,Other,53.2
5688,67119,2023-07-03,Damaged in Transit,1749.39
5689,55972,2023-10-25,Defective Product,340.06
5690,94389,2023-04-11,Damaged in Transit,1365.52
5691,70826,2024-12-25,Other,3050.88
5692,72124,2023-11-02,Wrong Item Shipped,330.81
5693,74542,2025-07-08,Damaged in Transit,1603.35
5694,37021,2024-04-26,Damaged in Transit,172.53
5695,22261,2024-08-06,Defective Product,930.34
5696,86745,2024-10-28,Not as Described,709.29
5697,90504,2025-09-30,Other,456.93
5698,57417,2025-07-14,Damaged in Transit,476.03
5699,19689,2023-12-25,Changed Mind,99.05
5700,28919,2025-05-31,Not as Described,238.08
5701,23500,2025-09-11,Other,689.38
5702,76584,2023-10-15,Changed Mind,200.86
5703,13563,2025-08-12,Changed Mind,118.12
5704,88025,2024-03-02,Wrong Item Shipped,621.56
5705,47376,2025-05-01,Changed Mind,1496.19
5706,36020,2025-05-14,Other,1087.98
5707,46461,2025-03-23,Other,514.97
5708,79179,2023-12-01,Wrong Item Shipped,877.2
5709,45697,2025-01-31,Damaged in Transit,302.43
5710,83551,2025-08-18,Wrong Item Shipped,438.66
5711,21084,2024-05-30,Damaged in Transit,131.47
5712,52665,2023-02-25,Not as Described,779.21
5713,19802,2023-10-21,Changed Mind,628.25
5714,50138,2025-02-22,Wrong Item Shipped,681.52
5715,12900,2024-03-24,Damaged in Transit,138.34
5716,96988,2024-08-21,Wrong Item Shipped,2558.7
5717,52752,2024-06-07,Changed Mind,586.38
5718,44997,2023-07-26,Not as Described,581.49
5719,66577,2025-02-15,Defective Product,1621.58
5720,22126,2025-06-06,Not as Described,246.34
5721,12411,2024-05-27,Other,2154.5
5722,12986,2025-07-21,Changed Mind,992.54
5723,45410,2024-10-08,Not as Described,737.72
5724,30039,2024-07-10,Changed Mind,511.91
5725,1728,2024-03-10,Other,407.75
5726,100268,2024-08-11,Not as Described,1737.03
5727,26408,2023-06-02,Not as Described,238.37
5728,75196,2023-05-07,Damaged in Transit,334.11
5729,26319,2025-04-06,Changed Mind,1881.5
5730,32529,2025-06-01,Defective Product,393.74
5731,70718,2024-03-30,Not as Described,337.95
5732,78162,2025-02-05,Not as Described,585.96
5733,72016,2024-03-30,Not as Described,4910.44
5734,58173,2023-12-04,Wrong Item Shipped,452.26
5735,35434,2024-08-05,Wrong Item Shipped,1142.57
5736,39777,2024-09-08,Damaged in Transit,1281.78
5737,10265,2024-10-20,Damaged in Transit,443.94
5738,17707,2024-01-22,Damaged in Transit,291.04
5739,91558,2025-04-22,Damaged in Transit,2000.81
5740,38174,2025-12-11,Other,764.04
5741,65111,2023-11-24,Wrong Item Shipped,139.59
5742,74881,2025-05-08,Defective Product,918.15
5743,16157,2025-03-15,Changed Mind,951.86
5744,94449,2024-06-25,Damaged in Transit,3746.02
5745,35868,2025-05-26,Other,2502.4
5746,97785,2024-11-20,Changed Mind,859.16
5747,11974,2025-03-31,Other,696.77
5748,70935,2025-04-23,Other,684.81
5749,11308,2023-08-08,Wrong Item Shipped,1800.9
5750,99709,2025-07-07,Other,264.91
5751,63927,2023-12-19,Damaged in Transit,144.1
5752,89221,2025-04-09,Defective Product,1621.09
5753,93582,2024-05-04,Not as Described,182.33
5754,81337,2025-10-27,Not as Described,3079.56
5755,72748,2024-07-24,Not as Described,510.3
5756,50247,2025-01-21,Other,582.0
5757,13286,2025-04-19,Damaged in Transit,1248.48
5758,56198,2025-01-10,Wrong Item Shipped,297.04
5759,48105,2024-01-10,Defective Product,83.44
5760,68170,2025-10-16,Defective Product,479.41
5761,37218,2025-05-11,Wrong Item Shipped,91.0
5762,46644,2025-03-04,Defective Product,88.81
5763,22689,2025-02-21,Defective Product,1046.47
5764,56989,2025-03-05,Defective Product,1925.81
5765,88465,2024-10-12,Changed Mind,184.75
5766,76636,2024-04-23,Not as Described,99.17
5767,76027,2025-06-27,Wrong Item Shipped,298.37
5768,86567,2024-12-14,Not as Described,424.48
5769,60570,2025-10-15,Wrong Item Shipped,2523.81
5770,91898,2024-10-05,Not as Described,135.35
5771,99513,2025-10-24,Other,633.87
5772,73553,2024-04-29,Not as Described,318.8
5773,75243,2024-06-11,Other,1895.57
5774,29822,2024-05-19,Not as Described,842.59
5775,65993,2024-10-30,Changed Mind,807.93
5776,95176,2025-09-29,Damaged in Transit,1915.35
5777,98877,2025-11-16,Wrong Item Shipped,508.79
5778,24850,2025-04-28,Defective Product,473.43
5779,46816,2024-07-02,Wrong Item Shipped,650.33
5780,65956,2025-09-29,Other,2008.33
5781,33418,2024-03-03,Defective Product,83.04
5782,99229,2024-11-07,Other,1574.47
5783,49548,2024-01-22,Changed Mind,579.13
5784,10680,2025-03-28,Wrong Item Shipped,690.98
5785,10647,2025-03-09,Other,273.83
5786,76181,2024-04-14,Defective Product,822.3
5787,36623,2025-07-06,Wrong Item Shipped,1592.06
5788,79212,2025-04-29,Other,2201.88
5789,88618,2025-07-19,Other,493.28
5790,76067,2024-09-08,Changed Mind,593.74
5791,46497,2023-05-03,Defective Product,1088.8
5792,41236,2025-03-03,Defective Product,1529.75
5793,31780,2024-09-30,Changed Mind,723.98
5794,84758,2025-05-10,Not as Described,2341.32
5795,8716,2024-09-19,Changed Mind,541.37
5796,33601,2024-07-03,Defective Product,2130.29
5797,31486,2025-07-02,Other,65.96
5798,77583,2024-06-15,Defective Product,1660.48
5799,21211,2024-12-24,Defective Product,178.93
5800,35440,2024-06-18,Not as Described,1096.62
5801,61328,2025-06-09,Not as Described,997.52
5802,54977,2025-06-15,Damaged in Transit,2354.99
5803,75586,2024-05-31,Other,364.76
5804,23646,2025-02-09,Damaged in Transit,270.56
5805,47420,2024-01-08,Damaged in Transit,379.61
5806,34066,2025-03-20,Other,1965.02
5807,89691,2024-09-01,Damaged in Transit,144.5
5808,62975,2025-01-27,Defective Product,1009.23
5809,82677,2025-03-15,Defective Product,549.38
5810,9189,2025-09-05,Defective Product,219.08
5811,50801,2025-05-11,Other,757.94
5812,38619,2024-09-03,Wrong Item Shipped,185.01
5813,79261,2025-05-28,Other,1079.74
5814,62754,2024-04-21,Wrong Item Shipped,612.89
5815,84862,2023-08-26,Not as Described,636.26
5816,64969,2025-02-17,Wrong Item Shipped,315.91
5817,29158,2025-03-07,Changed Mind,536.94
5818,11244,2025-01-29,Not as Described,202.02
5819,33313,2025-01-23,Changed Mind,3920.03
5820,29770,2024-04-11,Changed Mind,427.52
5821,17833,2023-08-20,Other,718.54
5822,26162,2025-06-27,Not as Described,758.43
5823,79718,2025-06-18,Not as Described,732.98
5824,93542,2025-02-22,Damaged in Transit,165.81
5825,72588,2025-05-04,Changed Mind,1164.01
5826,34849,2024-06-14,Defective Product,698.2
5827,71064,2024-12-10,Changed Mind,15.27
5828,39855,2025-05-10,Damaged in Transit,2572.38
5829,25730,2024-09-04,Changed Mind,530.86
5830,34139,2025-01-08,Not as Described,5784.84
5831,20027,2025-01-12,Defective Product,196.67
5832,30388,2025-05-24,Not as Described,1853.3
5833,52746,2024-12-05,Wrong Item Shipped,359.39
5834,57837,2024-06-23,Other,505.89
5835,98022,2024-10-21,Defective Product,1094.38
5836,7059,2024-07-26,Not as Described,1389.89
5837,87059,2024-05-07,Defective Product,2961.97
5838,44872,2025-02-26,Defective Product,359.55
5839,39199,2024-02-21,Wrong Item Shipped,275.58
5840,75291,2024-04-14,Damaged in Transit,276.29
5841,82039,2025-12-20,Not as Described,131.87
5842,39162,2024-07-09,Changed Mind,610.05
5843,47881,2024-08-14,Changed Mind,2236.53
5844,52872,2025-01-18,Damaged in Transit,402.49
5845,61970,2024-11-03,Damaged in Transit,255.88
5846,67589,2023-12-12,Other,311.71
5847,53007,2025-09-25,Changed Mind,1678.12
5848,52443,2025-05-05,Changed Mind,1233.9
5849,34510,2023-08-23,Wrong Item Shipped,67.4
5850,74621,2024-02-13,Wrong Item Shipped,568.66
5851,57883,2024-09-13,Defective Product,439.56
5852,15470,2024-11-21,Damaged in Transit,1234.72
5853,29713,2025-01-16,Damaged in Transit,1485.87
5854,63576,2025-10-08,Other,202.75
5855,2046,2025-06-29,Wrong Item Shipped,64.85
5856,14965,2024-05-26,Damaged in Transit,780.82
5857,524,2025-02-08,Changed Mind,263.43
5858,26779,2024-06-04,Wrong Item Shipped,2400.41
5859,58172,2023-09-03,Changed Mind,30.5
5860,515,2025-05-01,Not as Described,271.95
5861,100054,2024-06-30,Other,1836.48
5862,61476,2024-02-16,Changed Mind,330.05
5863,11965,2025-06-03,Wrong Item Shipped,284.71
5864,2612,2025-01-23,Other,263.1
5865,76616,2025-07-26,Wrong Item Shipped,448.64
5866,66043,2024-02-05,Changed Mind,534.03
5867,51207,2025-02-20,Changed Mind,3230.4
5868,27741,2025-01-04,Changed Mind,1427.0
5869,14860,2025-03-13,Changed Mind,452.55
5870,4173,2025-01-08,Wrong Item Shipped,1647.42
5871,32129,2025-03-29,Wrong Item Shipped,60.51
5872,15967,2025-02-28,Damaged in Transit,1125.13
5873,9265,2025-01-29,Defective Product,1196.36
5874,9296,2024-01-12,Defective Product,82.33
5875,6216,2024-11-02,Other,1449.97
5876,81793,2025-04-04,Not as Described,1492.01
5877,49613,2024-08-19,Changed Mind,986.66
5878,66655,2024-04-05,Wrong Item Shipped,110.96
5879,21509,2024-11-10,Damaged in Transit,208.45
5880,70645,2024-12-05,Wrong Item Shipped,492.94
5881,26810,2023-09-26,Wrong Item Shipped,527.75
5882,93295,2023-12-05,Other,355.28
5883,866,2025-02-22,Changed Mind,764.3
5884,98860,2025-06-16,Damaged in Transit,234.1
5885,52414,2025-06-30,Damaged in Transit,1194.57
5886,61095,2025-07-14,Other,980.16
5887,28911,2025-07-26,Changed Mind,1351.49
5888,51833,2023-08-06,Defective Product,1351.39
5889,65736,2024-09-05,Other,2516.7
5890,56381,2024-11-03,Wrong Item Shipped,286.9
5891,95745,2024-04-17,Changed Mind,1805.66
5892,30138,2024-04-17,Changed Mind,1831.64
5893,23386,2025-08-13,Damaged in Transit,1322.88
5894,100672,2024-05-25,Wrong Item Shipped,631.76
5895,97019,2025-06-25,Damaged in Transit,2946.1
5896,52327,2025-03-12,Other,1130.21
5897,99168,2025-01-30,Damaged in Transit,501.02
5898,25255,2025-11-29,Wrong Item Shipped,3682.88
5899,74930,2024-12-13,Wrong Item Shipped,138.33
5900,65204,2025-01-30,Other,378.41
5901,83731,2024-12-29,Changed Mind,356.79
5902,50108,2024-03-24,Other,1543.32
5903,66807,2024-01-17,Wrong Item Shipped,2107.84
5904,37776,2024-08-07,Damaged in Transit,329.77
5905,883,2025-04-26,Defective Product,306.43
5906,55070,2025-02-03,Wrong Item Shipped,368.16
5907,92598,2025-06-03,Damaged in Transit,1066.81
5908,35691,2024-12-23,Other,351.98
5909,62038,2023-12-10,Not as Described,449.57
5910,86376,2025-06-24,Other,169.16
5911,37011,2023-05-06,Wrong Item Shipped,494.35
5912,62096,2023-09-16,Damaged in Transit,521.52
5913,7953,2024-02-08,Changed Mind,838.3
5914,79773,2025-06-15,Defective Product,421.88
5915,39063,2024-06-22,Damaged in Transit,83.4
5916,295,2025-06-27,Wrong Item Shipped,499.77
5917,7460,2025-02-20,Damaged in Transit,576.8
5918,6536,2025-10-07,Not as Described,402.98
5919,93684,2025-05-11,Defective Product,5730.68
5920,65588,2024-08-02,Defective Product,1466.47
5921,24410,2023-11-26,Changed Mind,356.29
5922,57733,2024-09-26,Not as Described,345.33
5923,61886,2024-05-15,Not as Described,509.28
5924,21280,2025-08-31,Damaged in Transit,783.19
5925,43799,2025-07-30,Defective Product,817.98
5926,74355,2025-01-16,Damaged in Transit,446.45
5927,56188,2025-01-12,Defective Product,808.26
5928,95319,2024-10-31,Not as Described,2226.84
5929,82554,2023-09-13,Wrong Item Shipped,1020.19
5930,85672,2025-06-08,Damaged in Transit,413.82
5931,15299,2025-08-17,Not as Described,649.57
5932,33616,2026-01-02,Other,1030.37
5933,32897,2025-07-19,Other,2185.91
5934,79803,2025-06-02,Not as Described,861.05
5935,54528,2025-10-01,Wrong Item Shipped,186.55
5936,88444,2025-01-17,Damaged in Transit,1457.89
5937,61998,2024-10-11,Not as Described,4527.13
5938,88384,2024-07-06,Defective Product,756.98
5939,18998,2025-08-17,Defective Product,78.18
5940,85113,2024-05-06,Changed Mind,465.86
5941,9168,2025-09-07,Defective Product,842.07
5942,8185,2025-05-10,Damaged in Transit,685.08
5943,93514,2025-03-15,Other,86.31
5944,56455,2025-04-21,Other,376.99
5945,100570,2024-11-09,Defective Product,641.3
5946,28651,2025-03-31,Wrong Item Shipped,416.83
5947,14723,2025-12-22,Defective Product,605.12
5948,24341,2023-10-05,Defective Product,2286.79
5949,35235,2025-01-21,Changed Mind,1480.34
5950,10712,2025-01-12,Not as Described,666.3
5951,89416,2024-09-12,Other,540.72
5952,54852,2024-11-26,Wrong Item Shipped,177.7
5953,6427,2024-09-22,Defective Product,1742.95
5954,40978,2025-04-20,Wrong Item Shipped,657.44
5955,24437,2025-09-26,Defective Product,619.65
5956,79710,2025-02-07,Defective Product,1548.55
5957,59346,2023-09-29,Other,479.79
5958,29788,2024-09-25,Wrong Item Shipped,3256.83
5959,77032,2025-06-21,Defective Product,222.25
5960,84515,2024-08-08,Other,1237.14
5961,73930,2025-03-21,Wrong Item Shipped,269.87
5962,24403,2025-02-15,Not as Described,685.0
5963,50930,2024-12-25,Damaged in Transit,451.25
5964,73364,2025-06-24,Defective Product,447.21
5965,86944,2025-06-13,Damaged in Transit,305.19
5966,59583,2024-01-23,Wrong Item Shipped,718.99
5967,12115,2025-05-04,Defective Product,49.66
5968,56686,2024-10-31,Wrong Item Shipped,2398.65
5969,88528,2025-10-06,Wrong Item Shipped,300.45
5970,34531,2023-11-08,Defective Product,461.76
5971,35144,2025-02-19,Defective Product,419.87
5972,50170,2024-09-13,Other,844.95
5973,27329,2023-09-02,Other,1063.52
5974,90633,2025-06-27,Changed Mind,768.01
5975,46857,2023-07-01,Changed Mind,17.24
5976,26129,2023-11-28,Changed Mind,90.22
5977,38930,2023-09-16,Not as Described,817.09
5978,49434,2024-08-31,Changed Mind,610.53
5979,94001,2024-01-22,Not as Described,3180.56
5980,21088,2025-01-27,Not as Described,467.26
5981,97589,2025-05-09,Other,114.56
5982,57778,2025-05-03,Wrong Item Shipped,4312.14
5983,70708,2024-04-17,Not as Described,681.84
5984,42064,2025-10-26,Not as Described,375.14
5985,10169,2024-09-24,Defective Product,931.78
5986,2749,2024-09-06,Wrong Item Shipped,338.44
5987,75261,2025-05-27,Other,555.48
5988,54278,2025-08-17,Damaged in Transit,3772.2
5989,64555,2024-01-30,Defective Product,88.16
5990,45645,2025-11-14,Wrong Item Shipped,284.3
5991,83870,2024-10-09,Defective Product,114.22
5992,40878,2024-04-16,Wrong Item Shipped,307.95
5993,80585,2024-04-25,Not as Described,79.0
5994,79440,2025-06-13,Not as Described,213.05
5995,392,2023-09-22,Defective Product,429.73
5996,206,2024-11-23,Wrong Item Shipped,565.82
5997,80438,2024-01-14,Damaged in Transit,528.47
5998,25078,2025-12-14,Defective Product,2178.72
5999,2047,2025-01-29,Changed Mind,244.21
6000,44483,2023-12-14,Other,92.08
6001,14541,2025-01-01,Changed Mind,461.73
6002,34,2024-10-31,Wrong Item Shipped,91.42
6003,56909,2024-10-14,Changed Mind,827.52
6004,84152,2023-05-06,Defective Product,1260.33
6005,7743,2024-09-10,Not as Described,444.79
6006,32116,2025-09-27,Not as Described,258.69
6007,63425,2025-10-06,Changed Mind,5015.22
6008,51693,2024-08-21,Wrong Item Shipped,2013.2
6009,68882,2024-02-17,Wrong Item Shipped,342.71
6010,7917,2025-09-27,Not as Described,1805.6
6011,2959,2023-08-05,Not as Described,217.76
6012,70777,2023-05-09,Changed Mind,461.23
6013,81580,2023-04-08,Not as Described,859.84
6014,50844,2024-12-09,Damaged in Transit,890.57
6015,76313,2025-10-10,Other,1747.58
6016,54088,2025-07-05,Other,474.35
6017,68179,2025-06-10,Not as Described,2478.03
6018,21236,2025-01-26,Defective Product,104.81
6019,62978,2023-07-25,Wrong Item Shipped,241.97
6020,30328,2025-10-30,Other,205.51
6021,66235,2025-12-12,Defective Product,2413.9
6022,87795,2025-08-06,Wrong Item Shipped,451.6
6023,1044,2023-12-27,Wrong Item Shipped,216.38
6024,55242,2024-02-04,Not as Described,230.73
6025,76982,2023-11-30,Defective Product,207.78
6026,51396,2024-10-20,Defective Product,1068.73
6027,83794,2025-09-08,Wrong Item Shipped,77.7
6028,8263,2024-09-10,Wrong Item Shipped,840.69
6029,9135,2024-11-20,Not as Described,196.04
6030,38591,2024-07-19,Defective Product,112.63
6031,61403,2024-02-29,Not as Described,123.03
6032,76364,2025-05-03,Defective Product,2810.95
6033,26512,2025-08-31,Changed Mind,2075.62
6034,86899,2025-10-21,Other,1476.2
6035,54895,2024-10-13,Damaged in Transit,440.26
6036,56508,2023-05-19,Other,320.94
6037,93379,2025-04-06,Not as Described,69.55
6038,63179,2024-10-13,Damaged in Transit,350.69
6039,66202,2024-07-04,Changed Mind,1050.07
6040,74792,2025-01-26,Wrong Item Shipped,1354.72
6041,73237,2025-04-05,Not as Described,1051.22
6042,81811,2024-09-13,Damaged in Transit,243.08
6043,53064,2024-04-20,Not as Described,603.52
6044,77220,2025-02-08,Other,395.58
6045,22876,2025-08-27,Changed Mind,56.42
6046,475,2025-04-18,Changed Mind,599.54
6047,57457,2024-11-12,Other,889.01
6048,15508,2025-05-31,Defective Product,1038.83
6049,51474,2025-08-22,Changed Mind,973.37
6050,70480,2024-10-07,Defective Product,418.49
6051,10460,2025-05-07,Wrong Item Shipped,401.79
6052,14392,2025-01-09,Defective Product,757.68
6053,81350,2023-10-07,Wrong Item Shipped,1802.21
6054,29213,2025-12-25,Wrong Item Shipped,485.39
6055,48636,2023-12-13,Wrong Item Shipped,926.52
6056,80592,2023-09-15,Damaged in Transit,585.35
6057,31391,2025-02-06,Not as Described,1367.73
6058,24602,2024-10-02,Wrong Item Shipped,102.53
6059,89475,2025-07-31,Other,841.17
6060,83479,2025-11-24,Defective Product,1050.56
6061,44054,2024-08-04,Changed Mind,654.84
6062,85450,2024-02-20,Not as Described,230.1
6063,30977,2025-03-20,Damaged in Transit,1649.84
6064,5357,2025-03-27,Defective Product,314.24
6065,33749,2024-11-03,Changed Mind,1147.71
6066,94545,2025-06-16,Not as Described,1603.65
6067,56107,2025-05-18,Defective Product,176.93
6068,79501,2024-12-15,Damaged in Transit,562.55
6069,74867,2025-02-23,Defective Product,637.92
6070,19164,2025-03-08,Damaged in Transit,248.07
6071,100196,2025-05-25,Damaged in Transit,382.08
6072,48948,2024-11-17,Wrong Item Shipped,1025.3
6073,25154,2024-02-03,Defective Product,53.09
6074,18725,2025-08-08,Wrong Item Shipped,39.1
6075,89574,2024-05-13,Wrong Item Shipped,201.93
6076,95944,2024-03-22,Changed Mind,3203.5
6077,69818,2025-02-18,Not as Described,169.6
6078,25308,2024-08-30,Other,1025.62
6079,45114,2024-10-17,Wrong Item Shipped,420.24
6080,35923,2024-09-23,Not as Described,613.47
6081,49116,2025-04-02,Other,314.97
6082,62697,2023-12-31,Wrong Item Shipped,660.81
6083,30102,2024-08-26,Damaged in Transit,231.93
6084,53190,2025-12-15,Not as Described,523.04
6085,5924,2025-08-10,Damaged in Transit,843.77
6086,94893,2025-06-01,Damaged in Transit,1619.06
6087,77044,2023-11-29,Changed Mind,1721.62
6088,10854,2025-01-09,Not as Described,977.42
6089,63820,2025-09-20,Changed Mind,235.56
6090,6864,2025-01-19,Damaged in Transit,2983.59
6091,19394,2025-08-31,Damaged in Transit,457.99
6092,33368,2025-02-22,Not as Described,798.31
6093,46338,2025-07-20,Other,3053.19
6094,72385,2025-03-09,Other,1296.24
6095,8044,2025-09-02,Other,1263.65
6096,75232,2024-06-04,Changed Mind,215.17
6097,32582,2025-05-19,Defective Product,39.65
6098,15225,2025-08-17,Damaged in Transit,1062.99
6099,25032,2025-03-27,Changed Mind,2154.86
6100,49765,2024-02-21,Wrong Item Shipped,99.65
6101,74266,2024-11-22,Other,257.4
6102,36775,2025-01-05,Not as Described,4475.09
6103,68992,2025-05-19,Defective Product,198.83
6104,59018,2023-07-14,Damaged in Transit,520.46
6105,100042,2025-03-28,Defective Product,296.41
6106,76969,2025-12-19,Wrong Item Shipped,151.28
6107,60466,2025-08-05,Not as Described,229.14
6108,31167,2025-10-01,Not as Described,445.05
6109,52152,2025-03-15,Changed Mind,1063.24
6110,76621,2024-12-22,Changed Mind,322.02
6111,48610,2024-02-22,Not as Described,1226.72
6112,86218,2024-11-16,Changed Mind,1076.59
6113,45432,2025-05-24,Changed Mind,1970.29
6114,96506,2025-02-18,Defective Product,5557.35
6115,29079,2025-10-07,Wrong Item Shipped,287.15
6116,31,2024-12-27,Other,446.01
6117,12878,2024-08-17,Changed Mind,1726.09
6118,82463,2023-10-21,Not as Described,2321.33
6119,87902,2024-12-24,Not as Described,1718.24
6120,30847,2024-07-11,Other,1293.47
