customer_id,customer_name,email,segment,country,state,signup_date,region_id
1,Nancy Smith,nancy.smith1@mail.com,Consumer,Australia,Victoria,2020-08-15,18
2,David Bennett,david.bennett2@mail.com,Corporate,USA,Texas,2020-11-18,2
3,John Jones,john.jones3@mail.com,Small Business,Canada,Alberta,2021-11-25,16
4,Karen Rodriguez,karen.rodriguez4@mail.com,Corporate,UK,Northern Ireland,2019-08-27,12
5,Emma Garcia,emma.garcia5@mail.com,Corporate,UK,Northern Ireland,2022-02-03,12
6,Patricia Patel,patricia.patel6@mail.com,Corporate,USA,California,2020-02-25,1
7,Sophie Smith,sophie.smith7@mail.com,Corporate,USA,New York,2024-11-26,3
8,John Smith,john.smith8@mail.com,Consumer,India,Karnataka,2019-08-28,26
9,Susan Evans,susan.evans9@mail.com,Consumer,UK,Scotland,2023-05-24,10
10,Emma Davis,emma.davis10@mail.com,Corporate,Germany,Bavaria,2022-09-28,21
11,Daniel Wilson,daniel.wilson11@mail.com,Consumer,Canada,Alberta,2021-09-04,16
12,James Garcia,,Corporate,USA,Ohio,2022-05-26,8
13,David Johnson,david.johnson13@mail.com,Small Business,Germany,Hesse,2019-12-08,23
14,John Iyer,john.iyer14@mail.com,Corporate,USA,New York,2021-10-07,3
15,Jessica Martin,jessica.martin15@mail.com,Consumer,AUS,New South Wales,2023-11-29,17
16,Patricia Iyer,patricia.iyer16@mail.com,Corporate,USA,Georgia,2025-10-14,7
17,Robert Jackson,robert.jackson17@mail.com,Consumer,USA,California,2019-09-18,1
18,Thomas Clarke,thomas.clarke18@mail.com,Corporate,canada,Ontario,2022-12-16,13
19,Susan Martin,susan.martin19@mail.com,Consumer,Canada,Quebec,2019-07-18,14
20,Daniel Brown,daniel.brown20@mail.com,Consumer,Canada,Quebec,2025-02-13,14
21,Thomas Martin,thomas.martin21@mail.com,Consumer,usa,Washington,2021-03-19,6
22,Linda Thompson,linda.thompson22@mail.com,Consumer,India,Delhi,2021-06-06,27
23,Mary Iyer,mary.iyer23@mail.com,Consumer,Australia,New South Wales,2022-07-21,17
24,Emma Cole,emma.cole24@mail.com,Consumer,UK,Wales,2024-06-23,11
25,Sophie Patel,sophie.patel25@mail.com,Consumer,AUS,Western Australia,2022-09-12,20
26,Charles Martinez,charles.martinez26@mail.com,Small Business,IND,Delhi,2023-06-16,27
27,Thomas Sharma,thomas.sharma27@mail.com,Consumer,India,Uttar Pradesh,2021-03-21,30
28,James Johnson,james.johnson28@mail.com,Consumer,UK,Scotland,2023-08-01,10
29,Sarah Bennett,,Small Business,Australia,New South Wales,2023-07-13,17
30,Joseph Thomas,joseph.thomas30@mail.com,Corporate,Canada,Alberta,2024-01-01,16
31,Raj Brown,raj.brown31@mail.com,Consumer,UK,England,2019-05-31,9
32,Sarah Kapoor,sarah.kapoor32@mail.com,Corporate,USA,California,2025-07-22,1
33,Chloe Moore,chloe.moore33@mail.com,Consumer,India,Uttar Pradesh,2023-09-22,30
34,Robert Murphy,robert.murphy34@mail.com,Consumer,Australia,Western Australia,2022-09-01,20
35,Robert Wilson,robert.wilson35@mail.com,Consumer,Australia,New South Wales,2022-01-30,17
36,Nancy Jones,nancy.jones36@mail.com,Corporate,India,Gujarat,2021-05-18,29
37,Robert Jones,robert.jones37@mail.com,Corporate,UK,Scotland,2024-06-11,10
38,David Thompson,david.thompson38@mail.com,Small Business,USA,Washington,2020-08-09,6
39,Priya Perez,,Consumer,India,Maharashtra,2020-01-17,25
40,Karen Kapoor,karen.kapoor40@mail.com,Small Business,USA,New York,2025-05-06,3
41,Richard Taylor,richard.taylor41@mail.com,Consumer,UK,Northern Ireland,2024-10-06,12
42,Nancy Martin,nancy.martin42@mail.com,Consumer,India,Tamil Nadu,2023-04-08,28
43,Barbara Moore,barbara.moore43@mail.com,Consumer,India,Karnataka,2024-03-03,26
44,Charles Thompson,charles.thompson44@mail.com,Consumer,Germany,North Rhine-Westphalia,2024-08-27,24
45,Jessica Brown,jessica.brown45@mail.com,Corporate,Australia,New South Wales,2023-11-07,17
46,Emma Kapoor,emma.kapoor46@mail.com,Consumer,USA,Texas,2021-01-27,2
47,Patricia Bennett,patricia.bennett47@mail.com,Consumer,CANADA,Alberta,2021-06-19,16
48,Priya Sharma,priya.sharma48@mail.com,Consumer,India,Delhi,2025-05-31,27
49,Noah Clarke,noah.clarke49@mail.com,Corporate,Canada,British Columbia,2021-02-02,15
50,Karen Iyer,karen.iyer50@mail.com,Consumer,AUS,Victoria,2022-01-23,18
51,Sophie Miller,sophie.miller51@mail.com,Corporate,India,Maharashtra,2022-07-13,25
52,Jessica Moore,jessica.moore52@mail.com,Small Business,DE,Bavaria,2022-05-27,21
53,Noah Davis,noah.davis53@mail.com,Small Business,India,Gujarat,2024-10-29,29
54,Jessica Wilson,jessica.wilson54@mail.com,Consumer,UK,Wales,2025-05-15,11
55,Liam Moore,liam.moore55@mail.com,Consumer,USA,Illinois,2024-08-05,5
56,Joseph Thomas,joseph.thomas56@mail.com,Consumer,Canada,Quebec,2025-01-03,14
57,Sunita Brown,sunita.brown57@mail.com,Small Business,Australia,Queensland,2024-07-07,19
58,Richard Thomas,richard.thomas58@mail.com,Corporate,UK,Northern Ireland,2021-01-31,12
59,Richard Patel,richard.patel59@mail.com,Consumer,UK,England,2021-10-04,9
60,David Anderson,,Consumer,Germany,Bavaria,2023-10-04,21
61,John Patel,john.patel61@mail.com,Consumer,canada,British Columbia,2025-09-05,15
62,Chloe Jackson,chloe.jackson62@mail.com,Corporate,USA,New York,2024-08-18,3
63,Robert Williams,robert.williams63@mail.com,Consumer,USA,Illinois,2024-11-25,5
64,Liam Williams,liam.williams64@mail.com,Small Business,India,Karnataka,2022-05-02,26
65,Robert Thomas,robert.thomas65@mail.com,Corporate,Australia,Victoria,2024-03-27,18
66,Patricia Iyer,patricia.iyer66@mail.com,Consumer,uk,England,2022-06-10,9
67,Sunita Anderson,sunita.anderson67@mail.com,Consumer,USA,California,2020-01-01,1
68,Emma Jones,emma.jones68@mail.com,Consumer,Australia,Western Australia,2019-06-20,20
69,Karen Johnson,karen.johnson69@mail.com,Consumer,Germany,Berlin,2019-12-04,22
70,Daniel Lee,daniel.lee70@mail.com,Small Business,UK,Northern Ireland,2022-10-05,12
71,Karen Wilson,karen.wilson71@mail.com,Small Business,Canada,Ontario,2021-12-17,13
72,Raj Brown,raj.brown72@mail.com,Consumer,Germany,Hesse,2022-06-19,23
73,Jessica Anderson,jessica.anderson73@mail.com,Consumer,USA,California,2019-09-22,1
74,Sophie Patel,sophie.patel74@mail.com,Corporate,Germany,Berlin,2020-06-24,22
75,Oliver Thomas,oliver.thomas75@mail.com,Corporate,Canada,Alberta,2023-06-14,16
76,Sophie Cole,sophie.cole76@mail.com,Consumer,UK,Scotland,2019-06-03,10
77,Sunita Johnson,sunita.johnson77@mail.com,Corporate,USA,New York,2022-02-23,3
78,Barbara Thompson,barbara.thompson78@mail.com,Consumer,Australia,Queensland,2025-10-23,19
79,Barbara Anderson,barbara.anderson79@mail.com,Consumer,Germany,Hesse,2023-10-04,23
80,Patricia Perez,patricia.perez80@mail.com,Small Business,canada,British Columbia,2020-08-20,15
81,Charles Miller,charles.miller81@mail.com,Consumer,USA,Georgia,2019-10-31,7
82,John Patel,john.patel82@mail.com,Consumer,India,Maharashtra,2019-09-10,25
83,Sarah Davis,sarah.davis83@mail.com,Corporate,Canada,Ontario,2019-06-05,13
84,Sophie Brown,sophie.brown84@mail.com,Consumer,India,Gujarat,2025-10-27,29
85,Susan Bennett,susan.bennett85@mail.com,Small Business,Germany,Berlin,2023-03-19,22
86,Karen Anderson,karen.anderson86@mail.com,Consumer,UK,Northern Ireland,2023-04-09,12
87,Patricia Clarke,patricia.clarke87@mail.com,Consumer,Canada,Ontario,2021-12-01,13
88,David Perez,david.perez88@mail.com,Consumer,India,Tamil Nadu,2025-01-25,28
89,Linda Evans,linda.evans89@mail.com,Consumer,India,Tamil Nadu,2020-05-01,28
90,Jessica Bennett,jessica.bennett90@mail.com,Consumer,Australia,Victoria,2021-11-01,18
91,Karen Clarke,karen.clarke91@mail.com,Small Business,USA,California,2024-01-09,1
92,Liam Thompson,liam.thompson92@mail.com,Corporate,India,Tamil Nadu,2019-01-28,28
93,Nancy Patel,nancy.patel93@mail.com,Consumer,Australia,Queensland,2022-04-18,19
94,Priya Lee,priya.lee94@mail.com,Consumer,Germany,Berlin,2020-10-11,22
95,James Thompson,james.thompson95@mail.com,Corporate,Germany,Bavaria,2019-12-09,21
96,Chloe Patel,chloe.patel96@mail.com,Consumer,Australia,Queensland,2020-06-22,19
97,Liam Kapoor,liam.kapoor97@mail.com,Consumer,uk,Northern Ireland,2020-08-26,12
98,David Smith,david.smith98@mail.com,Small Business,USA,Washington,2024-06-26,6
99,Jennifer Rodriguez,jennifer.rodriguez99@mail.com,Small Business,Germany,North Rhine-Westphalia,2022-05-04,24
100,Amit Clarke,amit.clarke100@mail.com,Consumer,UK,Scotland,2022-10-01,10
101,Barbara Cole,barbara.cole101@mail.com,Consumer,Germany,Bavaria,2024-10-11,21
102,Richard Anderson,richard.anderson102@mail.com,Consumer,India,Karnataka,2022-05-05,26
103,James Garcia,james.garcia103@mail.com,Consumer,India,Gujarat,2021-03-22,29
104,Sophie Jones,sophie.jones104@mail.com,Corporate,India,Tamil Nadu,2022-04-05,28
105,Daniel Patel,daniel.patel105@mail.com,Consumer,Germany,North Rhine-Westphalia,2021-09-13,24
106,Joseph Williams,joseph.williams106@mail.com,Consumer,Germany,North Rhine-Westphalia,2024-05-16,24
107,John Iyer,john.iyer107@mail.com,Small Business,Germany,Hesse,2025-07-16,23
108,Priya Smith,priya.smith108@mail.com,Corporate,india,Delhi,2021-02-27,27
109,Robert Iyer,robert.iyer109@mail.com,Corporate,Germany,Bavaria,2021-12-30,21
110,Charles Miller,charles.miller110@mail.com,Consumer,Canada,Ontario,2024-10-03,13
111,Joseph Thomas,joseph.thomas111@mail.com,Consumer,germany,Berlin,2025-03-04,22
112,Thomas Wilson,thomas.wilson112@mail.com,Consumer,USA,New York,2023-05-13,3
113,Jennifer Anderson,jennifer.anderson113@mail.com,Corporate,Australia,Western Australia,2025-02-15,20
114,Barbara Iyer,barbara.iyer114@mail.com,Corporate,Germany,Berlin,2023-03-15,22
115,Richard Clarke,richard.clarke115@mail.com,Consumer,India,Maharashtra,2022-07-20,25
116,Daniel Thompson,daniel.thompson116@mail.com,Consumer,Canada,Alberta,2024-01-18,16
117,Robert Murphy,robert.murphy117@mail.com,Consumer,USA,Florida,2023-08-28,4
118,Mary Jones,mary.jones118@mail.com,Consumer,USA,Ohio,2019-07-31,8
119,Jennifer Clarke,jennifer.clarke119@mail.com,Corporate,USA,Washington,2019-06-30,6
120,Nancy Johnson,nancy.johnson120@mail.com,Consumer,UK,Northern Ireland,2019-01-31,12
121,Raj Williams,raj.williams121@mail.com,Small Business,India,Karnataka,2024-01-18,26
122,David Moore,david.moore122@mail.com,Consumer,Australia,Queensland,2021-01-11,19
123,Raj Thomas,raj.thomas123@mail.com,Consumer,USA,Ohio,2024-04-20,8
124,Sarah Thompson,sarah.thompson124@mail.com,Corporate,USA,Washington,2020-04-07,6
125,Thomas Thomas,thomas.thomas125@mail.com,Consumer,IND,Karnataka,2019-09-03,26
126,David Miller,david.miller126@mail.com,Corporate,Germany,Hesse,2024-03-25,23
127,Oliver Martin,oliver.martin127@mail.com,Consumer,UK,England,2019-02-22,9
128,Patricia Anderson,patricia.anderson128@mail.com,Consumer,USA,Ohio,2025-08-16,8
129,Jessica Brown,jessica.brown129@mail.com,Consumer,Canada,Alberta,2024-04-07,16
130,Barbara Patel,barbara.patel130@mail.com,Corporate,USA,Florida,2021-08-12,4
131,Raj Perez,raj.perez131@mail.com,Consumer,UK,England,2019-10-31,9
132,Sarah Martin,sarah.martin132@mail.com,Corporate,USA,Ohio,2024-04-20,8
133,Raj Martinez,raj.martinez133@mail.com,Corporate,USA,Washington,2022-08-18,6
134,Mary Davis,mary.davis134@mail.com,Consumer,USA,Illinois,2025-08-18,5
135,Joseph Thompson,joseph.thompson135@mail.com,Corporate,India,Gujarat,2021-01-02,29
136,Mary Smith,mary.smith136@mail.com,Small Business,USA,Florida,2023-02-13,4
137,Michael Martinez,michael.martinez137@mail.com,Corporate,USA,New York,2024-02-14,3
138,Michael Clarke,michael.clarke138@mail.com,Small Business,Canada,Ontario,2023-06-30,13
139,John Clarke,john.clarke139@mail.com,Consumer,UK,Scotland,2021-04-25,10
140,David Martinez,david.martinez140@mail.com,Small Business,Germany,Berlin,2020-07-15,22
141,Richard Brown,richard.brown141@mail.com,Consumer,UK,Wales,2021-12-16,11
142,James Jackson,james.jackson142@mail.com,Consumer,UK,Wales,2023-03-13,11
143,Sunita Thomas,sunita.thomas143@mail.com,Small Business,Germany,Bavaria,2020-08-24,21
144,Jennifer Jones,jennifer.jones144@mail.com,Consumer,Germany,Bavaria,2020-05-08,21
145,Joseph Lee,joseph.lee145@mail.com,Small Business,Canada,British Columbia,2023-06-03,15
146,Amit Davis,amit.davis146@mail.com,Consumer,Australia,New South Wales,2024-08-01,17
147,Charles Lee,charles.lee147@mail.com,Small Business,USA,New York,2024-10-17,3
148,Liam Patel,liam.patel148@mail.com,Small Business,India,Maharashtra,2020-09-22,25
149,Emma Anderson,emma.anderson149@mail.com,Corporate,India,Tamil Nadu,2022-02-25,28
150,Robert Taylor,robert.taylor150@mail.com,Small Business,USA,Georgia,2023-12-27,7
151,Sophie Iyer,sophie.iyer151@mail.com,Corporate,USA,Texas,2023-06-29,2
152,Mary Thomas,mary.thomas152@mail.com,Consumer,UK,England,2022-09-24,9
153,James Moore,james.moore153@mail.com,Small Business,Germany,North Rhine-Westphalia,2025-06-01,24
154,Chloe Williams,chloe.williams154@mail.com,Consumer,Canada,British Columbia,2020-02-17,15
155,Sophie Wilson,sophie.wilson155@mail.com,Consumer,USA,Ohio,2023-12-20,8
156,Daniel Thomas,daniel.thomas156@mail.com,Small Business,uk,England,2020-06-17,9
157,Daniel Taylor,daniel.taylor157@mail.com,Consumer,Germany,Hesse,2024-10-02,23
158,Amit Sharma,amit.sharma158@mail.com,Corporate,Germany,North Rhine-Westphalia,2022-09-17,24
159,Jessica Martinez,jessica.martinez159@mail.com,Corporate,Australia,Queensland,2022-06-24,19
160,Patricia Taylor,patricia.taylor160@mail.com,Consumer,India,Karnataka,2022-11-13,26
161,James Wilson,james.wilson161@mail.com,Corporate,USA,Washington,2024-12-23,6
162,Jennifer Evans,jennifer.evans162@mail.com,Corporate,India,Maharashtra,2024-03-17,25
163,Nancy Moore,nancy.moore163@mail.com,Consumer,Germany,Bavaria,2022-02-27,21
164,Liam Kapoor,liam.kapoor164@mail.com,Consumer,Canada,Alberta,2020-09-08,16
165,Chloe Anderson,chloe.anderson165@mail.com,Corporate,India,Maharashtra,2025-10-15,25
166,Robert Thomas,robert.thomas166@mail.com,Consumer,United States,Florida,2021-09-30,4
167,Sophie Brown,,Small Business,USA,New York,2020-05-25,3
168,Linda Thomas,linda.thomas168@mail.com,Corporate,Germany,Hesse,2024-01-07,23
169,Daniel Taylor,,Corporate,USA,Georgia,2020-04-15,7
170,Charles Williams,charles.williams170@mail.com,Consumer,Germany,Hesse,2024-05-13,23
171,Joseph Bennett,joseph.bennett171@mail.com,Corporate,United States,Georgia,2019-01-14,7
172,Barbara Iyer,barbara.iyer172@mail.com,Corporate,USA,Washington,2019-03-30,6
173,Richard Davis,richard.davis173@mail.com,Corporate,USA,Georgia,2020-05-21,7
174,Richard Clarke,richard.clarke174@mail.com,Small Business,USA,New York,2021-07-08,3
175,Jennifer Williams,jennifer.williams175@mail.com,Consumer,India,Gujarat,2020-01-08,29
176,Charles Sharma,charles.sharma176@mail.com,Consumer,Australia,Western Australia,2024-12-31,20
177,Patricia Martin,patricia.martin177@mail.com,Small Business,UK,Northern Ireland,2021-07-09,12
178,Charles Miller,charles.miller178@mail.com,Consumer,Germany,Berlin,2023-12-11,22
179,Noah Clarke,noah.clarke179@mail.com,Small Business,Germany,Bavaria,2023-01-22,21
180,Susan Anderson,susan.anderson180@mail.com,Consumer,Germany,Bavaria,2021-10-28,21
181,Sunita Hughes,sunita.hughes181@mail.com,Corporate,USA,Washington,2019-01-09,6
182,Priya Hughes,priya.hughes182@mail.com,Corporate,Germany,Bavaria,2021-06-07,21
183,John Davis,john.davis183@mail.com,Corporate,USA,Illinois,2019-08-21,5
184,Patricia Jones,patricia.jones184@mail.com,Corporate,India,Uttar Pradesh,2022-04-17,30
185,David Miller,david.miller185@mail.com,Corporate,Germany,North Rhine-Westphalia,2019-06-12,24
186,Jennifer Thompson,jennifer.thompson186@mail.com,Corporate,Canada,Alberta,2022-11-04,16
187,John Clarke,john.clarke187@mail.com,Corporate,canada,Quebec,2023-02-17,14
188,Oliver Sharma,oliver.sharma188@mail.com,Corporate,Canada,Alberta,2024-07-05,16
189,Robert Garcia,robert.garcia189@mail.com,Consumer,India,Karnataka,2024-08-24,26
190,Oliver Sharma,,Consumer,India,Karnataka,2019-07-12,26
191,Sarah Moore,,Consumer,India,Karnataka,2021-04-15,26
192,Oliver Perez,oliver.perez192@mail.com,Corporate,Canada,Quebec,2023-11-05,14
193,Oliver Perez,oliver.perez193@mail.com,Corporate,USA,Ohio,2022-07-17,8
194,Thomas Patel,thomas.patel194@mail.com,Consumer,Australia,Western Australia,2020-01-04,20
195,Chloe Murphy,chloe.murphy195@mail.com,Consumer,USA,New York,2021-12-21,3
196,Daniel Sharma,daniel.sharma196@mail.com,Consumer,India,Tamil Nadu,2020-07-05,28
197,Priya Thompson,priya.thompson197@mail.com,Corporate,DE,Bavaria,2024-01-14,21
198,Richard Bennett,richard.bennett198@mail.com,Small Business,Germany,Hesse,2025-05-21,23
199,Priya Wilson,priya.wilson199@mail.com,Corporate,Australia,Victoria,2021-11-19,18
200,John Moore,john.moore200@mail.com,Corporate,India,Maharashtra,2024-05-18,25
201,Robert Jackson,robert.jackson201@mail.com,Consumer,Canada,Ontario,2021-10-21,13
202,Thomas Sharma,thomas.sharma202@mail.com,Small Business,USA,New York,2021-08-17,3
203,Barbara Evans,barbara.evans203@mail.com,Corporate,USA,Florida,2023-01-09,4
204,David Perez,david.perez204@mail.com,Consumer,India,Karnataka,2021-06-24,26
205,Mary Anderson,mary.anderson205@mail.com,Consumer,UK,Northern Ireland,2019-03-07,12
206,Charles Williams,charles.williams206@mail.com,Consumer,India,Uttar Pradesh,2024-09-10,30
207,Barbara Moore,barbara.moore207@mail.com,Consumer,India,Delhi,2022-07-19,27
208,Thomas Johnson,thomas.johnson208@mail.com,Consumer,USA,Florida,2025-06-09,4
209,Mary Anderson,mary.anderson209@mail.com,Consumer,AUS,Western Australia,2021-12-10,20
210,Liam Martinez,liam.martinez210@mail.com,Small Business,Canada,Alberta,2024-10-05,16
211,Robert Sharma,robert.sharma211@mail.com,Consumer,India,Tamil Nadu,2024-06-29,28
212,Sophie Bennett,sophie.bennett212@mail.com,Consumer,Australia,Victoria,2022-04-22,18
213,Robert Thompson,robert.thompson213@mail.com,Consumer,USA,Washington,2019-07-21,6
214,Nancy Martin,nancy.martin214@mail.com,Corporate,Canada,British Columbia,2022-05-26,15
215,Joseph Moore,joseph.moore215@mail.com,Consumer,USA,Florida,2023-12-29,4
216,Daniel Lee,daniel.lee216@mail.com,Corporate,UK,Scotland,2020-02-02,10
217,Emma Iyer,emma.iyer217@mail.com,Corporate,USA,New York,2019-12-05,3
218,Noah Johnson,noah.johnson218@mail.com,Corporate,India,Uttar Pradesh,2023-07-01,30
219,Thomas Cole,thomas.cole219@mail.com,Small Business,Germany,Bavaria,2019-06-22,21
220,Emma Perez,emma.perez220@mail.com,Consumer,USA,Texas,2020-12-06,2
221,Priya Miller,,Consumer,Australia,Victoria,2020-09-09,18
222,Richard Thompson,richard.thompson222@mail.com,Small Business,Germany,Bavaria,2020-09-15,21
223,Sarah Martin,sarah.martin223@mail.com,Consumer,Australia,Queensland,2024-03-13,19
224,John Johnson,john.johnson224@mail.com,Consumer,USA,California,2024-04-25,1
225,Thomas Brown,thomas.brown225@mail.com,Consumer,USA,Texas,2022-05-03,2
226,Emma Murphy,emma.murphy226@mail.com,Consumer,USA,Illinois,2019-06-06,5
227,Liam Wilson,liam.wilson227@mail.com,Small Business,Germany,Hesse,2019-12-15,23
228,Amit Williams,amit.williams228@mail.com,Consumer,USA,Illinois,2021-10-24,5
229,Charles Sharma,charles.sharma229@mail.com,Consumer,UK,Scotland,2025-02-27,10
230,Jennifer Johnson,jennifer.johnson230@mail.com,Consumer,Australia,Victoria,2023-07-18,18
231,Linda Kapoor,linda.kapoor231@mail.com,Small Business,Germany,Berlin,2022-11-01,22
232,Thomas Moore,thomas.moore232@mail.com,Small Business,USA,Ohio,2019-05-11,8
233,Charles Martin,charles.martin233@mail.com,Consumer,Germany,North Rhine-Westphalia,2020-10-12,24
234,Nancy Garcia,nancy.garcia234@mail.com,Corporate,UK,Wales,2025-09-19,11
235,Susan Anderson,susan.anderson235@mail.com,Consumer,Germany,Hesse,2023-06-24,23
236,Chloe Martinez,chloe.martinez236@mail.com,Consumer,Germany,Berlin,2022-11-14,22
237,Joseph Thomas,joseph.thomas237@mail.com,Consumer,UK,Northern Ireland,2025-08-27,12
238,Oliver Wilson,oliver.wilson238@mail.com,Corporate,Australia,Queensland,2021-05-23,19
239,Raj Thompson,raj.thompson239@mail.com,Consumer,India,Gujarat,2020-01-14,29
240,Mary Evans,mary.evans240@mail.com,Consumer,USA,Texas,2020-09-19,2
241,Priya Sharma,priya.sharma241@mail.com,Small Business,USA,Texas,2022-11-04,2
242,Richard Williams,richard.williams242@mail.com,Consumer,India,Karnataka,2019-10-14,26
243,Richard Brown,richard.brown243@mail.com,Small Business,Germany,Berlin,2023-12-13,22
244,Karen Patel,,Consumer,USA,Illinois,2023-11-05,5
245,Joseph Martinez,joseph.martinez245@mail.com,Consumer,India,Delhi,2019-07-24,27
246,David Iyer,david.iyer246@mail.com,Consumer,India,Gujarat,2022-04-26,29
247,Sophie Patel,sophie.patel247@mail.com,Consumer,India,Delhi,2025-06-22,27
248,Chloe Thompson,chloe.thompson248@mail.com,Small Business,USA,Florida,2023-07-31,4
249,Sophie Jones,sophie.jones249@mail.com,Consumer,India,Gujarat,2021-10-26,29
250,Richard Williams,richard.williams250@mail.com,Corporate,Germany,Bavaria,2022-09-25,21
251,Daniel Patel,daniel.patel251@mail.com,Consumer,India,Delhi,2022-07-05,27
252,John Cole,john.cole252@mail.com,Small Business,Germany,Bavaria,2022-02-22,21
253,Susan Martinez,susan.martinez253@mail.com,Consumer,Canada,Ontario,2024-05-19,13
254,Priya Kapoor,priya.kapoor254@mail.com,Consumer,India,Maharashtra,2020-10-08,25
255,Raj Taylor,raj.taylor255@mail.com,Consumer,Canada,Quebec,2021-04-05,14
256,John Thompson,john.thompson256@mail.com,Corporate,Australia,Victoria,2022-07-22,18
257,Amit Williams,,Consumer,India,Tamil Nadu,2025-01-03,28
258,Barbara Lee,barbara.lee258@mail.com,Small Business,Australia,Queensland,2024-12-16,19
259,Joseph Sharma,joseph.sharma259@mail.com,Consumer,USA,Florida,2022-02-02,4
260,Emma Wilson,emma.wilson260@mail.com,Small Business,Australia,Western Australia,2024-04-14,20
261,Liam Jones,liam.jones261@mail.com,Consumer,Canada,British Columbia,2019-06-13,15
262,Raj Kapoor,raj.kapoor262@mail.com,Consumer,USA,Washington,2025-03-23,6
263,Liam Iyer,liam.iyer263@mail.com,Consumer,Germany,Bavaria,2022-05-29,21
264,Raj Cole,raj.cole264@mail.com,Consumer,India,Tamil Nadu,2023-06-30,28
265,Charles Williams,charles.williams265@mail.com,Small Business,Germany,North Rhine-Westphalia,2021-08-09,24
266,Priya Patel,priya.patel266@mail.com,Corporate,USA,Texas,2025-08-08,2
267,Jessica Martin,jessica.martin267@mail.com,Consumer,Australia,Queensland,2022-08-01,19
268,Susan Smith,susan.smith268@mail.com,Consumer,Canada,Ontario,2024-06-05,13
269,Susan Martinez,susan.martinez269@mail.com,Corporate,Australia,Victoria,2023-05-06,18
270,Jennifer Miller,jennifer.miller270@mail.com,Corporate,India,Karnataka,2021-09-16,26
271,Richard Clarke,richard.clarke271@mail.com,Small Business,Germany,Bavaria,2022-08-25,21
272,Sarah Miller,sarah.miller272@mail.com,Consumer,USA,Washington,2023-10-06,6
273,Linda Jones,linda.jones273@mail.com,Corporate,Canada,Quebec,2021-03-02,14
274,John Williams,john.williams274@mail.com,Small Business,India,Uttar Pradesh,2025-03-15,30
275,Barbara Bennett,,Consumer,Australia,Western Australia,2025-09-24,20
276,Emma Brown,emma.brown276@mail.com,Consumer,USA,Ohio,2020-05-20,8
277,Charles Clarke,charles.clarke277@mail.com,Consumer,Germany,North Rhine-Westphalia,2025-02-12,24
278,Karen Hughes,karen.hughes278@mail.com,Corporate,Germany,North Rhine-Westphalia,2020-01-16,24
279,Sunita Murphy,sunita.murphy279@mail.com,Consumer,Australia,New South Wales,2023-03-19,17
280,Charles Johnson,charles.johnson280@mail.com,Consumer,USA,Georgia,2025-01-15,7
281,Raj Wilson,raj.wilson281@mail.com,Small Business,Australia,Queensland,2022-06-17,19
282,Noah Clarke,noah.clarke282@mail.com,Small Business,USA,Ohio,2021-11-10,8
283,Nancy Jones,nancy.jones283@mail.com,Small Business,India,Uttar Pradesh,2023-07-28,30
284,Nancy Taylor,nancy.taylor284@mail.com,Corporate,USA,Texas,2020-02-19,2
285,John Garcia,john.garcia285@mail.com,Small Business,India,Delhi,2021-12-04,27
286,Jennifer Hughes,jennifer.hughes286@mail.com,Consumer,India,Gujarat,2019-02-01,29
287,Amit Clarke,amit.clarke287@mail.com,Corporate,USA,Florida,2022-08-11,4
288,Nancy Evans,nancy.evans288@mail.com,Corporate,USA,Georgia,2025-02-03,7
289,Noah Garcia,noah.garcia289@mail.com,Consumer,USA,Ohio,2024-01-03,8
290,Sunita Moore,sunita.moore290@mail.com,Consumer,Canada,British Columbia,2024-11-15,15
291,Mary Thomas,mary.thomas291@mail.com,Small Business,India,Gujarat,2022-09-13,29
292,Susan Patel,susan.patel292@mail.com,Corporate,USA,Georgia,2021-02-24,7
293,Sunita Davis,sunita.davis293@mail.com,Consumer,USA,Florida,2024-08-16,4
294,Thomas Thompson,thomas.thompson294@mail.com,Consumer,India,Maharashtra,2021-06-13,25
295,Barbara Clarke,barbara.clarke295@mail.com,Consumer,USA,Texas,2024-09-01,2
296,Sunita Evans,sunita.evans296@mail.com,Consumer,USA,New York,2020-03-10,3
297,Thomas Davis,thomas.davis297@mail.com,Corporate,India,Uttar Pradesh,2024-08-26,30
298,Karen Davis,karen.davis298@mail.com,Consumer,India,Delhi,2020-08-22,27
299,Barbara Evans,barbara.evans299@mail.com,Consumer,india,Karnataka,2021-05-19,26
300,Emma Jackson,emma.jackson300@mail.com,Consumer,USA,Georgia,2024-02-16,7
301,Noah Hughes,noah.hughes301@mail.com,Corporate,India,Uttar Pradesh,2023-04-02,30
302,Michael Anderson,michael.anderson302@mail.com,Consumer,Germany,Hesse,2024-10-04,23
303,Raj Perez,raj.perez303@mail.com,Consumer,Australia,Victoria,2025-09-13,18
304,Thomas Moore,thomas.moore304@mail.com,Corporate,Canada,Ontario,2019-11-12,13
305,Oliver Martinez,oliver.martinez305@mail.com,Corporate,Germany,Berlin,2021-03-23,22
306,Oliver Taylor,oliver.taylor306@mail.com,Corporate,USA,Illinois,2019-06-24,5
307,Charles Martin,charles.martin307@mail.com,Consumer,USA,Florida,2024-11-09,4
308,Jessica Garcia,jessica.garcia308@mail.com,Consumer,India,Uttar Pradesh,2024-09-23,30
309,Liam Miller,liam.miller309@mail.com,Consumer,USA,Georgia,2023-05-27,7
310,Emma Thompson,emma.thompson310@mail.com,Corporate,India,Maharashtra,2022-07-05,25
311,John Bennett,john.bennett311@mail.com,Consumer,USA,Ohio,2020-06-15,8
312,David Johnson,david.johnson312@mail.com,Consumer,Australia,Victoria,2021-01-29,18
313,Priya Jackson,priya.jackson313@mail.com,Corporate,USA,Georgia,2025-06-03,7
314,Sophie Anderson,sophie.anderson314@mail.com,Small Business,Germany,North Rhine-Westphalia,2024-03-30,24
315,Karen Cole,karen.cole315@mail.com,Corporate,Germany,Berlin,2023-07-21,22
316,Patricia Kapoor,patricia.kapoor316@mail.com,Consumer,UK,Wales,2025-03-17,11
317,Sophie Martin,sophie.martin317@mail.com,Corporate,India,Maharashtra,2022-11-02,25
318,Sophie Brown,sophie.brown318@mail.com,Consumer,Canada,Quebec,2022-01-22,14
319,Barbara Williams,barbara.williams319@mail.com,Consumer,Germany,Berlin,2024-12-01,22
320,Oliver Garcia,,Consumer,Germany,Berlin,2021-08-09,22
321,David Moore,david.moore321@mail.com,Small Business,Australia,Queensland,2019-10-04,19
322,Noah Martin,noah.martin322@mail.com,Consumer,IND,Uttar Pradesh,2019-04-16,30
323,John Hughes,john.hughes323@mail.com,Corporate,Australia,Victoria,2025-04-14,18
324,Jessica Williams,jessica.williams324@mail.com,Consumer,India,Gujarat,2024-11-15,29
325,Chloe Davis,chloe.davis325@mail.com,Consumer,Australia,New South Wales,2025-03-26,17
326,Liam Moore,liam.moore326@mail.com,Corporate,USA,Ohio,2024-07-05,8
327,Noah Anderson,noah.anderson327@mail.com,Consumer,usa,New York,2025-08-04,3
328,Chloe Smith,chloe.smith328@mail.com,Corporate,USA,California,2021-01-31,1
329,Jessica Johnson,jessica.johnson329@mail.com,Small Business,India,Maharashtra,2020-12-04,25
330,Joseph Martin,joseph.martin330@mail.com,Small Business,USA,Florida,2019-10-09,4
331,Susan Davis,susan.davis331@mail.com,Corporate,USA,Illinois,2022-09-13,5
332,Joseph Williams,joseph.williams332@mail.com,Consumer,India,Delhi,2020-08-27,27
333,Susan Davis,susan.davis333@mail.com,Consumer,Germany,Berlin,2022-03-17,22
334,James Wilson,james.wilson334@mail.com,Consumer,Germany,Bavaria,2023-02-04,21
335,Chloe Brown,chloe.brown335@mail.com,Consumer,Canada,Alberta,2021-01-19,16
336,Liam Kapoor,liam.kapoor336@mail.com,Corporate,India,Uttar Pradesh,2019-05-01,30
337,Priya Wilson,priya.wilson337@mail.com,Small Business,Canada,British Columbia,2024-10-31,15
338,Emma Jones,emma.jones338@mail.com,Corporate,USA,New York,2023-01-23,3
339,John Johnson,john.johnson339@mail.com,Small Business,USA,Florida,2020-04-08,4
340,Barbara Cole,barbara.cole340@mail.com,Consumer,Canada,British Columbia,2020-08-21,15
341,Liam Jackson,liam.jackson341@mail.com,Corporate,Australia,Queensland,2019-03-28,19
342,Amit Hughes,amit.hughes342@mail.com,Corporate,UK,Wales,2025-10-24,11
343,John Clarke,john.clarke343@mail.com,Small Business,USA,Washington,2022-07-27,6
344,Amit Jackson,amit.jackson344@mail.com,Consumer,Australia,Western Australia,2024-09-09,20
345,Thomas Thompson,thomas.thompson345@mail.com,Corporate,India,Delhi,2019-10-15,27
346,James Murphy,james.murphy346@mail.com,Consumer,India,Uttar Pradesh,2025-03-24,30
347,Robert Smith,robert.smith347@mail.com,Corporate,USA,Texas,2024-09-04,2
348,David Miller,david.miller348@mail.com,Small Business,India,Karnataka,2022-11-30,26
349,Liam Jones,liam.jones349@mail.com,Consumer,Germany,Berlin,2021-12-12,22
350,Karen Iyer,karen.iyer350@mail.com,Consumer,India,Gujarat,2021-12-22,29
351,Nancy Martin,nancy.martin351@mail.com,Corporate,India,Gujarat,2023-02-13,29
352,Jessica Brown,jessica.brown352@mail.com,Small Business,India,Tamil Nadu,2022-01-13,28
353,Oliver Martinez,oliver.martinez353@mail.com,Corporate,Canada,Alberta,2023-04-28,16
354,Linda Martinez,linda.martinez354@mail.com,Corporate,USA,Illinois,2023-10-23,5
355,Patricia Johnson,patricia.johnson355@mail.com,Consumer,USA,Illinois,2022-07-04,5
356,Linda Thomas,linda.thomas356@mail.com,Consumer,India,Karnataka,2021-08-19,26
357,Priya Evans,priya.evans357@mail.com,Consumer,India,Uttar Pradesh,2023-06-19,30
358,Nancy Moore,nancy.moore358@mail.com,Small Business,USA,California,2023-02-10,1
359,Robert Brown,robert.brown359@mail.com,Corporate,Australia,Western Australia,2022-06-19,20
360,Liam Murphy,liam.murphy360@mail.com,Corporate,Canada,Quebec,2019-06-27,14
361,Sarah Thompson,sarah.thompson361@mail.com,Consumer,U.S.A,Texas,2021-06-23,2
362,Karen Smith,karen.smith362@mail.com,Consumer,India,Gujarat,2019-04-25,29
363,Priya Martin,priya.martin363@mail.com,Consumer,USA,Illinois,2020-11-23,5
364,Daniel Davis,daniel.davis364@mail.com,Small Business,UK,Wales,2021-04-08,11
365,Amit Jones,amit.jones365@mail.com,Consumer,India,Tamil Nadu,2020-05-05,28
366,Barbara Thomas,barbara.thomas366@mail.com,Corporate,Canada,Quebec,2020-12-02,14
367,James Thompson,james.thompson367@mail.com,Consumer,U.S.A,Illinois,2022-07-15,5
368,Susan Davis,susan.davis368@mail.com,Consumer,Canada,Alberta,2019-01-20,16
369,Daniel Thomas,daniel.thomas369@mail.com,Consumer,USA,California,2019-04-02,1
370,Jennifer Patel,jennifer.patel370@mail.com,Consumer,USA,Illinois,2021-04-27,5
371,Raj Williams,raj.williams371@mail.com,Small Business,India,Tamil Nadu,2022-12-01,28
372,Charles Anderson,charles.anderson372@mail.com,Consumer,USA,Florida,2021-01-03,4
373,Robert Martin,robert.martin373@mail.com,Small Business,USA,Ohio,2021-09-19,8
374,Karen Martin,karen.martin374@mail.com,Consumer,UK,Scotland,2023-03-23,10
375,Emma Martin,,Consumer,USA,Washington,2021-05-13,6
376,Karen Smith,karen.smith376@mail.com,Consumer,India,Delhi,2024-12-25,27
377,Joseph Bennett,joseph.bennett377@mail.com,Consumer,Australia,Queensland,2023-10-22,19
378,Sarah Johnson,sarah.johnson378@mail.com,Small Business,UK,Northern Ireland,2019-11-25,12
379,Priya Taylor,priya.taylor379@mail.com,Consumer,USA,Texas,2021-09-13,2
380,Susan Rodriguez,susan.rodriguez380@mail.com,Consumer,Germany,Berlin,2021-10-24,22
381,Sunita Smith,sunita.smith381@mail.com,Small Business,United States,Ohio,2023-11-21,8
382,Susan Evans,susan.evans382@mail.com,Corporate,Germany,Berlin,2021-02-12,22
383,Robert Anderson,robert.anderson383@mail.com,Small Business,Australia,New South Wales,2025-07-15,17
384,Linda Iyer,linda.iyer384@mail.com,Small Business,Germany,North Rhine-Westphalia,2019-01-04,24
385,Raj Sharma,raj.sharma385@mail.com,Corporate,USA,New York,2019-05-08,3
386,Patricia Clarke,patricia.clarke386@mail.com,Consumer,USA,Florida,2019-05-29,4
387,Daniel Iyer,daniel.iyer387@mail.com,Corporate,Germany,Berlin,2023-09-13,22
388,Oliver Wilson,oliver.wilson388@mail.com,Consumer,USA,Texas,2021-08-17,2
389,John Johnson,john.johnson389@mail.com,Consumer,Australia,New South Wales,2021-07-11,17
390,Susan Lee,susan.lee390@mail.com,Consumer,India,Delhi,2021-11-13,27
391,Richard Hughes,richard.hughes391@mail.com,Corporate,USA,Ohio,2019-06-27,8
392,Priya Garcia,priya.garcia392@mail.com,Consumer,Australia,Queensland,2021-06-05,19
393,Liam Clarke,liam.clarke393@mail.com,Small Business,Australia,Victoria,2023-07-30,18
394,Raj Moore,raj.moore394@mail.com,Corporate,Germany,Bavaria,2021-06-23,21
395,Amit Jackson,amit.jackson395@mail.com,Corporate,UK,Scotland,2019-01-26,10
396,Priya Garcia,priya.garcia396@mail.com,Corporate,uk,England,2025-04-02,9
397,Emma Jones,emma.jones397@mail.com,Corporate,Germany,Hesse,2024-12-24,23
398,Robert Kapoor,robert.kapoor398@mail.com,Corporate,Canada,Alberta,2019-10-29,16
399,Oliver Moore,oliver.moore399@mail.com,Small Business,UK,Wales,2019-06-16,11
400,Mary Martinez,mary.martinez400@mail.com,Consumer,UK,Wales,2019-12-22,11
401,Michael Johnson,michael.johnson401@mail.com,Consumer,USA,Florida,2021-11-21,4
402,Emma Miller,emma.miller402@mail.com,Consumer,Canada,Ontario,2022-04-30,13
403,Noah Johnson,noah.johnson403@mail.com,Corporate,U.S.A,Florida,2019-04-20,4
404,Richard Cole,richard.cole404@mail.com,Consumer,India,Delhi,2022-10-28,27
405,Barbara Martin,barbara.martin405@mail.com,Consumer,UK,Wales,2023-12-28,11
406,Joseph Hughes,joseph.hughes406@mail.com,Corporate,Canada,Alberta,2024-10-15,16
407,Karen Jackson,karen.jackson407@mail.com,Corporate,USA,California,2021-12-10,1
408,David Johnson,david.johnson408@mail.com,Corporate,Canada,Alberta,2020-11-19,16
409,Oliver Sharma,oliver.sharma409@mail.com,Consumer,UK,Wales,2024-05-26,11
410,Michael Martinez,michael.martinez410@mail.com,Consumer,Germany,Bavaria,2024-06-18,21
411,Susan Bennett,susan.bennett411@mail.com,Small Business,Germany,Berlin,2024-11-13,22
412,Oliver Johnson,oliver.johnson412@mail.com,Small Business,Germany,Berlin,2021-12-13,22
413,Sophie Sharma,,Consumer,UK,England,2022-12-26,9
414,Richard Rodriguez,richard.rodriguez414@mail.com,Consumer,Germany,North Rhine-Westphalia,2023-02-11,24
415,Patricia Evans,patricia.evans415@mail.com,Corporate,India,Tamil Nadu,2023-09-18,28
416,Susan Thomas,susan.thomas416@mail.com,Consumer,Canada,Quebec,2020-02-22,14
417,Noah Taylor,noah.taylor417@mail.com,Consumer,Australia,New South Wales,2019-12-23,17
418,Sunita Moore,sunita.moore418@mail.com,Small Business,USA,Texas,2021-05-14,2
419,Noah Taylor,noah.taylor419@mail.com,Consumer,Germany,Hesse,2019-03-05,23
420,Richard Garcia,richard.garcia420@mail.com,Corporate,UK,Scotland,2023-05-12,10
421,Sarah Kapoor,sarah.kapoor421@mail.com,Consumer,Germany,Hesse,2019-06-29,23
422,Sarah Anderson,sarah.anderson422@mail.com,Consumer,UK,England,2021-02-17,9
423,Chloe Evans,chloe.evans423@mail.com,Corporate,Germany,Berlin,2023-02-23,22
424,Charles Rodriguez,charles.rodriguez424@mail.com,Consumer,Germany,Bavaria,2020-06-28,21
425,Emma Williams,emma.williams425@mail.com,Small Business,USA,Georgia,2022-02-09,7
426,Sunita Thomas,sunita.thomas426@mail.com,Corporate,USA,Texas,2019-12-18,2
427,Robert Thomas,robert.thomas427@mail.com,Consumer,India,Karnataka,2019-03-10,26
428,Nancy Hughes,nancy.hughes428@mail.com,Consumer,Canada,Quebec,2025-08-07,14
429,Jennifer Lee,jennifer.lee429@mail.com,Consumer,UK,Scotland,2019-04-08,10
430,Barbara Wilson,barbara.wilson430@mail.com,Consumer,Australia,Queensland,2021-08-27,19
431,Patricia Williams,patricia.williams431@mail.com,Consumer,Australia,New South Wales,2019-02-28,17
432,Richard Patel,richard.patel432@mail.com,Corporate,UK,Scotland,2022-02-20,10
433,Barbara Martinez,barbara.martinez433@mail.com,Consumer,IND,Maharashtra,2025-02-28,25
434,Thomas Thompson,thomas.thompson434@mail.com,Consumer,Germany,North Rhine-Westphalia,2025-07-17,24
435,Amit Thomas,amit.thomas435@mail.com,Consumer,USA,Georgia,2025-01-30,7
436,Jennifer Kapoor,jennifer.kapoor436@mail.com,Corporate,USA,New York,2024-08-28,3
437,Thomas Anderson,thomas.anderson437@mail.com,Small Business,USA,Illinois,2020-12-22,5
438,Thomas Johnson,thomas.johnson438@mail.com,Small Business,Canada,Ontario,2021-08-31,13
439,Sunita Bennett,sunita.bennett439@mail.com,Consumer,UK,Scotland,2021-04-30,10
440,Chloe Anderson,chloe.anderson440@mail.com,Consumer,Germany,Bavaria,2020-01-21,21
441,Nancy Thomas,nancy.thomas441@mail.com,Corporate,USA,Washington,2022-09-16,6
442,David Sharma,david.sharma442@mail.com,Corporate,India,Karnataka,2024-09-15,26
443,Emma Johnson,emma.johnson443@mail.com,Consumer,USA,Florida,2021-01-25,4
444,Robert Patel,robert.patel444@mail.com,Consumer,USA,Texas,2020-05-01,2
445,Priya Taylor,priya.taylor445@mail.com,Consumer,UK,Wales,2021-05-06,11
446,Susan Martin,susan.martin446@mail.com,Consumer,India,Gujarat,2025-08-13,29
447,Emma Iyer,emma.iyer447@mail.com,Corporate,IND,Maharashtra,2021-05-18,25
448,Raj Garcia,raj.garcia448@mail.com,Corporate,Canada,Ontario,2019-12-14,13
449,James Jones,james.jones449@mail.com,Consumer,India,Delhi,2023-04-15,27
450,Sophie Thompson,sophie.thompson450@mail.com,Consumer,Australia,Western Australia,2021-10-01,20
451,Raj Evans,raj.evans451@mail.com,Small Business,USA,New York,2025-01-09,3
452,Thomas Johnson,thomas.johnson452@mail.com,Corporate,UK,Scotland,2022-11-24,10
453,John Williams,john.williams453@mail.com,Corporate,Canada,British Columbia,2020-05-18,15
454,Linda Clarke,linda.clarke454@mail.com,Consumer,India,Gujarat,2019-04-09,29
455,Priya Anderson,priya.anderson455@mail.com,Consumer,Germany,North Rhine-Westphalia,2022-09-19,24
456,Susan Taylor,susan.taylor456@mail.com,Consumer,Australia,Victoria,2025-08-07,18
457,Daniel Johnson,daniel.johnson457@mail.com,Small Business,India,Karnataka,2023-12-11,26
458,Nancy Jones,nancy.jones458@mail.com,Consumer,Germany,Hesse,2024-12-14,23
459,Raj Moore,raj.moore459@mail.com,Consumer,USA,Florida,2024-05-30,4
460,Susan Anderson,susan.anderson460@mail.com,Consumer,Canada,Alberta,2024-06-08,16
461,Thomas Clarke,thomas.clarke461@mail.com,Consumer,India,Tamil Nadu,2025-01-01,28
462,Robert Perez,robert.perez462@mail.com,Small Business,Germany,Hesse,2020-01-07,23
463,John Martin,john.martin463@mail.com,Consumer,USA,Georgia,2025-09-18,7
464,Susan Taylor,susan.taylor464@mail.com,Consumer,UK,Scotland,2024-11-28,10
465,Richard Sharma,richard.sharma465@mail.com,Corporate,Germany,North Rhine-Westphalia,2021-07-27,24
466,David Davis,david.davis466@mail.com,Consumer,India,Delhi,2020-05-23,27
467,Patricia Smith,patricia.smith467@mail.com,Corporate,UK,Scotland,2021-08-24,10
468,Sunita Garcia,sunita.garcia468@mail.com,Consumer,India,Uttar Pradesh,2022-05-15,30
469,Sarah Martin,sarah.martin469@mail.com,Corporate,USA,Washington,2024-12-03,6
470,Joseph Cole,joseph.cole470@mail.com,Small Business,USA,New York,2021-10-15,3
471,Karen Brown,karen.brown471@mail.com,Small Business,UK,Scotland,2024-03-26,10
472,David Clarke,david.clarke472@mail.com,Corporate,Canada,Ontario,2025-07-18,13
473,David Kapoor,david.kapoor473@mail.com,Consumer,Australia,Victoria,2019-10-01,18
474,Thomas Miller,thomas.miller474@mail.com,Small Business,Germany,Berlin,2022-01-02,22
475,Nancy Martinez,nancy.martinez475@mail.com,Small Business,UK,England,2025-02-10,9
476,Amit Cole,amit.cole476@mail.com,Consumer,USA,California,2025-01-17,1
477,Sarah Miller,sarah.miller477@mail.com,Consumer,Canada,British Columbia,2022-06-30,15
478,Patricia Jones,patricia.jones478@mail.com,Corporate,India,Maharashtra,2025-05-04,25
479,Sophie Williams,sophie.williams479@mail.com,Consumer,USA,Washington,2022-04-07,6
480,Thomas Garcia,thomas.garcia480@mail.com,Corporate,USA,Illinois,2023-12-12,5
481,Noah Kapoor,noah.kapoor481@mail.com,Corporate,USA,California,2019-12-03,1
482,Thomas Williams,thomas.williams482@mail.com,Consumer,CANADA,Alberta,2021-06-15,16
483,Emma Patel,,Small Business,IND,Gujarat,2020-11-27,29
484,Sophie Wilson,sophie.wilson484@mail.com,Consumer,UK,Northern Ireland,2025-07-21,12
485,Raj Anderson,raj.anderson485@mail.com,Consumer,Germany,North Rhine-Westphalia,2025-10-30,24
486,Amit Williams,amit.williams486@mail.com,Corporate,Australia,Queensland,2024-09-02,19
487,Karen Lee,karen.lee487@mail.com,Consumer,India,Maharashtra,2019-02-05,25
488,Barbara Murphy,barbara.murphy488@mail.com,Corporate,Canada,Ontario,2024-09-16,13
489,Barbara Bennett,barbara.bennett489@mail.com,Corporate,USA,Texas,2019-12-24,2
490,Jennifer Kapoor,jennifer.kapoor490@mail.com,Corporate,Canada,Quebec,2024-04-06,14
491,Amit Cole,amit.cole491@mail.com,Corporate,UK,Northern Ireland,2024-03-30,12
492,Amit Sharma,amit.sharma492@mail.com,Small Business,Australia,Victoria,2023-03-15,18
493,Jennifer Evans,jennifer.evans493@mail.com,Consumer,Australia,Western Australia,2022-05-04,20
494,Susan Martin,susan.martin494@mail.com,Consumer,Australia,New South Wales,2021-10-15,17
495,Linda Brown,linda.brown495@mail.com,Consumer,Germany,North Rhine-Westphalia,2019-06-15,24
496,Michael Evans,,Consumer,India,Tamil Nadu,2019-10-05,28
497,John Davis,john.davis497@mail.com,Small Business,Canada,Quebec,2025-06-27,14
498,Emma Jackson,emma.jackson498@mail.com,Consumer,Canada,Ontario,2025-07-15,13
499,James Anderson,james.anderson499@mail.com,Consumer,AUS,New South Wales,2021-01-18,17
500,Karen Perez,karen.perez500@mail.com,Consumer,Australia,New South Wales,2022-06-05,17
501,Susan Moore,susan.moore501@mail.com,Corporate,Australia,Victoria,2023-11-03,18
502,Emma Lee,emma.lee502@mail.com,Consumer,India,Delhi,2019-07-02,27
503,John Thompson,john.thompson503@mail.com,Consumer,Germany,Berlin,2021-01-08,22
504,Noah Williams,noah.williams504@mail.com,Consumer,Australia,Victoria,2020-12-03,18
505,Robert Martinez,robert.martinez505@mail.com,Small Business,USA,Texas,2025-05-12,2
506,Joseph Kapoor,joseph.kapoor506@mail.com,Consumer,USA,Washington,2025-03-15,6
507,Sunita Jackson,sunita.jackson507@mail.com,Consumer,Australia,Queensland,2022-04-06,19
508,Charles Thomas,charles.thomas508@mail.com,Consumer,USA,Georgia,2023-05-21,7
509,Oliver Thomas,oliver.thomas509@mail.com,Small Business,uk,Scotland,2023-02-17,10
510,Liam Perez,liam.perez510@mail.com,Consumer,Germany,Bavaria,2023-06-08,21
511,Robert Jones,robert.jones511@mail.com,Consumer,UK,Scotland,2025-01-30,10
512,Richard Sharma,richard.sharma512@mail.com,Consumer,USA,Washington,2022-01-28,6
513,Robert Moore,robert.moore513@mail.com,Corporate,USA,Washington,2023-04-11,6
514,Thomas Patel,thomas.patel514@mail.com,Consumer,Australia,Western Australia,2023-09-03,20
515,Charles Anderson,charles.anderson515@mail.com,Consumer,Australia,Queensland,2023-11-20,19
516,John Murphy,john.murphy516@mail.com,Small Business,Germany,Berlin,2024-07-02,22
517,Liam Clarke,liam.clarke517@mail.com,Corporate,Canada,Alberta,2022-07-24,16
518,Karen Sharma,karen.sharma518@mail.com,Consumer,USA,Washington,2024-04-22,6
519,Daniel Garcia,daniel.garcia519@mail.com,Consumer,Germany,Bavaria,2022-05-26,21
520,Oliver Jones,oliver.jones520@mail.com,Consumer,Australia,New South Wales,2019-12-01,17
521,Jessica Martin,jessica.martin521@mail.com,Corporate,India,Gujarat,2019-05-16,29
522,Chloe Bennett,chloe.bennett522@mail.com,Corporate,Canada,Quebec,2021-03-04,14
523,Mary Hughes,mary.hughes523@mail.com,Consumer,India,Tamil Nadu,2022-07-01,28
524,Patricia Martin,patricia.martin524@mail.com,Consumer,USA,Washington,2020-11-21,6
525,John Martinez,john.martinez525@mail.com,Corporate,Germany,Bavaria,2019-06-06,21
526,Jennifer Garcia,jennifer.garcia526@mail.com,Small Business,India,Delhi,2019-01-10,27
527,Richard Cole,richard.cole527@mail.com,Consumer,India,Maharashtra,2024-01-27,25
528,Amit Davis,amit.davis528@mail.com,Consumer,USA,Florida,2019-09-12,4
529,Susan Martin,susan.martin529@mail.com,Consumer,UK,Northern Ireland,2020-11-06,12
530,Noah Martinez,noah.martinez530@mail.com,Small Business,India,Karnataka,2021-02-22,26
531,Sophie Williams,sophie.williams531@mail.com,Corporate,Australia,New South Wales,2025-02-07,17
532,David Miller,david.miller532@mail.com,Consumer,UK,Northern Ireland,2025-03-24,12
533,Priya Lee,priya.lee533@mail.com,Consumer,USA,Georgia,2025-08-07,7
534,David Jones,david.jones534@mail.com,Consumer,IND,Maharashtra,2023-09-14,25
535,Priya Martinez,priya.martinez535@mail.com,Consumer,Canada,Quebec,2021-08-27,14
536,Nancy Lee,nancy.lee536@mail.com,Corporate,USA,Ohio,2023-10-26,8
537,Robert Martin,robert.martin537@mail.com,Consumer,India,Maharashtra,2020-02-22,25
538,Priya Garcia,priya.garcia538@mail.com,Corporate,India,Tamil Nadu,2023-07-24,28
539,Daniel Perez,daniel.perez539@mail.com,Small Business,USA,New York,2024-03-17,3
540,John Garcia,john.garcia540@mail.com,Small Business,India,Delhi,2023-10-23,27
541,Raj Thompson,raj.thompson541@mail.com,Consumer,UK,Wales,2019-09-21,11
542,Sunita Murphy,sunita.murphy542@mail.com,Corporate,USA,Illinois,2023-05-30,5
543,Nancy Wilson,nancy.wilson543@mail.com,Consumer,Germany,Hesse,2021-06-19,23
544,Liam Cole,,Small Business,Canada,Quebec,2022-06-05,14
545,Daniel Johnson,daniel.johnson545@mail.com,Consumer,India,Gujarat,2022-02-18,29
546,Liam Bennett,,Consumer,India,Delhi,2021-07-10,27
547,James Williams,james.williams547@mail.com,Consumer,Canada,Quebec,2019-05-11,14
548,Mary Sharma,mary.sharma548@mail.com,Corporate,Canada,Alberta,2021-11-07,16
549,Oliver Perez,oliver.perez549@mail.com,Small Business,India,Tamil Nadu,2024-10-26,28
550,David Sharma,david.sharma550@mail.com,Consumer,USA,Ohio,2023-07-02,8
551,Michael Clarke,michael.clarke551@mail.com,Consumer,USA,Georgia,2025-01-09,7
552,Daniel Thomas,daniel.thomas552@mail.com,Consumer,Canada,Quebec,2023-08-22,14
553,Nancy Sharma,nancy.sharma553@mail.com,Corporate,Germany,Bavaria,2021-01-08,21
554,James Jackson,james.jackson554@mail.com,Consumer,Germany,Hesse,2023-06-18,23
555,Noah Sharma,noah.sharma555@mail.com,Corporate,United States,New York,2021-02-28,3
556,Karen Martinez,karen.martinez556@mail.com,Corporate,USA,Illinois,2021-09-14,5
557,Priya Martinez,priya.martinez557@mail.com,Corporate,Canada,British Columbia,2020-05-13,15
558,Sarah Davis,sarah.davis558@mail.com,Small Business,India,Tamil Nadu,2020-12-19,28
559,Emma Evans,emma.evans559@mail.com,Consumer,Australia,Western Australia,2019-05-26,20
560,Raj Taylor,raj.taylor560@mail.com,Consumer,India,Gujarat,2022-07-13,29
561,Barbara Moore,barbara.moore561@mail.com,Consumer,Canada,Ontario,2024-09-19,13
562,Robert Kapoor,robert.kapoor562@mail.com,Consumer,USA,New York,2021-08-05,3
563,Mary Garcia,mary.garcia563@mail.com,Consumer,Canada,Quebec,2019-02-18,14
564,Thomas Thomas,thomas.thomas564@mail.com,Consumer,UK,Wales,2021-10-31,11
565,Sarah Moore,sarah.moore565@mail.com,Consumer,India,Uttar Pradesh,2021-10-07,30
566,Michael Wilson,michael.wilson566@mail.com,Consumer,Germany,North Rhine-Westphalia,2023-01-27,24
567,Nancy Jones,nancy.jones567@mail.com,Consumer,USA,California,2022-03-06,1
568,Richard Bennett,richard.bennett568@mail.com,Small Business,UK,Scotland,2022-07-21,10
569,Amit Wilson,amit.wilson569@mail.com,Corporate,Australia,Western Australia,2021-02-18,20
570,Sunita Bennett,sunita.bennett570@mail.com,Corporate,India,Karnataka,2024-04-16,26
571,Susan Taylor,susan.taylor571@mail.com,Consumer,Canada,British Columbia,2025-09-06,15
572,John Clarke,john.clarke572@mail.com,Consumer,usa,Georgia,2019-02-12,7
573,Susan Martin,susan.martin573@mail.com,Corporate,United Kingdom,Wales,2024-07-10,11
574,Karen Brown,karen.brown574@mail.com,Consumer,Canada,Quebec,2020-10-25,14
575,Richard Davis,richard.davis575@mail.com,Consumer,USA,Florida,2021-01-03,4
576,Thomas Brown,thomas.brown576@mail.com,Corporate,Canada,British Columbia,2022-07-18,15
577,David Moore,david.moore577@mail.com,Consumer,USA,New York,2021-07-18,3
578,Linda Jones,,Consumer,India,Delhi,2021-01-19,27
579,Patricia Johnson,patricia.johnson579@mail.com,Corporate,Germany,Bavaria,2025-09-01,21
580,Barbara Taylor,barbara.taylor580@mail.com,Small Business,India,Karnataka,2019-02-28,26
581,Sophie Thompson,,Small Business,India,Gujarat,2024-05-11,29
582,Jessica Davis,jessica.davis582@mail.com,Corporate,UK,Wales,2022-02-18,11
583,Sophie Murphy,sophie.murphy583@mail.com,Consumer,australia,Victoria,2021-01-27,18
584,Jennifer Hughes,jennifer.hughes584@mail.com,Consumer,usa,Florida,2020-07-24,4
585,Richard Cole,richard.cole585@mail.com,Consumer,UK,Wales,2022-04-25,11
586,Daniel Iyer,daniel.iyer586@mail.com,Corporate,USA,New York,2022-03-30,3
587,Richard Miller,richard.miller587@mail.com,Consumer,Australia,Western Australia,2025-07-22,20
588,Oliver Garcia,oliver.garcia588@mail.com,Small Business,UK,Scotland,2024-05-16,10
589,Sarah Martin,sarah.martin589@mail.com,Small Business,USA,Illinois,2022-09-23,5
590,Thomas Jackson,thomas.jackson590@mail.com,Small Business,Germany,Bavaria,2019-07-09,21
591,Noah Martinez,noah.martinez591@mail.com,Consumer,Australia,Victoria,2020-07-17,18
592,Sarah Smith,sarah.smith592@mail.com,Consumer,Canada,Quebec,2019-12-19,14
593,Robert Taylor,robert.taylor593@mail.com,Corporate,USA,Florida,2024-05-07,4
594,Charles Moore,charles.moore594@mail.com,Corporate,USA,Georgia,2020-01-03,7
595,Linda Miller,linda.miller595@mail.com,Small Business,USA,New York,2023-05-09,3
596,Daniel Anderson,daniel.anderson596@mail.com,Consumer,India,Maharashtra,2023-08-13,25
597,Mary Johnson,mary.johnson597@mail.com,Consumer,Australia,New South Wales,2021-05-12,17
598,Barbara Jackson,barbara.jackson598@mail.com,Small Business,Canada,Quebec,2020-12-27,14
599,Nancy Murphy,nancy.murphy599@mail.com,Consumer,USA,Texas,2025-02-03,2
600,Liam Sharma,,Corporate,Canada,British Columbia,2019-06-05,15
601,Raj Jackson,raj.jackson601@mail.com,Consumer,Germany,North Rhine-Westphalia,2019-01-20,24
602,Barbara Lee,barbara.lee602@mail.com,Corporate,U.S.A,Florida,2022-01-24,4
603,James Bennett,,Consumer,Australia,Western Australia,2025-07-22,20
604,Patricia Thomas,patricia.thomas604@mail.com,Consumer,India,Gujarat,2020-08-27,29
605,John Murphy,,Consumer,U.S.A,Ohio,2023-08-27,8
606,David Iyer,david.iyer606@mail.com,Consumer,Australia,New South Wales,2020-11-17,17
607,Susan Clarke,susan.clarke607@mail.com,Small Business,India,Tamil Nadu,2022-02-23,28
608,Joseph Anderson,joseph.anderson608@mail.com,Consumer,USA,Illinois,2021-12-18,5
609,Mary Taylor,mary.taylor609@mail.com,Consumer,USA,Illinois,2020-02-19,5
610,Mary Perez,mary.perez610@mail.com,Consumer,India,Maharashtra,2020-06-06,25
611,Karen Miller,karen.miller611@mail.com,Consumer,Germany,Berlin,2024-10-10,22
612,Susan Lee,susan.lee612@mail.com,Small Business,UK,Northern Ireland,2024-06-05,12
613,Barbara Williams,barbara.williams613@mail.com,Small Business,USA,Florida,2020-08-27,4
614,Joseph Martin,joseph.martin614@mail.com,Small Business,Australia,Queensland,2020-05-07,19
615,Thomas Clarke,thomas.clarke615@mail.com,Small Business,Germany,North Rhine-Westphalia,2025-10-23,24
616,Karen Rodriguez,karen.rodriguez616@mail.com,Corporate,USA,Illinois,2025-09-18,5
617,Liam Thompson,liam.thompson617@mail.com,Corporate,UK,Northern Ireland,2020-10-10,12
618,Raj Thompson,raj.thompson618@mail.com,Consumer,USA,Illinois,2023-01-23,5
619,Patricia Jones,patricia.jones619@mail.com,Consumer,USA,Texas,2023-04-05,2
620,Patricia Taylor,patricia.taylor620@mail.com,Small Business,USA,Texas,2020-04-20,2
621,Susan Evans,susan.evans621@mail.com,Corporate,UK,Wales,2025-03-19,11
622,Richard Lee,richard.lee622@mail.com,Small Business,usa,Georgia,2025-07-28,7
623,Susan Clarke,susan.clarke623@mail.com,Consumer,Canada,Alberta,2025-09-09,16
624,John Miller,john.miller624@mail.com,Corporate,USA,Georgia,2020-02-09,7
625,Nancy Martin,nancy.martin625@mail.com,Consumer,India,Karnataka,2023-12-01,26
626,Joseph Martin,joseph.martin626@mail.com,Consumer,India,Tamil Nadu,2023-05-21,28
627,Mary Johnson,mary.johnson627@mail.com,Corporate,UK,Wales,2020-02-11,11
628,Mary Jones,mary.jones628@mail.com,Corporate,India,Delhi,2024-04-13,27
629,Amit Wilson,amit.wilson629@mail.com,Consumer,U.S.A,Ohio,2019-01-31,8
630,Emma Jackson,emma.jackson630@mail.com,Consumer,India,Uttar Pradesh,2021-06-11,30
631,Charles Moore,charles.moore631@mail.com,Small Business,USA,California,2020-07-25,1
632,John Thompson,john.thompson632@mail.com,Corporate,USA,California,2020-07-09,1
633,Noah Martin,noah.martin633@mail.com,Consumer,India,Gujarat,2024-10-21,29
634,John Wilson,john.wilson634@mail.com,Corporate,Germany,North Rhine-Westphalia,2019-08-27,24
635,Chloe Thompson,chloe.thompson635@mail.com,Consumer,USA,California,2019-03-14,1
636,Richard Garcia,richard.garcia636@mail.com,Consumer,U.S.A,Florida,2023-07-15,4
637,Joseph Thompson,joseph.thompson637@mail.com,Consumer,uk,Wales,2020-12-23,11
638,Sunita Hughes,sunita.hughes638@mail.com,Consumer,UK,Scotland,2025-04-17,10
639,Barbara Perez,barbara.perez639@mail.com,Small Business,Australia,New South Wales,2019-04-23,17
640,Richard Martin,richard.martin640@mail.com,Corporate,UK,England,2021-07-18,9
641,Liam Martin,liam.martin641@mail.com,Consumer,USA,Florida,2024-02-29,4
642,Karen Jackson,karen.jackson642@mail.com,Small Business,UK,Northern Ireland,2025-07-05,12
643,Amit Perez,amit.perez643@mail.com,Corporate,Australia,Queensland,2021-06-11,19
644,Barbara Jackson,barbara.jackson644@mail.com,Corporate,australia,Victoria,2020-09-19,18
645,Liam Smith,liam.smith645@mail.com,Corporate,Germany,Bavaria,2021-06-15,21
646,Susan Wilson,susan.wilson646@mail.com,Corporate,USA,Georgia,2020-08-23,7
647,Raj Brown,raj.brown647@mail.com,Consumer,Canada,Ontario,2025-04-14,13
648,Jessica Perez,jessica.perez648@mail.com,Consumer,Australia,New South Wales,2022-06-18,17
649,Barbara Evans,barbara.evans649@mail.com,Consumer,Australia,Queensland,2019-04-08,19
650,Noah Iyer,noah.iyer650@mail.com,Consumer,UK,England,2020-03-14,9
651,Sophie Kapoor,sophie.kapoor651@mail.com,Small Business,Australia,Queensland,2020-12-07,19
652,Priya Smith,priya.smith652@mail.com,Small Business,India,Uttar Pradesh,2022-12-25,30
653,Nancy Jackson,nancy.jackson653@mail.com,Consumer,USA,Texas,2022-12-21,2
654,David Sharma,david.sharma654@mail.com,Consumer,UK,Northern Ireland,2024-03-11,12
655,Emma Clarke,emma.clarke655@mail.com,Consumer,UK,Wales,2021-06-01,11
656,Daniel Perez,daniel.perez656@mail.com,Small Business,IND,Gujarat,2025-06-24,29
657,Linda Iyer,linda.iyer657@mail.com,Small Business,Germany,Bavaria,2021-11-14,21
658,Mary Perez,mary.perez658@mail.com,Corporate,India,Gujarat,2022-04-05,29
659,Sarah Garcia,sarah.garcia659@mail.com,Consumer,India,Maharashtra,2020-05-26,25
660,Charles Sharma,charles.sharma660@mail.com,Corporate,canada,Alberta,2020-04-10,16
661,Sunita Thompson,sunita.thompson661@mail.com,Consumer,UK,Scotland,2024-11-07,10
662,Oliver Hughes,oliver.hughes662@mail.com,Consumer,USA,Texas,2019-06-27,2
663,Joseph Jones,joseph.jones663@mail.com,Consumer,UK,Wales,2025-06-09,11
664,Liam Patel,liam.patel664@mail.com,Consumer,India,Uttar Pradesh,2021-10-20,30
665,Linda Johnson,linda.johnson665@mail.com,Small Business,Australia,Queensland,2024-09-20,19
666,Daniel Kapoor,daniel.kapoor666@mail.com,Consumer,Germany,Berlin,2023-10-01,22
667,Patricia Miller,patricia.miller667@mail.com,Corporate,USA,Texas,2023-06-25,2
668,James Moore,james.moore668@mail.com,Consumer,Canada,Alberta,2024-12-29,16
669,Richard Thomas,richard.thomas669@mail.com,Consumer,U.S.A,Texas,2020-12-07,2
670,John Thomas,john.thomas670@mail.com,Consumer,India,Maharashtra,2019-04-04,25
671,Amit Miller,amit.miller671@mail.com,Consumer,USA,Georgia,2024-03-28,7
672,Jessica Martin,jessica.martin672@mail.com,Consumer,Germany,Bavaria,2021-11-07,21
673,Oliver Thompson,oliver.thompson673@mail.com,Consumer,Australia,Queensland,2019-05-17,19
674,Chloe Jackson,chloe.jackson674@mail.com,Small Business,Germany,North Rhine-Westphalia,2020-07-19,24
675,Sophie Bennett,sophie.bennett675@mail.com,Consumer,Canada,Ontario,2021-01-29,13
676,Sunita Iyer,sunita.iyer676@mail.com,Consumer,Canada,Ontario,2019-01-04,13
677,Mary Kapoor,mary.kapoor677@mail.com,Corporate,DE,North Rhine-Westphalia,2025-08-14,24
678,John Martin,john.martin678@mail.com,Consumer,Canada,Quebec,2023-07-16,14
679,Michael Lee,michael.lee679@mail.com,Corporate,Canada,Alberta,2024-10-22,16
680,Richard Patel,richard.patel680@mail.com,Consumer,Germany,Bavaria,2021-01-27,21
681,Sarah Martin,sarah.martin681@mail.com,Consumer,India,Tamil Nadu,2023-11-17,28
682,Joseph Wilson,joseph.wilson682@mail.com,Small Business,USA,California,2020-03-30,1
683,Jennifer Moore,jennifer.moore683@mail.com,Consumer,UK,Scotland,2025-03-04,10
684,Chloe Lee,chloe.lee684@mail.com,Small Business,India,Gujarat,2025-09-28,29
685,Richard Lee,richard.lee685@mail.com,Corporate,USA,Florida,2021-09-09,4
686,Susan Patel,susan.patel686@mail.com,Corporate,Australia,Queensland,2023-07-11,19
687,Oliver Bennett,oliver.bennett687@mail.com,Consumer,India,Gujarat,2022-09-23,29
688,Sunita Patel,sunita.patel688@mail.com,Corporate,Australia,Queensland,2020-02-23,19
689,Priya Evans,priya.evans689@mail.com,Corporate,USA,Illinois,2022-12-30,5
690,Amit Rodriguez,amit.rodriguez690@mail.com,Small Business,USA,New York,2019-04-17,3
691,Nancy Jackson,nancy.jackson691@mail.com,Consumer,USA,Ohio,2023-02-12,8
692,Michael Davis,michael.davis692@mail.com,Consumer,Germany,North Rhine-Westphalia,2023-11-22,24
693,David Lee,david.lee693@mail.com,Corporate,UK,Scotland,2019-09-14,10
694,Barbara Davis,barbara.davis694@mail.com,Consumer,India,Gujarat,2022-06-26,29
695,Barbara Clarke,barbara.clarke695@mail.com,Consumer,AUS,Western Australia,2025-05-21,20
696,Barbara Kapoor,barbara.kapoor696@mail.com,Small Business,Germany,Hesse,2023-10-10,23
697,Michael Kapoor,michael.kapoor697@mail.com,Corporate,Canada,British Columbia,2022-02-28,15
698,Amit Jackson,amit.jackson698@mail.com,Small Business,USA,Ohio,2023-10-03,8
699,Richard Jackson,richard.jackson699@mail.com,Corporate,Canada,Ontario,2024-11-24,13
700,Susan Lee,susan.lee700@mail.com,Consumer,USA,Washington,2024-07-10,6
701,Chloe Cole,,Consumer,USA,Texas,2021-05-13,2
702,Emma Iyer,emma.iyer702@mail.com,Consumer,USA,Washington,2025-09-12,6
703,David Martinez,david.martinez703@mail.com,Small Business,UK,Wales,2023-10-19,11
704,Patricia Perez,patricia.perez704@mail.com,Corporate,Australia,Western Australia,2022-11-06,20
705,Raj Lee,raj.lee705@mail.com,Small Business,India,Gujarat,2022-05-25,29
706,Joseph Murphy,joseph.murphy706@mail.com,Consumer,U.K.,Northern Ireland,2020-02-12,12
707,Joseph Hughes,joseph.hughes707@mail.com,Corporate,Australia,Queensland,2024-01-11,19
708,Susan Clarke,susan.clarke708@mail.com,Consumer,USA,Florida,2019-03-04,4
709,Emma Jones,emma.jones709@mail.com,Small Business,USA,California,2019-01-29,1
710,Barbara Johnson,barbara.johnson710@mail.com,Corporate,Canada,Quebec,2025-08-22,14
711,Barbara Kapoor,,Consumer,Australia,New South Wales,2020-08-10,17
712,Robert Anderson,robert.anderson712@mail.com,Corporate,India,Tamil Nadu,2024-08-04,28
713,Chloe Moore,chloe.moore713@mail.com,Consumer,Australia,Victoria,2025-08-14,18
714,Priya Rodriguez,priya.rodriguez714@mail.com,Consumer,USA,Texas,2022-06-15,2
715,Sunita Jackson,,Corporate,USA,New York,2024-11-26,3
716,Michael Miller,michael.miller716@mail.com,Consumer,India,Tamil Nadu,2024-06-23,28
717,Liam Lee,liam.lee717@mail.com,Corporate,Germany,Berlin,2021-09-18,22
718,David Cole,david.cole718@mail.com,Consumer,Australia,Queensland,2024-12-03,19
719,Karen Kapoor,karen.kapoor719@mail.com,Consumer,India,Maharashtra,2021-02-13,25
720,David Jones,david.jones720@mail.com,Consumer,Canada,Ontario,2024-12-18,13
721,Patricia Thompson,patricia.thompson721@mail.com,Corporate,United Kingdom,Northern Ireland,2024-06-14,12
722,Sunita Perez,sunita.perez722@mail.com,Consumer,Germany,Berlin,2023-04-12,22
723,Linda Davis,linda.davis723@mail.com,Corporate,UK,England,2024-09-13,9
724,Mary Patel,mary.patel724@mail.com,Small Business,UK,Wales,2019-01-31,11
725,Noah Martin,noah.martin725@mail.com,Corporate,India,Maharashtra,2019-05-10,25
726,Linda Sharma,linda.sharma726@mail.com,Consumer,UK,England,2020-12-20,9
727,Linda Johnson,linda.johnson727@mail.com,Consumer,Germany,North Rhine-Westphalia,2021-06-01,24
728,Patricia Thomas,patricia.thomas728@mail.com,Corporate,Canada,Alberta,2021-04-15,16
729,Richard Kapoor,richard.kapoor729@mail.com,Corporate,UK,Scotland,2021-10-08,10
730,Sarah Brown,sarah.brown730@mail.com,Consumer,USA,Ohio,2024-05-13,8
731,Raj Clarke,raj.clarke731@mail.com,Consumer,Australia,New South Wales,2021-12-17,17
732,John Smith,john.smith732@mail.com,Corporate,Canada,Ontario,2021-04-11,13
733,Karen Cole,karen.cole733@mail.com,Consumer,USA,New York,2021-07-23,3
734,Jennifer Thomas,jennifer.thomas734@mail.com,Small Business,India,Maharashtra,2023-05-24,25
735,Priya Cole,priya.cole735@mail.com,Corporate,India,Gujarat,2023-04-30,29
736,Noah Murphy,noah.murphy736@mail.com,Consumer,Germany,North Rhine-Westphalia,2021-11-11,24
737,Sarah Jackson,sarah.jackson737@mail.com,Corporate,Germany,North Rhine-Westphalia,2019-09-11,24
738,Priya Miller,priya.miller738@mail.com,Consumer,UK,Wales,2020-11-21,11
739,Oliver Martinez,oliver.martinez739@mail.com,Consumer,India,Delhi,2025-09-16,27
740,Richard Martinez,richard.martinez740@mail.com,Consumer,australia,Western Australia,2022-07-20,20
741,Priya Johnson,priya.johnson741@mail.com,Consumer,Canada,Alberta,2025-08-23,16
742,Chloe Clarke,chloe.clarke742@mail.com,Consumer,Canada,Quebec,2021-10-06,14
743,Robert Sharma,robert.sharma743@mail.com,Corporate,India,Tamil Nadu,2023-10-28,28
744,Daniel Davis,daniel.davis744@mail.com,Consumer,UK,England,2021-05-16,9
745,Karen Iyer,,Consumer,UK,Northern Ireland,2020-10-22,12
746,Sunita Bennett,sunita.bennett746@mail.com,Consumer,UK,Scotland,2022-04-22,10
747,Chloe Johnson,chloe.johnson747@mail.com,Consumer,Canada,Alberta,2020-12-19,16
748,Chloe Cole,chloe.cole748@mail.com,Corporate,Canada,Alberta,2025-08-18,16
749,Jennifer Thomas,jennifer.thomas749@mail.com,Corporate,Germany,Berlin,2019-07-12,22
750,Noah Hughes,noah.hughes750@mail.com,Consumer,Canada,Ontario,2025-07-06,13
751,Jennifer Cole,jennifer.cole751@mail.com,Consumer,Germany,Berlin,2019-08-19,22
752,Chloe Johnson,chloe.johnson752@mail.com,Corporate,USA,Illinois,2023-04-09,5
753,Liam Taylor,liam.taylor753@mail.com,Corporate,IND,Gujarat,2020-10-30,29
754,Emma Jackson,emma.jackson754@mail.com,Consumer,Australia,Victoria,2025-08-09,18
755,Jennifer Cole,jennifer.cole755@mail.com,Consumer,India,Tamil Nadu,2023-08-18,28
756,Sunita Bennett,sunita.bennett756@mail.com,Corporate,UK,Northern Ireland,2023-03-06,12
757,Chloe Martinez,chloe.martinez757@mail.com,Consumer,AUS,Queensland,2020-11-08,19
758,Noah Johnson,noah.johnson758@mail.com,Corporate,uk,Scotland,2024-12-05,10
759,James Martinez,james.martinez759@mail.com,Small Business,UK,Northern Ireland,2019-09-22,12
760,Daniel Thompson,daniel.thompson760@mail.com,Consumer,India,Delhi,2025-06-19,27
761,Patricia Cole,patricia.cole761@mail.com,Corporate,Australia,New South Wales,2025-01-16,17
762,Richard Martinez,richard.martinez762@mail.com,Consumer,Canada,Alberta,2023-01-08,16
763,Thomas Sharma,thomas.sharma763@mail.com,Corporate,USA,Texas,2023-08-28,2
764,Karen Martin,karen.martin764@mail.com,Consumer,India,Tamil Nadu,2019-02-08,28
765,Sarah Murphy,sarah.murphy765@mail.com,Corporate,India,Karnataka,2020-09-24,26
766,John Bennett,john.bennett766@mail.com,Consumer,UK,Scotland,2025-07-21,10
767,Charles Moore,charles.moore767@mail.com,Consumer,Canada,British Columbia,2024-09-30,15
768,David Miller,david.miller768@mail.com,Consumer,USA,Florida,2023-08-09,4
769,Emma Brown,emma.brown769@mail.com,Small Business,UK,England,2019-09-12,9
770,Richard Garcia,richard.garcia770@mail.com,Consumer,Germany,Bavaria,2021-12-19,21
771,Sunita Moore,sunita.moore771@mail.com,Consumer,Canada,Alberta,2024-02-14,16
772,Priya Rodriguez,priya.rodriguez772@mail.com,Small Business,USA,Ohio,2021-12-21,8
773,Amit Garcia,amit.garcia773@mail.com,Consumer,India,Gujarat,2021-12-22,29
774,James Iyer,james.iyer774@mail.com,Corporate,USA,Georgia,2019-01-23,7
775,Richard Evans,richard.evans775@mail.com,Corporate,UK,England,2023-03-14,9
776,Barbara Perez,barbara.perez776@mail.com,Corporate,Canada,Ontario,2020-08-28,13
777,Raj Clarke,raj.clarke777@mail.com,Corporate,India,Gujarat,2019-08-17,29
778,Michael Garcia,michael.garcia778@mail.com,Consumer,Australia,Victoria,2025-01-02,18
779,Nancy Bennett,nancy.bennett779@mail.com,Corporate,India,Uttar Pradesh,2019-02-04,30
780,Priya Murphy,priya.murphy780@mail.com,Consumer,Australia,New South Wales,2020-06-20,17
781,Joseph Hughes,joseph.hughes781@mail.com,Consumer,USA,Washington,2020-09-10,6
782,Jessica Martin,jessica.martin782@mail.com,Consumer,Australia,Victoria,2022-02-21,18
783,Richard Williams,richard.williams783@mail.com,Corporate,USA,Florida,2023-02-25,4
784,Joseph Patel,joseph.patel784@mail.com,Corporate,India,Delhi,2019-07-22,27
785,Patricia Garcia,patricia.garcia785@mail.com,Small Business,UK,Northern Ireland,2024-09-27,12
786,John Jackson,john.jackson786@mail.com,Small Business,Germany,Berlin,2024-08-19,22
787,Richard Cole,richard.cole787@mail.com,Small Business,India,Uttar Pradesh,2022-09-22,30
788,Linda Smith,linda.smith788@mail.com,Consumer,USA,Texas,2023-03-22,2
789,David Taylor,david.taylor789@mail.com,Corporate,USA,New York,2024-01-19,3
790,Linda Moore,linda.moore790@mail.com,Consumer,Canada,British Columbia,2019-06-21,15
791,Oliver Rodriguez,oliver.rodriguez791@mail.com,Consumer,Canada,British Columbia,2025-04-20,15
792,Richard Martinez,richard.martinez792@mail.com,Corporate,Germany,Berlin,2022-09-07,22
793,Daniel Iyer,daniel.iyer793@mail.com,Consumer,UK,England,2021-07-10,9
794,Daniel Smith,daniel.smith794@mail.com,Small Business,USA,New York,2023-07-25,3
795,David Sharma,david.sharma795@mail.com,Corporate,United Kingdom,Scotland,2022-02-09,10
796,Susan Kapoor,susan.kapoor796@mail.com,Corporate,USA,Ohio,2020-09-12,8
797,Linda Johnson,linda.johnson797@mail.com,Corporate,USA,Texas,2021-12-05,2
798,Raj Brown,raj.brown798@mail.com,Consumer,USA,New York,2023-06-12,3
799,Thomas Martinez,thomas.martinez799@mail.com,Small Business,uk,England,2019-06-10,9
800,Jennifer Taylor,jennifer.taylor800@mail.com,Small Business,USA,Ohio,2020-12-31,8
801,Raj Martin,raj.martin801@mail.com,Consumer,Australia,Western Australia,2019-02-24,20
802,Chloe Murphy,chloe.murphy802@mail.com,Consumer,Canada,Quebec,2022-06-10,14
803,Noah Kapoor,noah.kapoor803@mail.com,Consumer,Canada,Ontario,2022-05-12,13
804,Oliver Martinez,oliver.martinez804@mail.com,Small Business,Australia,New South Wales,2019-09-21,17
805,Amit Brown,amit.brown805@mail.com,Corporate,USA,Ohio,2021-10-21,8
806,Priya Cole,priya.cole806@mail.com,Corporate,India,Tamil Nadu,2020-10-12,28
807,Barbara Anderson,barbara.anderson807@mail.com,Consumer,Canada,Alberta,2020-02-06,16
808,Nancy Davis,nancy.davis808@mail.com,Consumer,UK,Wales,2020-04-09,11
809,Linda Jones,linda.jones809@mail.com,Corporate,Australia,Queensland,2025-01-13,19
810,Sarah Jones,sarah.jones810@mail.com,Small Business,Australia,Victoria,2023-09-09,18
811,Thomas Iyer,thomas.iyer811@mail.com,Consumer,USA,Washington,2020-12-23,6
812,Nancy Anderson,nancy.anderson812@mail.com,Consumer,DE,Bavaria,2020-09-16,21
813,Jessica Kapoor,jessica.kapoor813@mail.com,Consumer,UK,Scotland,2022-08-31,10
814,Karen Cole,karen.cole814@mail.com,Consumer,Australia,Victoria,2021-06-03,18
815,Sarah Clarke,sarah.clarke815@mail.com,Small Business,India,Uttar Pradesh,2024-05-27,30
816,Karen Evans,karen.evans816@mail.com,Consumer,UK,Wales,2025-04-03,11
817,Raj Hughes,raj.hughes817@mail.com,Small Business,India,Uttar Pradesh,2021-03-27,30
818,Michael Clarke,michael.clarke818@mail.com,Consumer,USA,Texas,2022-06-18,2
819,Linda Patel,linda.patel819@mail.com,Small Business,Germany,North Rhine-Westphalia,2024-12-30,24
820,Oliver Thompson,oliver.thompson820@mail.com,Consumer,Australia,New South Wales,2021-09-08,17
821,Sophie Evans,sophie.evans821@mail.com,Corporate,UK,Northern Ireland,2022-06-11,12
822,Robert Martin,robert.martin822@mail.com,Consumer,Germany,Bavaria,2024-11-17,21
823,Thomas Martin,thomas.martin823@mail.com,Corporate,India,Tamil Nadu,2024-09-25,28
824,Amit Anderson,amit.anderson824@mail.com,Small Business,Australia,Victoria,2024-02-14,18
825,Robert Cole,robert.cole825@mail.com,Consumer,UK,Wales,2023-03-07,11
826,Daniel Brown,daniel.brown826@mail.com,Consumer,Germany,North Rhine-Westphalia,2023-08-12,24
827,Mary Hughes,mary.hughes827@mail.com,Consumer,USA,New York,2023-10-01,3
828,Karen Murphy,karen.murphy828@mail.com,Consumer,Australia,New South Wales,2019-10-21,17
829,Charles Miller,charles.miller829@mail.com,Consumer,Germany,Berlin,2019-01-05,22
830,Daniel Lee,daniel.lee830@mail.com,Corporate,USA,New York,2024-01-06,3
831,John Garcia,john.garcia831@mail.com,Consumer,UK,Northern Ireland,2020-02-08,12
832,Richard Bennett,richard.bennett832@mail.com,Consumer,Germany,Berlin,2019-02-17,22
833,Charles Moore,charles.moore833@mail.com,Consumer,Germany,Berlin,2025-02-05,22
834,Patricia Patel,patricia.patel834@mail.com,Consumer,Canada,Ontario,2021-06-04,13
835,Michael Kapoor,michael.kapoor835@mail.com,Consumer,India,Karnataka,2020-07-09,26
836,Daniel Jackson,daniel.jackson836@mail.com,Consumer,Canada,Ontario,2023-02-28,13
837,Robert Murphy,robert.murphy837@mail.com,Consumer,Australia,Queensland,2019-05-25,19
838,Charles Moore,charles.moore838@mail.com,Consumer,Canada,Ontario,2020-08-08,13
839,Emma Johnson,emma.johnson839@mail.com,Consumer,Germany,Bavaria,2025-07-27,21
840,Thomas Jones,thomas.jones840@mail.com,Corporate,India,Karnataka,2022-10-24,26
841,Charles Thomas,charles.thomas841@mail.com,Consumer,India,Karnataka,2021-12-08,26
842,Thomas Perez,thomas.perez842@mail.com,Consumer,India,Delhi,2023-10-08,27
843,Mary Lee,mary.lee843@mail.com,Corporate,Germany,Hesse,2020-03-05,23
844,Thomas Patel,thomas.patel844@mail.com,Consumer,Germany,Berlin,2021-10-26,22
845,Emma Martinez,emma.martinez845@mail.com,Small Business,India,Gujarat,2023-04-28,29
846,Sunita Smith,sunita.smith846@mail.com,Consumer,USA,Illinois,2019-10-16,5
847,Joseph Rodriguez,joseph.rodriguez847@mail.com,Corporate,USA,Georgia,2019-10-21,7
848,Liam Smith,liam.smith848@mail.com,Consumer,UK,Northern Ireland,2019-12-24,12
849,Sunita Miller,,Corporate,India,Tamil Nadu,2020-05-30,28
850,Daniel Williams,daniel.williams850@mail.com,Consumer,USA,Texas,2025-02-17,2
851,Mary Thomas,mary.thomas851@mail.com,Consumer,DE,Hesse,2022-06-23,23
852,Susan Kapoor,susan.kapoor852@mail.com,Consumer,usa,New York,2019-02-15,3
853,Robert Lee,robert.lee853@mail.com,Corporate,Canada,Ontario,2019-06-22,13
854,Mary Cole,mary.cole854@mail.com,Consumer,Australia,New South Wales,2022-11-02,17
855,Noah Williams,noah.williams855@mail.com,Corporate,India,Gujarat,2023-09-18,29
856,Chloe Jackson,chloe.jackson856@mail.com,Consumer,United States,California,2019-01-25,1
857,Mary Martinez,mary.martinez857@mail.com,Corporate,UK,Scotland,2022-09-01,10
858,Jessica Garcia,jessica.garcia858@mail.com,Small Business,India,Delhi,2024-08-15,27
859,Oliver Jones,oliver.jones859@mail.com,Small Business,Germany,North Rhine-Westphalia,2022-04-27,24
860,Oliver Sharma,oliver.sharma860@mail.com,Consumer,USA,California,2024-06-01,1
861,Sunita Sharma,sunita.sharma861@mail.com,Consumer,UK,Scotland,2020-04-03,10
862,Jessica Anderson,jessica.anderson862@mail.com,Small Business,Australia,Queensland,2025-01-15,19
863,Noah Taylor,noah.taylor863@mail.com,Consumer,Germany,North Rhine-Westphalia,2019-07-09,24
864,Thomas Bennett,thomas.bennett864@mail.com,Consumer,USA,Florida,2024-07-01,4
865,Chloe Cole,chloe.cole865@mail.com,Small Business,USA,Texas,2020-05-23,2
866,Joseph Taylor,joseph.taylor866@mail.com,Consumer,UK,England,2025-01-02,9
867,Robert Patel,robert.patel867@mail.com,Consumer,Canada,Alberta,2022-09-16,16
868,Raj Bennett,raj.bennett868@mail.com,Small Business,Australia,Queensland,2019-06-16,19
869,Karen Jones,karen.jones869@mail.com,Corporate,DE,Berlin,2019-07-05,22
870,Priya Bennett,priya.bennett870@mail.com,Consumer,India,Gujarat,2024-07-02,29
871,Susan Brown,susan.brown871@mail.com,Consumer,Canada,Quebec,2025-10-28,14
872,Jennifer Lee,jennifer.lee872@mail.com,Corporate,UK,Scotland,2021-03-13,10
873,Joseph Martin,joseph.martin873@mail.com,Consumer,USA,Texas,2021-05-26,2
874,John Iyer,john.iyer874@mail.com,Consumer,USA,Ohio,2019-06-21,8
875,Linda Hughes,linda.hughes875@mail.com,Consumer,UK,England,2022-03-06,9
876,James Clarke,james.clarke876@mail.com,Corporate,Germany,Berlin,2023-06-30,22
877,James Martinez,james.martinez877@mail.com,Corporate,USA,Ohio,2019-01-21,8
878,Thomas Patel,thomas.patel878@mail.com,Consumer,USA,Ohio,2023-07-13,8
879,Sunita Lee,,Consumer,Germany,North Rhine-Westphalia,2019-01-14,24
880,Jessica Lee,jessica.lee880@mail.com,Small Business,Australia,Victoria,2024-04-16,18
881,Joseph Hughes,,Consumer,USA,Florida,2019-06-16,4
882,Linda Davis,linda.davis882@mail.com,Corporate,Canada,British Columbia,2022-12-30,15
883,Thomas Anderson,thomas.anderson883@mail.com,Corporate,Australia,Victoria,2024-02-23,18
884,John Rodriguez,john.rodriguez884@mail.com,Small Business,USA,Ohio,2022-07-19,8
885,Michael Cole,michael.cole885@mail.com,Consumer,Germany,Berlin,2023-08-05,22
886,Noah Iyer,noah.iyer886@mail.com,Corporate,Australia,Western Australia,2024-01-30,20
887,Oliver Brown,oliver.brown887@mail.com,Consumer,USA,Texas,2020-05-02,2
888,Mary Evans,mary.evans888@mail.com,Small Business,USA,Washington,2024-02-18,6
889,Raj Thomas,raj.thomas889@mail.com,Small Business,Australia,Queensland,2024-03-11,19
890,Nancy Clarke,nancy.clarke890@mail.com,Corporate,India,Tamil Nadu,2023-06-24,28
891,Chloe Murphy,chloe.murphy891@mail.com,Small Business,UK,Wales,2022-12-18,11
892,Noah Smith,,Corporate,India,Maharashtra,2020-01-27,25
893,Linda Miller,linda.miller893@mail.com,Consumer,UK,Scotland,2023-11-26,10
894,Robert Brown,robert.brown894@mail.com,Consumer,Australia,Victoria,2020-05-20,18
895,Nancy Johnson,nancy.johnson895@mail.com,Consumer,UK,Wales,2020-08-26,11
896,Thomas Thompson,thomas.thompson896@mail.com,Consumer,Germany,Hesse,2021-11-28,23
897,Raj Kapoor,raj.kapoor897@mail.com,Small Business,UK,England,2022-06-21,9
898,Sophie Johnson,,Consumer,India,Gujarat,2019-07-12,29
899,Linda Iyer,linda.iyer899@mail.com,Corporate,Australia,Western Australia,2021-08-14,20
900,Mary Taylor,mary.taylor900@mail.com,Small Business,Canada,British Columbia,2023-07-07,15
901,Thomas Davis,thomas.davis901@mail.com,Corporate,Australia,Victoria,2020-11-10,18
902,Karen Miller,karen.miller902@mail.com,Corporate,USA,Texas,2020-10-22,2
903,Oliver Bennett,oliver.bennett903@mail.com,Small Business,UK,Scotland,2023-05-10,10
904,Oliver Johnson,oliver.johnson904@mail.com,Consumer,USA,Washington,2020-11-04,6
905,John Martin,john.martin905@mail.com,Consumer,usa,New York,2023-10-03,3
906,Barbara Davis,barbara.davis906@mail.com,Consumer,UK,Scotland,2023-01-28,10
907,Liam Cole,liam.cole907@mail.com,Consumer,UK,England,2023-07-13,9
908,Sunita Perez,sunita.perez908@mail.com,Small Business,USA,Ohio,2024-04-29,8
909,Richard Perez,richard.perez909@mail.com,Corporate,Germany,Hesse,2020-04-14,23
910,Nancy Clarke,nancy.clarke910@mail.com,Consumer,USA,Illinois,2023-10-14,5
911,Raj Hughes,raj.hughes911@mail.com,Consumer,Germany,Hesse,2021-12-16,23
912,Richard Davis,richard.davis912@mail.com,Consumer,USA,Georgia,2020-10-10,7
913,Barbara Murphy,barbara.murphy913@mail.com,Consumer,Canada,British Columbia,2025-01-06,15
914,John Patel,john.patel914@mail.com,Consumer,Australia,Queensland,2022-10-25,19
915,Charles Davis,charles.davis915@mail.com,Consumer,India,Delhi,2023-07-26,27
916,Jessica Martinez,jessica.martinez916@mail.com,Consumer,USA,Ohio,2025-02-22,8
917,David Johnson,david.johnson917@mail.com,Small Business,USA,Florida,2021-03-24,4
918,Karen Perez,karen.perez918@mail.com,Small Business,Australia,Victoria,2025-10-26,18
919,Noah Iyer,noah.iyer919@mail.com,Small Business,USA,California,2024-10-13,1
920,Chloe Garcia,chloe.garcia920@mail.com,Consumer,Australia,Victoria,2022-12-12,18
921,Priya Patel,priya.patel921@mail.com,Consumer,germany,Berlin,2019-08-26,22
922,Jessica Lee,jessica.lee922@mail.com,Small Business,U.S.A,Georgia,2021-03-27,7
923,Sarah Johnson,sarah.johnson923@mail.com,Corporate,Australia,Queensland,2024-07-09,19
924,Susan Sharma,susan.sharma924@mail.com,Small Business,India,Delhi,2025-10-30,27
925,Raj Taylor,raj.taylor925@mail.com,Consumer,IND,Karnataka,2019-04-11,26
926,Emma Martin,emma.martin926@mail.com,Consumer,USA,New York,2019-11-22,3
927,Richard Kapoor,richard.kapoor927@mail.com,Consumer,India,Uttar Pradesh,2021-06-20,30
928,Jessica Thomas,jessica.thomas928@mail.com,Corporate,Germany,Bavaria,2022-11-16,21
929,John Martinez,john.martinez929@mail.com,Consumer,Canada,Ontario,2023-06-24,13
930,Joseph Garcia,joseph.garcia930@mail.com,Consumer,USA,Washington,2019-02-05,6
931,Oliver Lee,oliver.lee931@mail.com,Corporate,Germany,Bavaria,2023-04-09,21
932,Sarah Davis,sarah.davis932@mail.com,Corporate,USA,Georgia,2019-04-08,7
933,Sophie Davis,sophie.davis933@mail.com,Small Business,Australia,New South Wales,2023-03-29,17
934,Barbara Bennett,barbara.bennett934@mail.com,Corporate,Germany,North Rhine-Westphalia,2023-04-11,24
935,Amit Jones,amit.jones935@mail.com,Small Business,India,Karnataka,2023-01-07,26
936,Emma Moore,emma.moore936@mail.com,Corporate,India,Uttar Pradesh,2025-10-12,30
937,Chloe Johnson,chloe.johnson937@mail.com,Corporate,USA,California,2022-01-10,1
938,Karen Thomas,karen.thomas938@mail.com,Corporate,India,Maharashtra,2021-08-31,25
939,Jessica Lee,jessica.lee939@mail.com,Consumer,Germany,North Rhine-Westphalia,2023-02-01,24
940,Charles Jones,charles.jones940@mail.com,Small Business,Germany,Berlin,2025-05-11,22
941,Joseph Davis,joseph.davis941@mail.com,Consumer,germany,North Rhine-Westphalia,2022-08-12,24
942,David Miller,david.miller942@mail.com,Consumer,USA,Ohio,2025-10-25,8
943,Richard Sharma,richard.sharma943@mail.com,Small Business,Canada,Alberta,2023-06-12,16
944,Robert Cole,robert.cole944@mail.com,Small Business,UK,Wales,2023-11-23,11
945,Thomas Bennett,thomas.bennett945@mail.com,Corporate,USA,Washington,2019-05-14,6
946,Susan Williams,susan.williams946@mail.com,Consumer,UK,Northern Ireland,2023-08-14,12
947,Karen Iyer,karen.iyer947@mail.com,Corporate,U.S.A,Illinois,2021-07-21,5
948,Liam Miller,,Small Business,USA,Georgia,2020-02-23,7
949,Mary Rodriguez,mary.rodriguez949@mail.com,Consumer,India,Maharashtra,2023-09-24,25
950,Joseph Patel,joseph.patel950@mail.com,Corporate,Australia,New South Wales,2023-06-10,17
951,Nancy Thompson,nancy.thompson951@mail.com,Consumer,India,Maharashtra,2020-01-26,25
952,Mary Bennett,mary.bennett952@mail.com,Corporate,United States,Florida,2023-02-07,4
953,Robert Miller,robert.miller953@mail.com,Consumer,Germany,Hesse,2023-10-29,23
954,Emma Clarke,emma.clarke954@mail.com,Consumer,India,Tamil Nadu,2023-07-28,28
955,Daniel Iyer,daniel.iyer955@mail.com,Small Business,Australia,Queensland,2020-02-29,19
956,Raj Lee,raj.lee956@mail.com,Consumer,USA,Florida,2024-05-01,4
957,Michael Jackson,michael.jackson957@mail.com,Corporate,Canada,British Columbia,2023-10-16,15
958,Michael Bennett,michael.bennett958@mail.com,Small Business,India,Maharashtra,2024-06-30,25
959,Chloe Wilson,chloe.wilson959@mail.com,Small Business,Germany,Hesse,2022-09-01,23
960,Barbara Cole,barbara.cole960@mail.com,Consumer,Germany,North Rhine-Westphalia,2021-10-01,24
961,James Miller,,Consumer,Canada,Quebec,2022-12-02,14
962,Chloe Miller,chloe.miller962@mail.com,Consumer,India,Gujarat,2025-04-22,29
963,Sunita Brown,sunita.brown963@mail.com,Corporate,USA,California,2023-01-22,1
964,Sunita Clarke,sunita.clarke964@mail.com,Consumer,Australia,Victoria,2019-05-10,18
965,Sarah Cole,sarah.cole965@mail.com,Consumer,India,Uttar Pradesh,2021-11-24,30
966,Linda Kapoor,linda.kapoor966@mail.com,Consumer,Australia,Western Australia,2023-02-26,20
967,Nancy Kapoor,nancy.kapoor967@mail.com,Small Business,Canada,Quebec,2025-01-16,14
968,Michael Taylor,michael.taylor968@mail.com,Corporate,Germany,Berlin,2020-06-12,22
969,Chloe Davis,chloe.davis969@mail.com,Small Business,USA,California,2025-01-24,1
970,Karen Wilson,karen.wilson970@mail.com,Consumer,Germany,North Rhine-Westphalia,2024-01-18,24
971,Oliver Martinez,oliver.martinez971@mail.com,Consumer,USA,Florida,2024-06-29,4
972,Joseph Moore,joseph.moore972@mail.com,Small Business,UK,Northern Ireland,2019-03-17,12
973,Karen Sharma,karen.sharma973@mail.com,Small Business,India,Uttar Pradesh,2023-04-06,30
974,Susan Martinez,susan.martinez974@mail.com,Small Business,Australia,Victoria,2022-03-08,18
975,David Anderson,david.anderson975@mail.com,Small Business,USA,California,2019-06-05,1
976,Charles Murphy,charles.murphy976@mail.com,Consumer,India,Delhi,2019-06-17,27
977,Sarah Moore,sarah.moore977@mail.com,Small Business,India,Delhi,2024-08-04,27
978,Patricia Evans,patricia.evans978@mail.com,Small Business,USA,California,2025-06-02,1
979,Sunita Jackson,sunita.jackson979@mail.com,Consumer,USA,California,2021-08-21,1
980,Oliver Hughes,oliver.hughes980@mail.com,Consumer,Germany,Hesse,2020-06-10,23
981,Richard Cole,richard.cole981@mail.com,Consumer,India,Gujarat,2022-03-18,29
982,Michael Anderson,michael.anderson982@mail.com,Consumer,Australia,Western Australia,2019-09-10,20
983,Richard Thomas,richard.thomas983@mail.com,Consumer,U.S.A,Ohio,2020-01-04,8
984,Mary Perez,mary.perez984@mail.com,Small Business,Germany,Bavaria,2024-03-13,21
985,Sophie Davis,sophie.davis985@mail.com,Small Business,Germany,Hesse,2022-01-04,23
986,Sunita Jones,sunita.jones986@mail.com,Consumer,United States,California,2024-06-18,1
987,James Rodriguez,james.rodriguez987@mail.com,Consumer,India,Maharashtra,2021-01-18,25
988,Karen Cole,karen.cole988@mail.com,Consumer,India,Uttar Pradesh,2019-11-21,30
989,Daniel Perez,daniel.perez989@mail.com,Consumer,Germany,Berlin,2021-06-07,22
990,Sunita Thomas,sunita.thomas990@mail.com,Corporate,Canada,British Columbia,2019-06-06,15
991,Barbara Jones,barbara.jones991@mail.com,Consumer,Australia,Queensland,2024-07-15,19
992,Michael Wilson,michael.wilson992@mail.com,Consumer,UK,England,2021-05-06,9
993,Linda Taylor,linda.taylor993@mail.com,Small Business,Canada,Quebec,2020-01-23,14
994,Daniel Hughes,daniel.hughes994@mail.com,Consumer,United Kingdom,Scotland,2022-04-26,10
995,Linda Jackson,linda.jackson995@mail.com,Consumer,India,Karnataka,2022-11-09,26
996,Karen Sharma,karen.sharma996@mail.com,Small Business,India,Gujarat,2019-12-09,29
997,Raj Wilson,raj.wilson997@mail.com,Corporate,USA,California,2022-06-17,1
998,David Clarke,david.clarke998@mail.com,Consumer,Germany,Hesse,2023-04-09,23
999,Liam Jackson,liam.jackson999@mail.com,Consumer,Canada,British Columbia,2022-05-04,15
1000,Sunita Sharma,sunita.sharma1000@mail.com,Consumer,India,Maharashtra,2022-02-22,25
1001,Sunita Jackson,sunita.jackson1001@mail.com,Consumer,Germany,Hesse,2024-08-17,23
1002,Thomas Garcia,thomas.garcia1002@mail.com,Consumer,India,Delhi,2021-11-12,27
1003,Sunita Evans,sunita.evans1003@mail.com,Consumer,USA,New York,2023-12-18,3
1004,Susan Garcia,susan.garcia1004@mail.com,Corporate,USA,Texas,2023-07-27,2
1005,John Iyer,john.iyer1005@mail.com,Corporate,UK,Northern Ireland,2024-11-25,12
1006,Karen Jackson,karen.jackson1006@mail.com,Consumer,Canada,Ontario,2022-09-07,13
1007,Jennifer Cole,jennifer.cole1007@mail.com,Small Business,Australia,New South Wales,2025-10-09,17
1008,Noah Lee,noah.lee1008@mail.com,Small Business,Germany,North Rhine-Westphalia,2021-07-17,24
1009,Priya Johnson,priya.johnson1009@mail.com,Consumer,USA,Florida,2022-05-08,4
1010,Charles Johnson,charles.johnson1010@mail.com,Corporate,UK,Northern Ireland,2022-05-16,12
1011,Liam Bennett,liam.bennett1011@mail.com,Consumer,India,Karnataka,2024-09-26,26
1012,Robert Hughes,robert.hughes1012@mail.com,Consumer,IND,Karnataka,2024-11-19,26
1013,Raj Johnson,raj.johnson1013@mail.com,Consumer,UK,Wales,2021-03-31,11
1014,Oliver Smith,oliver.smith1014@mail.com,Consumer,AUS,Western Australia,2024-03-21,20
1015,Jessica Jones,jessica.jones1015@mail.com,Consumer,India,Delhi,2020-05-06,27
1016,Liam Sharma,liam.sharma1016@mail.com,Small Business,DE,Hesse,2020-03-14,23
1017,Linda Williams,linda.williams1017@mail.com,Corporate,Canada,Ontario,2022-12-19,13
1018,Amit Jones,amit.jones1018@mail.com,Consumer,India,Maharashtra,2023-05-31,25
1019,James Miller,james.miller1019@mail.com,Consumer,Canada,Ontario,2022-10-13,13
1020,Charles Moore,charles.moore1020@mail.com,Consumer,Canada,Alberta,2023-07-13,16
1021,Susan Johnson,susan.johnson1021@mail.com,Consumer,Canada,Alberta,2022-11-28,16
1022,Nancy Sharma,nancy.sharma1022@mail.com,Consumer,India,Gujarat,2020-11-27,29
1023,Raj Cole,raj.cole1023@mail.com,Consumer,Germany,Bavaria,2020-04-02,21
1024,Nancy Cole,nancy.cole1024@mail.com,Small Business,Canada,British Columbia,2020-12-15,15
1025,Sarah Patel,sarah.patel1025@mail.com,Small Business,Australia,Victoria,2025-08-21,18
1026,Sarah Smith,sarah.smith1026@mail.com,Corporate,USA,California,2019-12-24,1
1027,James Lee,james.lee1027@mail.com,Consumer,UK,Scotland,2024-06-17,10
1028,Karen Thomas,karen.thomas1028@mail.com,Consumer,India,Delhi,2019-08-06,27
1029,James Smith,james.smith1029@mail.com,Corporate,Germany,Hesse,2024-10-13,23
1030,Charles Iyer,charles.iyer1030@mail.com,Corporate,India,Uttar Pradesh,2020-03-13,30
1031,David Lee,david.lee1031@mail.com,Corporate,USA,Florida,2020-07-05,4
1032,Barbara Smith,barbara.smith1032@mail.com,Consumer,U.S.A,California,2024-12-25,1
1033,Charles Hughes,charles.hughes1033@mail.com,Consumer,Australia,Victoria,2020-10-20,18
1034,Amit Patel,amit.patel1034@mail.com,Consumer,Australia,New South Wales,2024-12-16,17
1035,Jessica Evans,jessica.evans1035@mail.com,Corporate,UK,Scotland,2023-04-18,10
1036,Chloe Garcia,chloe.garcia1036@mail.com,Corporate,India,Gujarat,2020-01-16,29
1037,Patricia Cole,patricia.cole1037@mail.com,Consumer,India,Uttar Pradesh,2021-05-28,30
1038,Patricia Martin,patricia.martin1038@mail.com,Consumer,USA,Florida,2022-04-30,4
1039,John Davis,john.davis1039@mail.com,Small Business,India,Uttar Pradesh,2019-04-11,30
1040,Michael Thompson,michael.thompson1040@mail.com,Consumer,India,Uttar Pradesh,2020-06-02,30
1041,Charles Rodriguez,charles.rodriguez1041@mail.com,Consumer,UK,England,2025-03-21,9
1042,Liam Anderson,liam.anderson1042@mail.com,Consumer,India,Tamil Nadu,2022-03-11,28
1043,David Evans,,Corporate,Germany,North Rhine-Westphalia,2020-01-22,24
1044,Joseph Williams,joseph.williams1044@mail.com,Consumer,India,Maharashtra,2021-12-10,25
1045,Susan Taylor,susan.taylor1045@mail.com,Corporate,Germany,Bavaria,2025-11-03,21
1046,Thomas Perez,thomas.perez1046@mail.com,Corporate,India,Delhi,2021-09-21,27
1047,Linda Kapoor,linda.kapoor1047@mail.com,Small Business,UK,England,2020-03-02,9
1048,Linda Martinez,linda.martinez1048@mail.com,Consumer,UK,Wales,2020-05-26,11
1049,Raj Hughes,raj.hughes1049@mail.com,Consumer,USA,Texas,2022-06-30,2
1050,Sophie Williams,sophie.williams1050@mail.com,Corporate,UK,Wales,2025-03-26,11
1051,Priya Bennett,priya.bennett1051@mail.com,Consumer,USA,Ohio,2022-06-07,8
1052,Priya Clarke,priya.clarke1052@mail.com,Consumer,UK,Northern Ireland,2019-03-29,12
1053,Mary Williams,,Corporate,Germany,North Rhine-Westphalia,2021-12-31,24
1054,Joseph Taylor,joseph.taylor1054@mail.com,Small Business,UK,England,2020-02-06,9
1055,Joseph Lee,joseph.lee1055@mail.com,Consumer,USA,California,2022-01-27,1
1056,Sarah Johnson,sarah.johnson1056@mail.com,Consumer,UK,Scotland,2019-05-05,10
1057,Priya Smith,priya.smith1057@mail.com,Corporate,United States,Texas,2019-10-06,2
1058,Amit Garcia,amit.garcia1058@mail.com,Corporate,USA,Georgia,2020-12-03,7
1059,Robert Jackson,robert.jackson1059@mail.com,Consumer,USA,Florida,2021-08-07,4
1060,Sophie Thomas,sophie.thomas1060@mail.com,Small Business,USA,Florida,2021-09-07,4
1061,Priya Evans,priya.evans1061@mail.com,Corporate,Canada,Quebec,2019-11-10,14
1062,Richard Perez,richard.perez1062@mail.com,Corporate,Germany,North Rhine-Westphalia,2020-08-15,24
1063,Sophie Brown,sophie.brown1063@mail.com,Corporate,Australia,New South Wales,2022-11-15,17
1064,Noah Martin,noah.martin1064@mail.com,Small Business,Australia,New South Wales,2021-08-26,17
1065,Chloe Johnson,chloe.johnson1065@mail.com,Consumer,usa,Illinois,2019-02-17,5
1066,Linda Miller,linda.miller1066@mail.com,Small Business,USA,Illinois,2022-08-04,5
1067,Noah Bennett,noah.bennett1067@mail.com,Corporate,UK,England,2020-08-09,9
1068,Amit Murphy,amit.murphy1068@mail.com,Consumer,UK,Wales,2019-03-17,11
1069,Daniel Jackson,daniel.jackson1069@mail.com,Small Business,U.S.A,California,2023-07-28,1
1070,David Johnson,david.johnson1070@mail.com,Small Business,Germany,Bavaria,2020-10-25,21
1071,Chloe Williams,chloe.williams1071@mail.com,Corporate,USA,Illinois,2023-08-24,5
1072,Raj Cole,raj.cole1072@mail.com,Consumer,Canada,Ontario,2024-10-21,13
1073,David Murphy,david.murphy1073@mail.com,Small Business,USA,California,2025-01-21,1
1074,Karen Perez,karen.perez1074@mail.com,Corporate,UK,Scotland,2020-11-24,10
1075,Raj Johnson,raj.johnson1075@mail.com,Consumer,USA,New York,2025-08-05,3
1076,Jennifer Cole,jennifer.cole1076@mail.com,Consumer,UK,Scotland,2023-11-26,10
1077,Sophie Wilson,sophie.wilson1077@mail.com,Corporate,Canada,Ontario,2023-04-06,13
1078,James Miller,james.miller1078@mail.com,Small Business,India,Karnataka,2021-02-18,26
1079,Daniel Jones,daniel.jones1079@mail.com,Consumer,Canada,Ontario,2019-07-17,13
1080,Oliver Hughes,oliver.hughes1080@mail.com,Consumer,India,Uttar Pradesh,2020-10-14,30
1081,Amit Hughes,amit.hughes1081@mail.com,Consumer,DE,North Rhine-Westphalia,2024-09-17,24
1082,Joseph Cole,joseph.cole1082@mail.com,Small Business,UK,England,2020-04-09,9
1083,Robert Martinez,robert.martinez1083@mail.com,Consumer,Germany,Hesse,2025-05-10,23
1084,Jennifer Perez,jennifer.perez1084@mail.com,Consumer,United Kingdom,Northern Ireland,2019-08-19,12
1085,Linda Perez,linda.perez1085@mail.com,Consumer,Australia,Victoria,2023-01-28,18
1086,Liam Bennett,liam.bennett1086@mail.com,Consumer,Australia,Western Australia,2025-08-17,20
1087,Joseph Patel,joseph.patel1087@mail.com,Consumer,India,Karnataka,2022-06-07,26
1088,Noah Lee,noah.lee1088@mail.com,Consumer,Australia,Western Australia,2022-03-23,20
1089,Richard Taylor,richard.taylor1089@mail.com,Corporate,USA,New York,2024-02-21,3
1090,Oliver Iyer,oliver.iyer1090@mail.com,Corporate,Australia,Victoria,2022-12-15,18
1091,John Evans,john.evans1091@mail.com,Small Business,DE,Hesse,2024-08-05,23
1092,Amit Iyer,amit.iyer1092@mail.com,Corporate,India,Tamil Nadu,2019-05-20,28
1093,Robert Martin,robert.martin1093@mail.com,Consumer,India,Uttar Pradesh,2020-06-15,30
1094,Sunita Anderson,sunita.anderson1094@mail.com,Corporate,UK,Northern Ireland,2021-10-24,12
1095,Mary Brown,mary.brown1095@mail.com,Consumer,Canada,Quebec,2025-01-20,14
1096,Jessica Davis,jessica.davis1096@mail.com,Small Business,India,Tamil Nadu,2025-03-22,28
1097,Liam Williams,liam.williams1097@mail.com,Consumer,Germany,North Rhine-Westphalia,2023-09-24,24
1098,Richard Thompson,richard.thompson1098@mail.com,Consumer,Australia,Western Australia,2020-04-21,20
1099,Oliver Thompson,oliver.thompson1099@mail.com,Consumer,Australia,Queensland,2021-05-05,19
1100,Nancy Taylor,nancy.taylor1100@mail.com,Consumer,India,Uttar Pradesh,2024-09-08,30
1101,Oliver Wilson,oliver.wilson1101@mail.com,Consumer,UK,Scotland,2024-01-12,10
1102,James Sharma,james.sharma1102@mail.com,Consumer,UK,Scotland,2020-12-20,10
1103,David Evans,david.evans1103@mail.com,Consumer,UK,Wales,2021-01-19,11
1104,Thomas Jackson,thomas.jackson1104@mail.com,Corporate,Australia,Victoria,2021-12-20,18
1105,Linda Anderson,linda.anderson1105@mail.com,Consumer,India,Uttar Pradesh,2019-10-19,30
1106,Karen Taylor,karen.taylor1106@mail.com,Consumer,Canada,Alberta,2025-03-06,16
1107,Jessica Garcia,jessica.garcia1107@mail.com,Consumer,Australia,Queensland,2024-01-07,19
1108,Raj Perez,raj.perez1108@mail.com,Corporate,Canada,Alberta,2025-05-17,16
1109,Raj Taylor,raj.taylor1109@mail.com,Small Business,USA,Illinois,2022-11-17,5
1110,Robert Clarke,robert.clarke1110@mail.com,Corporate,USA,California,2025-02-23,1
1111,Nancy Martinez,nancy.martinez1111@mail.com,Consumer,India,Tamil Nadu,2021-03-27,28
1112,Emma Davis,emma.davis1112@mail.com,Consumer,Canada,Quebec,2024-08-28,14
1113,Amit Williams,amit.williams1113@mail.com,Small Business,India,Karnataka,2019-09-19,26
1114,Robert Rodriguez,robert.rodriguez1114@mail.com,Corporate,USA,California,2022-03-05,1
1115,John Taylor,john.taylor1115@mail.com,Consumer,UK,Scotland,2025-09-17,10
1116,Amit Evans,amit.evans1116@mail.com,Consumer,Australia,Queensland,2019-06-18,19
1117,Priya Jones,priya.jones1117@mail.com,Corporate,India,Uttar Pradesh,2024-01-22,30
1118,Sunita Taylor,sunita.taylor1118@mail.com,Consumer,Australia,Queensland,2023-07-05,19
1119,Richard Anderson,richard.anderson1119@mail.com,Consumer,USA,Illinois,2019-09-16,5
1120,Patricia Williams,patricia.williams1120@mail.com,Consumer,USA,California,2022-11-20,1
1121,James Martinez,james.martinez1121@mail.com,Consumer,Germany,North Rhine-Westphalia,2025-06-03,24
1122,Thomas Anderson,thomas.anderson1122@mail.com,Small Business,Germany,Hesse,2025-09-24,23
1123,Oliver Rodriguez,oliver.rodriguez1123@mail.com,Consumer,Canada,Quebec,2025-08-21,14
1124,Patricia Jones,patricia.jones1124@mail.com,Consumer,India,Uttar Pradesh,2021-05-18,30
1125,Robert Garcia,robert.garcia1125@mail.com,Consumer,Canada,British Columbia,2019-05-12,15
1126,Jessica Moore,jessica.moore1126@mail.com,Corporate,Australia,Western Australia,2022-02-18,20
1127,Karen Lee,karen.lee1127@mail.com,Consumer,India,Gujarat,2023-03-15,29
1128,Charles Thomas,charles.thomas1128@mail.com,Consumer,USA,Illinois,2022-12-15,5
1129,Patricia Smith,patricia.smith1129@mail.com,Consumer,India,Tamil Nadu,2024-08-20,28
1130,Robert Anderson,robert.anderson1130@mail.com,Small Business,Canada,Ontario,2022-04-08,13
1131,Karen Williams,karen.williams1131@mail.com,Consumer,Germany,Berlin,2021-06-25,22
1132,Nancy Thompson,nancy.thompson1132@mail.com,Small Business,USA,California,2021-03-31,1
1133,Emma Wilson,emma.wilson1133@mail.com,Consumer,UK,England,2019-07-31,9
1134,Sophie Taylor,sophie.taylor1134@mail.com,Consumer,Germany,North Rhine-Westphalia,2022-04-20,24
1135,James Martinez,james.martinez1135@mail.com,Small Business,India,Tamil Nadu,2020-07-07,28
1136,Jessica Taylor,jessica.taylor1136@mail.com,Consumer,USA,Washington,2024-07-14,6
1137,Oliver Williams,oliver.williams1137@mail.com,Small Business,Canada,Quebec,2021-08-19,14
1138,Sunita Murphy,sunita.murphy1138@mail.com,Consumer,Australia,Victoria,2021-01-28,18
1139,Karen Murphy,karen.murphy1139@mail.com,Small Business,canada,Quebec,2019-10-24,14
1140,Linda Perez,linda.perez1140@mail.com,Small Business,USA,Illinois,2023-09-06,5
1141,Charles Garcia,charles.garcia1141@mail.com,Consumer,USA,Florida,2019-03-23,4
1142,Raj Taylor,raj.taylor1142@mail.com,Consumer,usa,Illinois,2021-10-16,5
1143,Jennifer Jones,jennifer.jones1143@mail.com,Consumer,Germany,Hesse,2023-06-30,23
1144,David Martinez,david.martinez1144@mail.com,Small Business,Germany,Bavaria,2022-11-06,21
1145,David Jackson,david.jackson1145@mail.com,Corporate,India,Maharashtra,2019-06-21,25
1146,John Williams,john.williams1146@mail.com,Consumer,australia,New South Wales,2019-10-18,17
1147,Jennifer Thomas,jennifer.thomas1147@mail.com,Corporate,UK,England,2025-06-04,9
1148,David Thomas,david.thomas1148@mail.com,Corporate,Canada,British Columbia,2019-07-12,15
1149,Barbara Jackson,barbara.jackson1149@mail.com,Consumer,USA,Illinois,2022-10-08,5
1150,Emma Williams,emma.williams1150@mail.com,Consumer,UK,Scotland,2024-09-15,10
1151,Susan Rodriguez,susan.rodriguez1151@mail.com,Small Business,uk,Northern Ireland,2023-03-10,12
1152,Linda Iyer,linda.iyer1152@mail.com,Consumer,UK,Wales,2020-09-30,11
1153,Priya Jackson,priya.jackson1153@mail.com,Consumer,USA,Ohio,2021-06-06,8
1154,Nancy Thompson,nancy.thompson1154@mail.com,Consumer,India,Uttar Pradesh,2023-08-17,30
1155,Michael Moore,michael.moore1155@mail.com,Corporate,Germany,North Rhine-Westphalia,2019-06-25,24
1156,Patricia Jones,patricia.jones1156@mail.com,Consumer,India,Gujarat,2020-03-30,29
1157,Barbara Smith,barbara.smith1157@mail.com,Consumer,India,Gujarat,2024-08-30,29
1158,Joseph Wilson,joseph.wilson1158@mail.com,Consumer,India,Tamil Nadu,2021-11-13,28
1159,Liam Thompson,liam.thompson1159@mail.com,Consumer,India,Tamil Nadu,2025-01-07,28
1160,Joseph Evans,joseph.evans1160@mail.com,Corporate,australia,Queensland,2020-08-01,19
1161,Sophie Wilson,sophie.wilson1161@mail.com,Consumer,USA,New York,2024-01-03,3
1162,Thomas Wilson,,Small Business,USA,Georgia,2020-07-05,7
1163,Jessica Hughes,jessica.hughes1163@mail.com,Small Business,Canada,Ontario,2025-05-24,13
1164,Liam Bennett,liam.bennett1164@mail.com,Small Business,USA,Florida,2023-05-08,4
1165,Priya Thompson,priya.thompson1165@mail.com,Corporate,Canada,Alberta,2021-10-05,16
1166,John Martinez,john.martinez1166@mail.com,Corporate,India,Karnataka,2022-08-21,26
1167,Richard Thompson,richard.thompson1167@mail.com,Corporate,Germany,Berlin,2021-12-07,22
1168,Amit Miller,amit.miller1168@mail.com,Corporate,Canada,Ontario,2024-08-23,13
1169,Sarah Wilson,sarah.wilson1169@mail.com,Consumer,Germany,Hesse,2024-09-13,23
1170,Jennifer Taylor,jennifer.taylor1170@mail.com,Consumer,Canada,Alberta,2024-10-12,16
1171,Richard Martinez,richard.martinez1171@mail.com,Consumer,Australia,New South Wales,2021-08-05,17
1172,Sunita Kapoor,sunita.kapoor1172@mail.com,Small Business,UK,Wales,2020-09-19,11
1173,Priya Jackson,priya.jackson1173@mail.com,Small Business,UK,England,2022-04-25,9
1174,Daniel Evans,,Consumer,Canada,Alberta,2021-02-10,16
1175,Linda Wilson,linda.wilson1175@mail.com,Corporate,Australia,New South Wales,2021-03-24,17
1176,Joseph Rodriguez,joseph.rodriguez1176@mail.com,Consumer,India,Delhi,2020-11-10,27
1177,Liam Evans,liam.evans1177@mail.com,Consumer,USA,New York,2025-09-11,3
1178,Joseph Anderson,joseph.anderson1178@mail.com,Small Business,Germany,Hesse,2021-09-14,23
1179,Patricia Cole,patricia.cole1179@mail.com,Corporate,Australia,New South Wales,2021-05-14,17
1180,Daniel Miller,daniel.miller1180@mail.com,Corporate,USA,California,2024-07-06,1
1181,Daniel Lee,daniel.lee1181@mail.com,Small Business,U.K.,England,2021-09-27,9
1182,Jennifer Patel,jennifer.patel1182@mail.com,Corporate,Canada,Ontario,2020-10-26,13
1183,Oliver Lee,oliver.lee1183@mail.com,Small Business,Australia,New South Wales,2019-03-06,17
1184,James Iyer,james.iyer1184@mail.com,Corporate,USA,Illinois,2023-07-07,5
1185,Thomas Kapoor,thomas.kapoor1185@mail.com,Corporate,Canada,Ontario,2019-10-28,13
1186,Michael Moore,michael.moore1186@mail.com,Small Business,India,Uttar Pradesh,2020-03-28,30
1187,Emma Martinez,emma.martinez1187@mail.com,Corporate,Australia,Victoria,2020-07-10,18
1188,Liam Kapoor,liam.kapoor1188@mail.com,Consumer,USA,Florida,2022-09-28,4
1189,Robert Hughes,robert.hughes1189@mail.com,Consumer,Germany,Hesse,2020-02-05,23
1190,Sophie Evans,sophie.evans1190@mail.com,Consumer,USA,Ohio,2021-11-11,8
1191,Emma Thomas,emma.thomas1191@mail.com,Corporate,UK,Wales,2025-02-22,11
1192,Raj Jackson,raj.jackson1192@mail.com,Consumer,Canada,Alberta,2021-09-09,16
1193,John Sharma,john.sharma1193@mail.com,Consumer,Canada,Quebec,2019-02-11,14
1194,Barbara Davis,barbara.davis1194@mail.com,Corporate,Canada,Alberta,2023-02-15,16
1195,David Patel,david.patel1195@mail.com,Consumer,USA,Illinois,2020-08-07,5
1196,John Kapoor,john.kapoor1196@mail.com,Consumer,Canada,Alberta,2024-09-18,16
1197,Jessica Evans,jessica.evans1197@mail.com,Small Business,India,Gujarat,2019-12-05,29
1198,Joseph Williams,joseph.williams1198@mail.com,Consumer,U.S.A,Florida,2024-12-11,4
1199,Thomas Thompson,thomas.thompson1199@mail.com,Small Business,USA,Ohio,2021-11-15,8
1200,Sarah Perez,sarah.perez1200@mail.com,Consumer,UK,Scotland,2019-04-09,10
1201,Joseph Lee,joseph.lee1201@mail.com,Corporate,India,Delhi,2021-09-09,27
1202,Charles Cole,charles.cole1202@mail.com,Consumer,Canada,British Columbia,2022-12-29,15
1203,Chloe Bennett,chloe.bennett1203@mail.com,Consumer,Germany,Hesse,2024-05-22,23
1204,Amit Thomas,amit.thomas1204@mail.com,Consumer,Germany,Berlin,2019-04-11,22
1205,Karen Johnson,karen.johnson1205@mail.com,Corporate,India,Delhi,2021-09-21,27
1206,Emma Anderson,emma.anderson1206@mail.com,Small Business,USA,Florida,2022-09-22,4
1207,Amit Murphy,amit.murphy1207@mail.com,Consumer,Australia,Queensland,2023-11-09,19
1208,Emma Lee,emma.lee1208@mail.com,Consumer,usa,Illinois,2025-03-10,5
1209,Nancy Sharma,nancy.sharma1209@mail.com,Consumer,Germany,Berlin,2022-10-06,22
1210,Chloe Williams,chloe.williams1210@mail.com,Consumer,India,Maharashtra,2021-12-01,25
1211,Patricia Clarke,patricia.clarke1211@mail.com,Small Business,USA,Washington,2024-07-07,6
1212,Linda Patel,linda.patel1212@mail.com,Consumer,UK,Wales,2020-07-19,11
1213,Raj Anderson,raj.anderson1213@mail.com,Small Business,Canada,Quebec,2025-05-14,14
1214,Jennifer Sharma,jennifer.sharma1214@mail.com,Consumer,Canada,Alberta,2022-01-30,16
1215,Nancy Johnson,nancy.johnson1215@mail.com,Consumer,USA,Ohio,2024-12-16,8
1216,Daniel Sharma,daniel.sharma1216@mail.com,Consumer,Canada,Quebec,2020-06-11,14
1217,Raj Sharma,raj.sharma1217@mail.com,Corporate,Germany,Bavaria,2019-05-09,21
1218,Joseph Clarke,joseph.clarke1218@mail.com,Consumer,Australia,Queensland,2022-01-10,19
1219,Richard Evans,richard.evans1219@mail.com,Consumer,India,Gujarat,2021-09-13,29
1220,Jessica Brown,jessica.brown1220@mail.com,Consumer,USA,California,2020-02-08,1
1221,James Brown,james.brown1221@mail.com,Corporate,Australia,Queensland,2024-07-06,19
1222,David Davis,david.davis1222@mail.com,Corporate,USA,Georgia,2020-01-20,7
1223,Charles Iyer,charles.iyer1223@mail.com,Consumer,India,Uttar Pradesh,2020-11-01,30
1224,Charles Lee,charles.lee1224@mail.com,Consumer,United States,Texas,2021-10-18,2
1225,Daniel Kapoor,daniel.kapoor1225@mail.com,Corporate,India,Tamil Nadu,2019-05-22,28
1226,Daniel Davis,daniel.davis1226@mail.com,Consumer,India,Delhi,2021-09-06,27
1227,Thomas Anderson,thomas.anderson1227@mail.com,Corporate,Australia,Queensland,2020-04-28,19
1228,Joseph Moore,joseph.moore1228@mail.com,Corporate,Australia,Victoria,2020-10-11,18
1229,Oliver Patel,oliver.patel1229@mail.com,Small Business,India,Tamil Nadu,2025-02-17,28
1230,Daniel Kapoor,daniel.kapoor1230@mail.com,Consumer,Australia,New South Wales,2020-07-28,17
1231,Charles Jones,charles.jones1231@mail.com,Consumer,Canada,Quebec,2020-08-24,14
1232,Susan Smith,susan.smith1232@mail.com,Corporate,India,Tamil Nadu,2024-08-27,28
1233,Sarah Brown,sarah.brown1233@mail.com,Corporate,Australia,Victoria,2024-08-22,18
1234,Barbara Thomas,barbara.thomas1234@mail.com,Consumer,U.S.A,Ohio,2020-01-26,8
1235,Chloe Williams,chloe.williams1235@mail.com,Corporate,U.S.A,Texas,2021-06-20,2
1236,Patricia Hughes,patricia.hughes1236@mail.com,Corporate,Germany,Berlin,2020-11-07,22
1237,Sunita Jones,sunita.jones1237@mail.com,Consumer,Australia,Western Australia,2025-10-17,20
1238,Susan Martinez,susan.martinez1238@mail.com,Consumer,UK,Wales,2025-10-07,11
1239,Richard Moore,richard.moore1239@mail.com,Small Business,USA,New York,2024-06-07,3
1240,Emma Miller,emma.miller1240@mail.com,Corporate,UK,England,2022-12-15,9
1241,Charles Jackson,charles.jackson1241@mail.com,Small Business,Australia,Victoria,2020-12-24,18
1242,Susan Jackson,susan.jackson1242@mail.com,Consumer,India,Delhi,2023-03-29,27
1243,Patricia Moore,patricia.moore1243@mail.com,Consumer,UK,Northern Ireland,2021-12-04,12
1244,Sunita Kapoor,,Consumer,CANADA,Alberta,2022-11-11,16
1245,Thomas Wilson,thomas.wilson1245@mail.com,Small Business,Canada,Alberta,2020-05-18,16
1246,Robert Martinez,robert.martinez1246@mail.com,Small Business,Canada,Ontario,2023-09-19,13
1247,Mary Evans,mary.evans1247@mail.com,Small Business,USA,Georgia,2022-10-22,7
1248,Amit Brown,amit.brown1248@mail.com,Corporate,USA,New York,2019-02-10,3
1249,James Bennett,james.bennett1249@mail.com,Small Business,Australia,New South Wales,2019-04-11,17
1250,Richard Sharma,richard.sharma1250@mail.com,Small Business,Germany,Bavaria,2025-10-15,21
1251,Patricia Patel,,Consumer,Australia,Queensland,2020-06-09,19
1252,Emma Garcia,emma.garcia1252@mail.com,Corporate,USA,Texas,2020-09-24,2
1253,Chloe Iyer,chloe.iyer1253@mail.com,Small Business,USA,Washington,2019-09-15,6
1254,Linda Martin,linda.martin1254@mail.com,Consumer,UK,Northern Ireland,2025-09-13,12
1255,Jennifer Lee,jennifer.lee1255@mail.com,Corporate,USA,Georgia,2024-10-18,7
1256,Jennifer Wilson,jennifer.wilson1256@mail.com,Consumer,Germany,Hesse,2023-08-19,23
1257,Karen Thomas,karen.thomas1257@mail.com,Corporate,Canada,British Columbia,2023-02-16,15
1258,Thomas Davis,thomas.davis1258@mail.com,Corporate,India,Tamil Nadu,2022-12-09,28
1259,Emma Taylor,emma.taylor1259@mail.com,Consumer,USA,New York,2020-11-20,3
1260,Priya Garcia,priya.garcia1260@mail.com,Corporate,India,Maharashtra,2020-07-19,25
1261,Jennifer Sharma,jennifer.sharma1261@mail.com,Corporate,USA,Texas,2020-08-06,2
1262,Raj Thomas,raj.thomas1262@mail.com,Corporate,Australia,Queensland,2024-02-11,19
1263,Joseph Smith,joseph.smith1263@mail.com,Consumer,Australia,Victoria,2019-05-30,18
1264,Sunita Thompson,sunita.thompson1264@mail.com,Consumer,USA,Illinois,2023-02-23,5
1265,Noah Miller,noah.miller1265@mail.com,Small Business,India,Karnataka,2019-04-23,26
1266,Thomas Perez,thomas.perez1266@mail.com,Corporate,Canada,Alberta,2021-05-03,16
1267,Jessica Taylor,jessica.taylor1267@mail.com,Consumer,UK,Scotland,2025-05-11,10
1268,James Kapoor,james.kapoor1268@mail.com,Consumer,UK,England,2022-03-09,9
1269,Michael Miller,michael.miller1269@mail.com,Consumer,Australia,New South Wales,2019-07-23,17
1270,David Clarke,david.clarke1270@mail.com,Consumer,India,Delhi,2019-03-11,27
1271,Amit Evans,amit.evans1271@mail.com,Corporate,USA,Florida,2021-12-01,4
1272,Emma Williams,emma.williams1272@mail.com,Consumer,USA,Illinois,2020-03-12,5
1273,Daniel Brown,daniel.brown1273@mail.com,Consumer,USA,Georgia,2023-07-18,7
1274,Emma Bennett,,Small Business,USA,Washington,2019-05-07,6
1275,Karen Garcia,karen.garcia1275@mail.com,Small Business,India,Gujarat,2022-12-13,29
1276,Susan Wilson,susan.wilson1276@mail.com,Corporate,UK,England,2022-06-04,9
1277,Michael Moore,michael.moore1277@mail.com,Consumer,USA,Florida,2019-08-13,4
1278,Patricia Rodriguez,patricia.rodriguez1278@mail.com,Corporate,India,Karnataka,2021-05-02,26
1279,Raj Bennett,raj.bennett1279@mail.com,Small Business,India,Karnataka,2021-10-13,26
1280,Sarah Martin,sarah.martin1280@mail.com,Consumer,Germany,Hesse,2023-11-22,23
1281,Priya Wilson,priya.wilson1281@mail.com,Consumer,Canada,Quebec,2022-08-06,14
1282,Nancy Taylor,nancy.taylor1282@mail.com,Corporate,United States,Texas,2025-02-28,2
1283,Nancy Taylor,nancy.taylor1283@mail.com,Corporate,UK,Wales,2023-08-18,11
1284,Daniel Brown,daniel.brown1284@mail.com,Corporate,Australia,Western Australia,2025-06-22,20
1285,Susan Anderson,susan.anderson1285@mail.com,Consumer,UK,Wales,2019-01-03,11
1286,Sophie Moore,sophie.moore1286@mail.com,Consumer,Canada,Quebec,2020-06-28,14
1287,Nancy Garcia,nancy.garcia1287@mail.com,Corporate,India,Uttar Pradesh,2023-05-04,30
1288,Liam Patel,liam.patel1288@mail.com,Corporate,USA,Illinois,2019-02-10,5
1289,Amit Evans,amit.evans1289@mail.com,Corporate,India,Uttar Pradesh,2021-03-19,30
1290,Barbara Cole,barbara.cole1290@mail.com,Corporate,Canada,Alberta,2022-10-23,16
1291,Nancy Perez,nancy.perez1291@mail.com,Consumer,Canada,Alberta,2019-12-03,16
1292,Robert Patel,robert.patel1292@mail.com,Consumer,Canada,Quebec,2024-09-09,14
1293,John Wilson,john.wilson1293@mail.com,Small Business,USA,Washington,2023-06-13,6
1294,Patricia Davis,patricia.davis1294@mail.com,Consumer,Canada,Ontario,2021-10-02,13
1295,Barbara Brown,barbara.brown1295@mail.com,Corporate,Canada,British Columbia,2024-05-03,15
1296,Jennifer Anderson,jennifer.anderson1296@mail.com,Consumer,Canada,Alberta,2019-01-01,16
1297,Amit Jones,amit.jones1297@mail.com,Corporate,India,Tamil Nadu,2021-06-10,28
1298,Charles Taylor,charles.taylor1298@mail.com,Consumer,India,Maharashtra,2019-02-02,25
1299,Jessica Thompson,jessica.thompson1299@mail.com,Consumer,Australia,Victoria,2024-10-28,18
1300,John Perez,john.perez1300@mail.com,Small Business,Canada,Ontario,2022-11-15,13
1301,Joseph Thomas,joseph.thomas1301@mail.com,Consumer,India,Gujarat,2019-08-01,29
1302,Jennifer Jackson,jennifer.jackson1302@mail.com,Consumer,India,Karnataka,2021-08-07,26
1303,Priya Lee,priya.lee1303@mail.com,Corporate,India,Karnataka,2021-08-29,26
1304,Amit Cole,amit.cole1304@mail.com,Consumer,UK,Northern Ireland,2019-08-26,12
1305,Priya Cole,priya.cole1305@mail.com,Consumer,Canada,Quebec,2019-08-30,14
1306,Jennifer Lee,jennifer.lee1306@mail.com,Consumer,USA,Ohio,2025-10-04,8
1307,Jennifer Jackson,jennifer.jackson1307@mail.com,Consumer,India,Maharashtra,2022-08-22,25
1308,Barbara Jones,barbara.jones1308@mail.com,Small Business,UK,Wales,2025-10-24,11
1309,Jennifer Wilson,jennifer.wilson1309@mail.com,Corporate,India,Karnataka,2024-07-24,26
1310,Liam Moore,liam.moore1310@mail.com,Consumer,Canada,British Columbia,2021-02-03,15
1311,Nancy Johnson,nancy.johnson1311@mail.com,Consumer,India,Gujarat,2023-08-09,29
1312,Sophie Anderson,sophie.anderson1312@mail.com,Corporate,USA,Texas,2021-02-27,2
1313,James Jackson,james.jackson1313@mail.com,Consumer,Canada,British Columbia,2023-04-30,15
1314,John Miller,john.miller1314@mail.com,Consumer,Germany,North Rhine-Westphalia,2022-12-17,24
1315,Liam Taylor,liam.taylor1315@mail.com,Corporate,USA,Illinois,2023-10-18,5
1316,Karen Martin,karen.martin1316@mail.com,Corporate,India,Karnataka,2024-12-22,26
1317,Priya Jackson,priya.jackson1317@mail.com,Consumer,Germany,Berlin,2023-12-31,22
1318,Jessica Patel,jessica.patel1318@mail.com,Corporate,India,Uttar Pradesh,2020-04-11,30
1319,Sarah Thomas,sarah.thomas1319@mail.com,Consumer,USA,New York,2020-12-12,3
1320,Amit Hughes,amit.hughes1320@mail.com,Consumer,India,Karnataka,2023-03-23,26
1321,Thomas Jackson,thomas.jackson1321@mail.com,Small Business,Germany,North Rhine-Westphalia,2020-05-05,24
1322,Jennifer Williams,,Consumer,India,Gujarat,2025-08-05,29
1323,Daniel Smith,daniel.smith1323@mail.com,Consumer,USA,Washington,2022-04-11,6
1324,Emma Clarke,emma.clarke1324@mail.com,Corporate,USA,Washington,2022-09-15,6
1325,Linda Martinez,linda.martinez1325@mail.com,Consumer,Australia,Victoria,2019-05-23,18
1326,Mary Rodriguez,mary.rodriguez1326@mail.com,Consumer,Australia,Victoria,2023-01-03,18
1327,Linda Lee,linda.lee1327@mail.com,Consumer,USA,Georgia,2020-08-07,7
1328,Barbara Garcia,barbara.garcia1328@mail.com,Corporate,United States,Washington,2024-08-12,6
1329,Oliver Moore,oliver.moore1329@mail.com,Consumer,USA,New York,2022-05-30,3
1330,Daniel Iyer,daniel.iyer1330@mail.com,Corporate,india,Gujarat,2020-09-22,29
1331,Oliver Clarke,oliver.clarke1331@mail.com,Consumer,Canada,British Columbia,2023-03-15,15
1332,Sarah Lee,sarah.lee1332@mail.com,Small Business,India,Karnataka,2024-07-17,26
1333,Charles Brown,charles.brown1333@mail.com,Corporate,Germany,Hesse,2023-12-31,23
1334,Daniel Brown,daniel.brown1334@mail.com,Consumer,Canada,Alberta,2023-05-22,16
1335,David Clarke,david.clarke1335@mail.com,Consumer,Germany,Berlin,2020-04-19,22
1336,Karen Hughes,karen.hughes1336@mail.com,Corporate,UK,Northern Ireland,2022-10-23,12
1337,Susan Lee,susan.lee1337@mail.com,Consumer,USA,Illinois,2025-03-28,5
1338,Liam Clarke,liam.clarke1338@mail.com,Consumer,DE,Bavaria,2021-02-28,21
1339,Mary Clarke,mary.clarke1339@mail.com,Consumer,India,Delhi,2024-03-31,27
1340,Sunita Moore,sunita.moore1340@mail.com,Corporate,United States,Georgia,2021-04-08,7
1341,Karen Miller,karen.miller1341@mail.com,Corporate,India,Gujarat,2021-09-16,29
1342,Jessica Brown,jessica.brown1342@mail.com,Corporate,USA,Texas,2022-02-09,2
1343,Sunita Hughes,sunita.hughes1343@mail.com,Consumer,USA,Georgia,2025-05-25,7
1344,Priya Clarke,priya.clarke1344@mail.com,Consumer,Australia,Victoria,2019-10-29,18
1345,Linda Martinez,linda.martinez1345@mail.com,Corporate,Australia,Victoria,2025-08-20,18
1346,Sophie Johnson,sophie.johnson1346@mail.com,Consumer,India,Delhi,2019-06-05,27
1347,Thomas Rodriguez,thomas.rodriguez1347@mail.com,Consumer,USA,Illinois,2022-06-18,5
1348,Susan Bennett,susan.bennett1348@mail.com,Consumer,India,Maharashtra,2023-07-04,25
1349,Liam Williams,liam.williams1349@mail.com,Small Business,Germany,North Rhine-Westphalia,2022-02-03,24
1350,Thomas Bennett,thomas.bennett1350@mail.com,Consumer,Germany,Hesse,2021-09-28,23
1351,Patricia Clarke,patricia.clarke1351@mail.com,Consumer,India,Karnataka,2025-01-17,26
1352,Emma Davis,emma.davis1352@mail.com,Consumer,india,Maharashtra,2021-08-26,25
1353,Michael Evans,,Corporate,UK,Northern Ireland,2022-01-10,12
1354,Sunita Perez,sunita.perez1354@mail.com,Corporate,Germany,Hesse,2019-06-03,23
1355,Amit Anderson,amit.anderson1355@mail.com,Small Business,DE,Berlin,2025-06-09,22
1356,Sophie Kapoor,sophie.kapoor1356@mail.com,Corporate,USA,Washington,2025-07-14,6
1357,Nancy Sharma,nancy.sharma1357@mail.com,Consumer,India,Maharashtra,2022-04-08,25
1358,Jessica Garcia,jessica.garcia1358@mail.com,Corporate,USA,Texas,2022-12-25,2
1359,Nancy Jones,nancy.jones1359@mail.com,Consumer,Australia,Queensland,2021-04-25,19
1360,Emma Miller,emma.miller1360@mail.com,Consumer,Germany,Bavaria,2021-09-06,21
1361,Liam Miller,liam.miller1361@mail.com,Consumer,Germany,Berlin,2024-01-10,22
1362,Emma Johnson,emma.johnson1362@mail.com,Consumer,Canada,British Columbia,2019-05-27,15
1363,Daniel Anderson,daniel.anderson1363@mail.com,Corporate,India,Karnataka,2023-01-28,26
1364,Karen Rodriguez,karen.rodriguez1364@mail.com,Small Business,Canada,Quebec,2022-12-13,14
1365,Nancy Lee,nancy.lee1365@mail.com,Consumer,United Kingdom,Northern Ireland,2024-06-30,12
1366,Jennifer Wilson,jennifer.wilson1366@mail.com,Consumer,USA,Illinois,2019-07-18,5
1367,Amit Martinez,amit.martinez1367@mail.com,Corporate,USA,Texas,2025-03-20,2
1368,Barbara Perez,barbara.perez1368@mail.com,Consumer,USA,New York,2021-01-10,3
1369,David Bennett,david.bennett1369@mail.com,Consumer,USA,Texas,2020-01-14,2
1370,Charles Murphy,charles.murphy1370@mail.com,Consumer,India,Tamil Nadu,2023-01-29,28
1371,Raj Hughes,raj.hughes1371@mail.com,Consumer,UK,England,2025-06-06,9
1372,Patricia Jones,patricia.jones1372@mail.com,Corporate,UK,England,2023-01-06,9
1373,Oliver Evans,oliver.evans1373@mail.com,Small Business,india,Uttar Pradesh,2019-07-20,30
1374,Jessica Cole,jessica.cole1374@mail.com,Consumer,Australia,Queensland,2023-04-25,19
1375,Mary Rodriguez,mary.rodriguez1375@mail.com,Small Business,India,Uttar Pradesh,2024-05-12,30
1376,Sophie Sharma,sophie.sharma1376@mail.com,Consumer,USA,Washington,2025-06-10,6
1377,John Kapoor,john.kapoor1377@mail.com,Consumer,Australia,Western Australia,2024-12-27,20
1378,Sophie Jones,sophie.jones1378@mail.com,Small Business,UK,Northern Ireland,2020-03-18,12
1379,Linda Jones,linda.jones1379@mail.com,Corporate,UK,England,2019-04-11,9
1380,Amit Wilson,amit.wilson1380@mail.com,Consumer,DE,Berlin,2022-07-14,22
1381,Liam Davis,liam.davis1381@mail.com,Corporate,Australia,New South Wales,2025-05-28,17
1382,Oliver Hughes,,Corporate,Germany,Berlin,2022-04-18,22
1383,Raj Taylor,raj.taylor1383@mail.com,Small Business,USA,Ohio,2025-07-04,8
1384,Sarah Jones,sarah.jones1384@mail.com,Consumer,India,Maharashtra,2025-09-22,25
1385,Daniel Sharma,daniel.sharma1385@mail.com,Consumer,USA,Florida,2024-07-28,4
1386,David Sharma,david.sharma1386@mail.com,Consumer,Germany,Bavaria,2019-11-27,21
1387,Jessica Taylor,jessica.taylor1387@mail.com,Consumer,USA,California,2023-05-29,1
1388,Thomas Williams,thomas.williams1388@mail.com,Consumer,Germany,Berlin,2019-05-17,22
1389,Priya Evans,priya.evans1389@mail.com,Corporate,USA,Illinois,2025-03-06,5
1390,Noah Clarke,noah.clarke1390@mail.com,Consumer,USA,California,2020-06-24,1
1391,Robert Taylor,robert.taylor1391@mail.com,Consumer,UK,Wales,2019-05-01,11
1392,Charles Iyer,charles.iyer1392@mail.com,Small Business,India,Tamil Nadu,2024-08-27,28
1393,David Kapoor,david.kapoor1393@mail.com,Corporate,India,Uttar Pradesh,2021-06-01,30
1394,Chloe Murphy,chloe.murphy1394@mail.com,Corporate,usa,Texas,2022-10-18,2
1395,Susan Moore,susan.moore1395@mail.com,Small Business,IND,Uttar Pradesh,2023-04-28,30
1396,Sarah Wilson,sarah.wilson1396@mail.com,Corporate,Canada,Quebec,2023-02-05,14
1397,Daniel Smith,daniel.smith1397@mail.com,Consumer,India,Tamil Nadu,2025-07-22,28
1398,Sophie Clarke,sophie.clarke1398@mail.com,Consumer,India,Karnataka,2023-02-21,26
1399,Sophie Iyer,sophie.iyer1399@mail.com,Consumer,Australia,Queensland,2023-04-14,19
1400,Robert Iyer,robert.iyer1400@mail.com,Corporate,India,Gujarat,2020-04-07,29
1401,Thomas Sharma,thomas.sharma1401@mail.com,Consumer,India,Maharashtra,2023-02-19,25
1402,Raj Kapoor,raj.kapoor1402@mail.com,Corporate,India,Tamil Nadu,2022-08-01,28
1403,Susan Bennett,susan.bennett1403@mail.com,Consumer,UK,Northern Ireland,2023-07-25,12
1404,Robert Evans,robert.evans1404@mail.com,Consumer,Germany,Hesse,2022-01-09,23
1405,Karen Taylor,karen.taylor1405@mail.com,Consumer,Canada,British Columbia,2020-04-06,15
1406,Michael Thomas,michael.thomas1406@mail.com,Consumer,India,Maharashtra,2021-08-24,25
1407,Liam Miller,liam.miller1407@mail.com,Consumer,Germany,North Rhine-Westphalia,2021-09-21,24
1408,Sarah Rodriguez,sarah.rodriguez1408@mail.com,Consumer,uk,Wales,2022-04-23,11
1409,Richard Hughes,richard.hughes1409@mail.com,Consumer,UK,Scotland,2024-09-28,10
1410,Barbara Wilson,barbara.wilson1410@mail.com,Consumer,India,Uttar Pradesh,2022-06-18,30
1411,Karen Perez,karen.perez1411@mail.com,Consumer,U.S.A,Washington,2019-06-27,6
1412,John Perez,,Corporate,UK,England,2022-11-16,9
1413,Sophie Jackson,sophie.jackson1413@mail.com,Small Business,USA,Washington,2022-10-26,6
1414,Emma Wilson,emma.wilson1414@mail.com,Small Business,Australia,Queensland,2019-05-02,19
1415,Noah Patel,noah.patel1415@mail.com,Consumer,Germany,Berlin,2019-04-21,22
1416,Oliver Johnson,oliver.johnson1416@mail.com,Consumer,USA,Texas,2022-09-15,2
1417,Mary Brown,mary.brown1417@mail.com,Corporate,canada,Ontario,2019-04-24,13
1418,Priya Evans,priya.evans1418@mail.com,Small Business,India,Tamil Nadu,2024-10-06,28
1419,Liam Moore,liam.moore1419@mail.com,Consumer,Germany,North Rhine-Westphalia,2019-07-12,24
1420,James Brown,james.brown1420@mail.com,Consumer,India,Karnataka,2019-11-14,26
1421,Chloe Bennett,chloe.bennett1421@mail.com,Consumer,United States,Florida,2022-07-20,4
1422,Jennifer Moore,jennifer.moore1422@mail.com,Consumer,United States,California,2021-06-14,1
1423,Thomas Smith,thomas.smith1423@mail.com,Small Business,Germany,Bavaria,2023-09-07,21
1424,Jessica Miller,,Small Business,USA,Georgia,2019-12-23,7
1425,Amit Cole,amit.cole1425@mail.com,Consumer,UK,Wales,2022-10-18,11
1426,John Murphy,john.murphy1426@mail.com,Consumer,USA,Florida,2019-01-11,4
1427,Priya Martinez,priya.martinez1427@mail.com,Corporate,Canada,Alberta,2023-05-24,16
1428,Jennifer Bennett,jennifer.bennett1428@mail.com,Consumer,USA,Ohio,2022-05-09,8
1429,Chloe Murphy,chloe.murphy1429@mail.com,Consumer,Canada,Ontario,2019-03-02,13
1430,David Williams,david.williams1430@mail.com,Consumer,UK,Wales,2020-03-18,11
1431,Priya Anderson,priya.anderson1431@mail.com,Consumer,Canada,Quebec,2025-07-19,14
1432,David Williams,david.williams1432@mail.com,Corporate,USA,Washington,2023-12-27,6
1433,Susan Patel,susan.patel1433@mail.com,Consumer,USA,Florida,2021-09-09,4
1434,Noah Sharma,noah.sharma1434@mail.com,Consumer,USA,Florida,2019-08-31,4
1435,Jennifer Johnson,jennifer.johnson1435@mail.com,Consumer,UK,Wales,2024-06-16,11
1436,Joseph Sharma,joseph.sharma1436@mail.com,Corporate,India,Maharashtra,2022-09-29,25
1437,Barbara Iyer,barbara.iyer1437@mail.com,Consumer,Australia,Victoria,2025-04-25,18
1438,Amit Clarke,amit.clarke1438@mail.com,Consumer,India,Gujarat,2020-12-02,29
1439,Linda Thomas,linda.thomas1439@mail.com,Consumer,USA,Georgia,2024-05-10,7
1440,Priya Williams,priya.williams1440@mail.com,Small Business,Germany,North Rhine-Westphalia,2020-08-24,24
1441,Amit Brown,amit.brown1441@mail.com,Small Business,Germany,Berlin,2024-09-07,22
1442,James Miller,james.miller1442@mail.com,Consumer,CANADA,Ontario,2021-09-25,13
1443,Sarah Williams,sarah.williams1443@mail.com,Consumer,AUS,Queensland,2025-09-11,19
1444,John Perez,john.perez1444@mail.com,Consumer,Germany,Hesse,2024-06-20,23
1445,Linda Martin,linda.martin1445@mail.com,Consumer,Canada,Ontario,2024-01-02,13
1446,Raj Moore,raj.moore1446@mail.com,Consumer,India,Gujarat,2022-12-16,29
1447,James Smith,james.smith1447@mail.com,Small Business,IND,Gujarat,2024-07-03,29
1448,Amit Wilson,amit.wilson1448@mail.com,Small Business,Canada,Ontario,2019-05-30,13
1449,Liam Brown,liam.brown1449@mail.com,Corporate,USA,Georgia,2019-12-16,7
1450,Sophie Thomas,sophie.thomas1450@mail.com,Consumer,India,Delhi,2022-10-03,27
1451,Amit Jones,amit.jones1451@mail.com,Consumer,United Kingdom,Northern Ireland,2022-07-23,12
1452,Sarah Williams,sarah.williams1452@mail.com,Small Business,UK,Northern Ireland,2019-12-05,12
1453,Linda Taylor,linda.taylor1453@mail.com,Corporate,Germany,Berlin,2021-09-17,22
1454,Robert Iyer,robert.iyer1454@mail.com,Consumer,UK,England,2020-02-01,9
1455,Emma Brown,emma.brown1455@mail.com,Small Business,USA,New York,2025-01-08,3
1456,Patricia Wilson,patricia.wilson1456@mail.com,Small Business,USA,Texas,2025-10-14,2
1457,Susan Murphy,susan.murphy1457@mail.com,Consumer,USA,Ohio,2021-06-07,8
1458,Barbara Jones,barbara.jones1458@mail.com,Corporate,Australia,Queensland,2022-04-24,19
1459,Joseph Clarke,joseph.clarke1459@mail.com,Consumer,Canada,Ontario,2021-06-13,13
1460,Liam Clarke,liam.clarke1460@mail.com,Corporate,UK,England,2022-12-09,9
1461,Sophie Jones,sophie.jones1461@mail.com,Consumer,Australia,Queensland,2022-03-25,19
1462,Priya Patel,priya.patel1462@mail.com,Corporate,India,Gujarat,2022-11-26,29
1463,John Williams,john.williams1463@mail.com,Consumer,USA,Florida,2024-01-30,4
1464,Charles Perez,charles.perez1464@mail.com,Consumer,IND,Uttar Pradesh,2021-06-06,30
1465,James Thompson,james.thompson1465@mail.com,Corporate,Canada,Alberta,2022-11-10,16
1466,Priya Garcia,priya.garcia1466@mail.com,Consumer,India,Uttar Pradesh,2023-10-04,30
1467,Thomas Anderson,thomas.anderson1467@mail.com,Corporate,India,Maharashtra,2024-06-13,25
1468,Sunita Miller,sunita.miller1468@mail.com,Corporate,Australia,Western Australia,2023-03-06,20
1469,Priya Iyer,priya.iyer1469@mail.com,Consumer,Germany,Berlin,2019-11-29,22
1470,John Cole,john.cole1470@mail.com,Consumer,UK,Scotland,2021-11-13,10
1471,Jessica Thompson,jessica.thompson1471@mail.com,Corporate,USA,Florida,2022-07-08,4
1472,Raj Moore,raj.moore1472@mail.com,Consumer,USA,Illinois,2019-01-17,5
1473,Sophie Miller,sophie.miller1473@mail.com,Consumer,USA,California,2020-12-15,1
1474,Robert Murphy,robert.murphy1474@mail.com,Corporate,USA,Florida,2019-03-01,4
1475,Patricia Jones,patricia.jones1475@mail.com,Corporate,Canada,Ontario,2025-06-11,13
1476,Oliver Brown,oliver.brown1476@mail.com,Consumer,Germany,Hesse,2022-03-25,23
1477,Daniel Iyer,daniel.iyer1477@mail.com,Consumer,USA,Florida,2023-04-14,4
1478,Joseph Anderson,joseph.anderson1478@mail.com,Corporate,India,Karnataka,2021-10-15,26
1479,Jessica Wilson,jessica.wilson1479@mail.com,Consumer,Australia,Western Australia,2025-02-19,20
1480,Emma Jones,emma.jones1480@mail.com,Consumer,Germany,North Rhine-Westphalia,2019-02-26,24
1481,Linda Rodriguez,linda.rodriguez1481@mail.com,Small Business,India,Karnataka,2022-12-13,26
1482,Priya Williams,priya.williams1482@mail.com,Small Business,USA,Texas,2023-02-01,2
1483,Linda Lee,linda.lee1483@mail.com,Small Business,UK,Northern Ireland,2021-12-10,12
1484,Nancy Thompson,nancy.thompson1484@mail.com,Corporate,Germany,Berlin,2025-04-01,22
1485,Sunita Thompson,sunita.thompson1485@mail.com,Corporate,UK,England,2020-03-27,9
1486,Barbara Clarke,barbara.clarke1486@mail.com,Consumer,USA,Texas,2020-05-11,2
1487,Amit Smith,amit.smith1487@mail.com,Consumer,Germany,Bavaria,2021-02-05,21
1488,Sophie Bennett,sophie.bennett1488@mail.com,Corporate,UK,Northern Ireland,2023-01-09,12
1489,Raj Murphy,raj.murphy1489@mail.com,Consumer,Germany,Hesse,2023-03-19,23
1490,Barbara Miller,barbara.miller1490@mail.com,Consumer,Germany,Berlin,2019-08-08,22
1491,Charles Thompson,charles.thompson1491@mail.com,Consumer,AUS,Victoria,2022-07-19,18
1492,Charles Miller,charles.miller1492@mail.com,Consumer,USA,Illinois,2020-12-09,5
1493,Sunita Taylor,sunita.taylor1493@mail.com,Consumer,Germany,Hesse,2024-07-22,23
1494,Barbara Sharma,barbara.sharma1494@mail.com,Consumer,USA,California,2023-06-12,1
1495,Mary Evans,mary.evans1495@mail.com,Corporate,india,Gujarat,2024-06-19,29
1496,Noah Evans,noah.evans1496@mail.com,Small Business,UK,England,2019-02-20,9
1497,Linda Jackson,linda.jackson1497@mail.com,Consumer,USA,Texas,2025-01-24,2
1498,Joseph Brown,joseph.brown1498@mail.com,Consumer,Australia,Queensland,2022-11-12,19
1499,Linda Jackson,linda.jackson1499@mail.com,Corporate,Australia,Western Australia,2023-08-25,20
1500,Priya Thompson,priya.thompson1500@mail.com,Small Business,India,Maharashtra,2025-10-28,25
1501,Robert Martin,robert.martin1501@mail.com,Corporate,India,Delhi,2020-12-19,27
1502,Noah Smith,noah.smith1502@mail.com,Small Business,UK,Scotland,2019-05-04,10
1503,Susan Cole,susan.cole1503@mail.com,Consumer,USA,Illinois,2025-02-21,5
1504,Richard Jones,richard.jones1504@mail.com,Consumer,Germany,Hesse,2020-07-05,23
1505,Joseph Bennett,joseph.bennett1505@mail.com,Consumer,USA,Florida,2024-11-17,4
1506,Liam Perez,liam.perez1506@mail.com,Consumer,India,Delhi,2023-08-15,27
1507,Jessica Anderson,jessica.anderson1507@mail.com,Consumer,Germany,Hesse,2024-03-10,23
1508,Karen Patel,karen.patel1508@mail.com,Corporate,USA,Ohio,2021-02-20,8
1509,Jennifer Clarke,jennifer.clarke1509@mail.com,Consumer,UK,Northern Ireland,2020-06-08,12
1510,Sarah Clarke,sarah.clarke1510@mail.com,Small Business,India,Uttar Pradesh,2023-06-03,30
1511,Robert Smith,,Small Business,Canada,Ontario,2021-01-28,13
1512,Daniel Williams,daniel.williams1512@mail.com,Corporate,Germany,North Rhine-Westphalia,2024-03-29,24
1513,James Rodriguez,james.rodriguez1513@mail.com,Corporate,Canada,Ontario,2025-08-11,13
1514,Michael Johnson,michael.johnson1514@mail.com,Consumer,Canada,Alberta,2019-11-23,16
1515,Chloe Johnson,chloe.johnson1515@mail.com,Corporate,Australia,New South Wales,2023-12-29,17
1516,Emma Taylor,emma.taylor1516@mail.com,Corporate,Germany,Hesse,2020-06-01,23
1517,Charles Martinez,charles.martinez1517@mail.com,Consumer,Germany,Bavaria,2021-02-19,21
1518,Priya Kapoor,priya.kapoor1518@mail.com,Consumer,USA,California,2023-06-02,1
1519,Charles Clarke,charles.clarke1519@mail.com,Corporate,Germany,Bavaria,2020-08-03,21
1520,Jessica Thomas,jessica.thomas1520@mail.com,Consumer,usa,Ohio,2020-11-03,8
1521,Amit Taylor,amit.taylor1521@mail.com,Consumer,India,Karnataka,2024-05-12,26
1522,Robert Sharma,robert.sharma1522@mail.com,Small Business,India,Maharashtra,2021-07-14,25
1523,Karen Lee,karen.lee1523@mail.com,Corporate,USA,Texas,2025-02-20,2
1524,Nancy Jones,nancy.jones1524@mail.com,Small Business,Australia,Queensland,2020-04-02,19
1525,David Williams,david.williams1525@mail.com,Small Business,Canada,Quebec,2021-07-30,14
1526,Barbara Williams,barbara.williams1526@mail.com,Consumer,USA,Georgia,2019-06-06,7
1527,Charles Cole,charles.cole1527@mail.com,Consumer,Australia,Queensland,2019-09-30,19
1528,Michael Evans,michael.evans1528@mail.com,Consumer,Australia,Queensland,2021-03-03,19
1529,John Lee,john.lee1529@mail.com,Small Business,Germany,Hesse,2024-12-28,23
1530,Richard Taylor,richard.taylor1530@mail.com,Consumer,India,Delhi,2024-11-16,27
1531,Daniel Sharma,daniel.sharma1531@mail.com,Small Business,India,Maharashtra,2024-03-26,25
1532,Oliver Hughes,oliver.hughes1532@mail.com,Consumer,USA,Texas,2023-09-22,2
1533,Priya Patel,priya.patel1533@mail.com,Small Business,Australia,Queensland,2023-09-03,19
1534,Priya Williams,priya.williams1534@mail.com,Consumer,Germany,Berlin,2022-06-05,22
1535,Barbara Kapoor,barbara.kapoor1535@mail.com,Corporate,Australia,New South Wales,2022-06-30,17
1536,Jessica Iyer,jessica.iyer1536@mail.com,Consumer,USA,Florida,2021-02-19,4
1537,Sophie Davis,sophie.davis1537@mail.com,Small Business,India,Tamil Nadu,2024-11-23,28
1538,Mary Davis,mary.davis1538@mail.com,Consumer,UK,England,2025-07-08,9
1539,Robert Cole,robert.cole1539@mail.com,Consumer,Germany,North Rhine-Westphalia,2023-07-14,24
1540,Jessica Brown,jessica.brown1540@mail.com,Corporate,USA,Ohio,2024-07-22,8
1541,Thomas Thompson,thomas.thompson1541@mail.com,Small Business,Germany,North Rhine-Westphalia,2021-02-21,24
1542,Nancy Johnson,nancy.johnson1542@mail.com,Small Business,India,Tamil Nadu,2019-11-26,28
1543,Barbara Patel,barbara.patel1543@mail.com,Corporate,India,Maharashtra,2024-01-29,25
1544,Sunita Patel,sunita.patel1544@mail.com,Corporate,UK,Northern Ireland,2020-09-22,12
1545,Sunita Garcia,sunita.garcia1545@mail.com,Small Business,India,Karnataka,2020-02-27,26
1546,Patricia Smith,patricia.smith1546@mail.com,Consumer,Germany,North Rhine-Westphalia,2023-11-29,24
1547,Amit Jones,amit.jones1547@mail.com,Consumer,UK,England,2024-10-23,9
1548,Amit Smith,amit.smith1548@mail.com,Consumer,USA,Illinois,2020-02-25,5
1549,Jennifer Jackson,jennifer.jackson1549@mail.com,Small Business,Canada,Alberta,2022-10-04,16
1550,Susan Martin,susan.martin1550@mail.com,Consumer,USA,Ohio,2023-12-06,8
1551,Charles Evans,,Consumer,Canada,British Columbia,2023-02-19,15
1552,Liam Iyer,liam.iyer1552@mail.com,Consumer,USA,Texas,2024-09-02,2
1553,David Garcia,david.garcia1553@mail.com,Small Business,India,Karnataka,2023-11-09,26
1554,Susan Jones,,Consumer,India,Tamil Nadu,2024-09-28,28
1555,Sunita Clarke,sunita.clarke1555@mail.com,Corporate,UK,Wales,2023-10-09,11
1556,Sophie Rodriguez,sophie.rodriguez1556@mail.com,Consumer,Australia,Victoria,2025-01-07,18
1557,Sunita Murphy,sunita.murphy1557@mail.com,Corporate,Canada,Ontario,2019-10-09,13
1558,Patricia Clarke,patricia.clarke1558@mail.com,Consumer,USA,Ohio,2025-01-24,8
1559,Noah Smith,noah.smith1559@mail.com,Consumer,Germany,Bavaria,2025-07-31,21
1560,Richard Evans,richard.evans1560@mail.com,Corporate,Canada,Alberta,2023-04-28,16
1561,Jessica Rodriguez,jessica.rodriguez1561@mail.com,Consumer,India,Tamil Nadu,2020-09-13,28
1562,Charles Williams,charles.williams1562@mail.com,Small Business,Germany,Berlin,2021-01-15,22
1563,David Kapoor,david.kapoor1563@mail.com,Corporate,India,Uttar Pradesh,2021-09-09,30
1564,Daniel Sharma,daniel.sharma1564@mail.com,Consumer,Australia,Victoria,2019-01-27,18
1565,Robert Jackson,robert.jackson1565@mail.com,Consumer,India,Maharashtra,2025-09-05,25
1566,Thomas Martin,thomas.martin1566@mail.com,Consumer,Canada,Alberta,2021-06-11,16
1567,Susan Johnson,susan.johnson1567@mail.com,Consumer,UK,England,2022-07-25,9
1568,Sarah Bennett,sarah.bennett1568@mail.com,Consumer,USA,California,2025-01-08,1
1569,Daniel Garcia,daniel.garcia1569@mail.com,Consumer,uk,Northern Ireland,2022-06-23,12
1570,Susan Garcia,susan.garcia1570@mail.com,Consumer,India,Tamil Nadu,2025-09-22,28
1571,David Clarke,david.clarke1571@mail.com,Consumer,India,Gujarat,2019-07-03,29
1572,Patricia Murphy,patricia.murphy1572@mail.com,Corporate,India,Karnataka,2023-01-28,26
1573,Daniel Patel,daniel.patel1573@mail.com,Consumer,Australia,Western Australia,2021-11-21,20
1574,Sunita Brown,sunita.brown1574@mail.com,Corporate,Canada,Alberta,2020-05-04,16
1575,Linda Iyer,linda.iyer1575@mail.com,Small Business,IND,Uttar Pradesh,2023-06-10,30
1576,Charles Smith,charles.smith1576@mail.com,Consumer,india,Uttar Pradesh,2022-02-19,30
1577,Mary Bennett,mary.bennett1577@mail.com,Consumer,Germany,Bavaria,2024-02-24,21
1578,Sophie Smith,sophie.smith1578@mail.com,Consumer,USA,Washington,2021-03-13,6
1579,Linda Johnson,linda.johnson1579@mail.com,Corporate,Canada,Quebec,2025-10-25,14
1580,Sarah Anderson,sarah.anderson1580@mail.com,Consumer,USA,Illinois,2025-04-20,5
1581,Joseph Cole,joseph.cole1581@mail.com,Consumer,USA,Illinois,2019-05-17,5
1582,John Garcia,john.garcia1582@mail.com,Consumer,India,Delhi,2021-11-12,27
1583,Chloe Bennett,chloe.bennett1583@mail.com,Consumer,Germany,Hesse,2019-01-01,23
1584,Mary Lee,mary.lee1584@mail.com,Small Business,USA,Ohio,2024-10-10,8
1585,Emma Cole,emma.cole1585@mail.com,Corporate,Germany,Berlin,2020-02-24,22
1586,Amit Iyer,amit.iyer1586@mail.com,Consumer,UK,Wales,2019-06-19,11
1587,Priya Thomas,priya.thomas1587@mail.com,Corporate,USA,Illinois,2025-05-11,5
1588,Linda Wilson,linda.wilson1588@mail.com,Consumer,Germany,Bavaria,2019-10-25,21
1589,Linda Thomas,linda.thomas1589@mail.com,Consumer,Germany,Berlin,2021-05-22,22
1590,Chloe Iyer,chloe.iyer1590@mail.com,Consumer,CANADA,Alberta,2023-04-03,16
1591,Richard Rodriguez,richard.rodriguez1591@mail.com,Corporate,USA,Washington,2019-10-04,6
1592,Liam Williams,liam.williams1592@mail.com,Consumer,USA,Georgia,2025-10-21,7
1593,Daniel Anderson,daniel.anderson1593@mail.com,Consumer,UK,Northern Ireland,2019-05-15,12
1594,Patricia Martin,patricia.martin1594@mail.com,Consumer,Germany,Bavaria,2019-04-08,21
1595,Raj Murphy,raj.murphy1595@mail.com,Consumer,USA,Illinois,2024-06-29,5
1596,Mary Garcia,mary.garcia1596@mail.com,Consumer,India,Gujarat,2022-01-15,29
1597,Linda Evans,linda.evans1597@mail.com,Corporate,Germany,Hesse,2022-06-26,23
1598,Charles Johnson,charles.johnson1598@mail.com,Small Business,Canada,Ontario,2024-12-05,13
1599,Joseph Williams,,Consumer,USA,Washington,2024-04-29,6
1600,Noah Moore,noah.moore1600@mail.com,Consumer,USA,Texas,2025-10-08,2
1601,Sophie Martinez,sophie.martinez1601@mail.com,Consumer,India,Tamil Nadu,2025-10-03,28
1602,Oliver Bennett,oliver.bennett1602@mail.com,Corporate,Canada,Alberta,2020-09-13,16
1603,Barbara Wilson,barbara.wilson1603@mail.com,Consumer,USA,Ohio,2025-10-16,8
1604,Robert Lee,robert.lee1604@mail.com,Small Business,India,Maharashtra,2019-09-01,25
1605,Thomas Smith,thomas.smith1605@mail.com,Corporate,U.K.,England,2021-05-13,9
1606,Susan Miller,susan.miller1606@mail.com,Consumer,Germany,Hesse,2021-10-05,23
1607,Barbara Perez,barbara.perez1607@mail.com,Consumer,uk,Wales,2024-08-09,11
1608,Emma Martinez,emma.martinez1608@mail.com,Consumer,USA,Georgia,2024-08-30,7
1609,Sunita Thompson,sunita.thompson1609@mail.com,Consumer,Australia,Victoria,2021-02-08,18
1610,Linda Moore,linda.moore1610@mail.com,Consumer,USA,New York,2020-08-06,3
1611,Susan Perez,susan.perez1611@mail.com,Consumer,India,Tamil Nadu,2020-04-12,28
1612,Sarah Clarke,sarah.clarke1612@mail.com,Corporate,USA,California,2020-12-29,1
1613,Oliver Miller,oliver.miller1613@mail.com,Consumer,germany,Bavaria,2021-07-31,21
1614,Sunita Murphy,sunita.murphy1614@mail.com,Small Business,UK,Wales,2025-03-13,11
1615,Karen Clarke,karen.clarke1615@mail.com,Consumer,UK,England,2021-04-05,9
1616,Emma Davis,emma.davis1616@mail.com,Consumer,Germany,Bavaria,2025-07-11,21
1617,John Smith,john.smith1617@mail.com,Consumer,UK,Wales,2021-01-14,11
1618,Chloe Thomas,chloe.thomas1618@mail.com,Consumer,India,Gujarat,2021-03-12,29
1619,James Davis,james.davis1619@mail.com,Consumer,Australia,Queensland,2024-05-11,19
1620,Karen Anderson,karen.anderson1620@mail.com,Consumer,India,Delhi,2023-05-07,27
1621,Priya Hughes,priya.hughes1621@mail.com,Consumer,DE,Bavaria,2019-06-26,21
1622,Amit Murphy,amit.murphy1622@mail.com,Small Business,USA,Texas,2020-04-20,2
1623,James Wilson,james.wilson1623@mail.com,Small Business,Canada,Quebec,2022-09-23,14
1624,James Clarke,james.clarke1624@mail.com,Consumer,Canada,Quebec,2025-07-16,14
1625,Raj Taylor,raj.taylor1625@mail.com,Consumer,UK,Northern Ireland,2024-11-19,12
1626,Sophie Iyer,sophie.iyer1626@mail.com,Consumer,India,Karnataka,2024-11-04,26
1627,Sunita Martinez,sunita.martinez1627@mail.com,Consumer,India,Tamil Nadu,2022-07-03,28
1628,Patricia Miller,patricia.miller1628@mail.com,Corporate,USA,Georgia,2025-05-25,7
1629,Charles Davis,charles.davis1629@mail.com,Small Business,India,Delhi,2024-08-11,27
1630,Jessica Jackson,jessica.jackson1630@mail.com,Small Business,USA,Washington,2020-05-13,6
1631,Mary Jones,mary.jones1631@mail.com,Consumer,Australia,Victoria,2020-12-23,18
1632,Amit Rodriguez,amit.rodriguez1632@mail.com,Consumer,uk,Scotland,2021-09-10,10
1633,Robert Johnson,robert.johnson1633@mail.com,Consumer,USA,Texas,2020-02-04,2
1634,Chloe Davis,chloe.davis1634@mail.com,Corporate,USA,Texas,2020-02-23,2
1635,Noah Bennett,noah.bennett1635@mail.com,Consumer,Canada,Alberta,2022-06-12,16
1636,Charles Thomas,charles.thomas1636@mail.com,Corporate,USA,Illinois,2024-01-23,5
1637,Amit Murphy,amit.murphy1637@mail.com,Corporate,Germany,Hesse,2020-01-25,23
1638,Susan Moore,susan.moore1638@mail.com,Consumer,UK,England,2019-08-07,9
1639,Sunita Williams,sunita.williams1639@mail.com,Consumer,UK,Northern Ireland,2021-10-30,12
1640,Daniel Brown,daniel.brown1640@mail.com,Consumer,Germany,Berlin,2020-11-15,22
1641,Charles Jones,charles.jones1641@mail.com,Small Business,USA,Texas,2025-07-12,2
1642,Priya Hughes,priya.hughes1642@mail.com,Consumer,USA,Ohio,2019-04-18,8
1643,Joseph Williams,joseph.williams1643@mail.com,Consumer,Germany,North Rhine-Westphalia,2021-09-07,24
1644,Daniel Perez,daniel.perez1644@mail.com,Small Business,USA,Texas,2019-12-19,2
1645,Mary Thomas,mary.thomas1645@mail.com,Corporate,Australia,New South Wales,2019-09-29,17
1646,Raj Jones,raj.jones1646@mail.com,Small Business,USA,Washington,2021-08-12,6
1647,Linda Martinez,linda.martinez1647@mail.com,Corporate,USA,Texas,2021-05-06,2
1648,David Bennett,david.bennett1648@mail.com,Corporate,USA,Florida,2020-04-25,4
1649,Richard Cole,richard.cole1649@mail.com,Consumer,India,Karnataka,2025-06-03,26
1650,Emma Taylor,emma.taylor1650@mail.com,Small Business,Canada,Quebec,2025-01-27,14
1651,Amit Hughes,amit.hughes1651@mail.com,Corporate,UK,Scotland,2024-07-13,10
1652,Sunita Wilson,sunita.wilson1652@mail.com,Consumer,USA,California,2021-04-16,1
1653,Richard Moore,richard.moore1653@mail.com,Consumer,USA,Florida,2023-05-09,4
1654,David Davis,david.davis1654@mail.com,Consumer,uk,Scotland,2020-01-07,10
1655,Robert Miller,robert.miller1655@mail.com,Corporate,India,Karnataka,2024-07-28,26
1656,John Clarke,john.clarke1656@mail.com,Consumer,Canada,British Columbia,2019-11-27,15
1657,Oliver Perez,oliver.perez1657@mail.com,Consumer,India,Delhi,2020-08-16,27
1658,Patricia Jones,patricia.jones1658@mail.com,Consumer,USA,Illinois,2023-05-26,5
1659,Patricia Garcia,patricia.garcia1659@mail.com,Corporate,India,Uttar Pradesh,2023-10-07,30
1660,Thomas Moore,thomas.moore1660@mail.com,Consumer,Australia,Victoria,2024-08-21,18
1661,Richard Thomas,richard.thomas1661@mail.com,Consumer,India,Tamil Nadu,2022-03-18,28
1662,Patricia Lee,patricia.lee1662@mail.com,Small Business,USA,Georgia,2020-03-26,7
1663,Susan Clarke,susan.clarke1663@mail.com,Consumer,USA,Illinois,2025-01-18,5
1664,Michael Moore,michael.moore1664@mail.com,Consumer,Canada,Ontario,2023-09-06,13
1665,Barbara Moore,barbara.moore1665@mail.com,Consumer,USA,New York,2023-09-22,3
1666,David Bennett,david.bennett1666@mail.com,Consumer,USA,Georgia,2019-05-20,7
1667,Patricia Williams,patricia.williams1667@mail.com,Corporate,UK,England,2020-08-25,9
1668,Jennifer Evans,jennifer.evans1668@mail.com,Consumer,Germany,Berlin,2019-07-21,22
1669,Raj Martinez,raj.martinez1669@mail.com,Consumer,India,Uttar Pradesh,2021-01-14,30
1670,Liam Kapoor,liam.kapoor1670@mail.com,Consumer,Canada,British Columbia,2025-03-27,15
1671,Amit Thompson,amit.thompson1671@mail.com,Consumer,Australia,Western Australia,2022-04-24,20
1672,Mary Miller,mary.miller1672@mail.com,Consumer,canada,Ontario,2021-02-08,13
1673,Liam Bennett,liam.bennett1673@mail.com,Small Business,USA,Illinois,2020-02-09,5
1674,Richard Jones,richard.jones1674@mail.com,Small Business,USA,Georgia,2020-05-29,7
1675,Robert Kapoor,robert.kapoor1675@mail.com,Corporate,USA,Florida,2022-09-28,4
1676,Linda Anderson,linda.anderson1676@mail.com,Small Business,Australia,Western Australia,2022-10-16,20
1677,Joseph Martin,joseph.martin1677@mail.com,Consumer,Canada,British Columbia,2020-05-03,15
1678,Mary Patel,mary.patel1678@mail.com,Consumer,UK,Northern Ireland,2025-04-10,12
1679,Barbara Rodriguez,barbara.rodriguez1679@mail.com,Consumer,Australia,Western Australia,2021-07-19,20
1680,Liam Garcia,liam.garcia1680@mail.com,Corporate,USA,Florida,2021-04-27,4
1681,James Taylor,james.taylor1681@mail.com,Small Business,U.S.A,Ohio,2024-01-19,8
1682,Sophie Moore,sophie.moore1682@mail.com,Corporate,United Kingdom,Northern Ireland,2025-01-11,12
1683,Karen Iyer,karen.iyer1683@mail.com,Consumer,USA,Ohio,2020-10-04,8
1684,Karen Davis,karen.davis1684@mail.com,Consumer,USA,New York,2020-07-21,3
1685,Patricia Moore,patricia.moore1685@mail.com,Corporate,Canada,Quebec,2025-04-17,14
1686,Patricia Evans,patricia.evans1686@mail.com,Consumer,Germany,Hesse,2021-05-05,23
1687,Emma Jones,emma.jones1687@mail.com,Small Business,USA,New York,2022-01-17,3
1688,Patricia Smith,patricia.smith1688@mail.com,Consumer,Canada,Alberta,2021-05-29,16
1689,Mary Hughes,mary.hughes1689@mail.com,Small Business,Australia,Queensland,2022-11-23,19
1690,Oliver Davis,oliver.davis1690@mail.com,Corporate,USA,Georgia,2024-07-22,7
1691,John Miller,john.miller1691@mail.com,Consumer,India,Maharashtra,2021-12-20,25
1692,Liam Taylor,liam.taylor1692@mail.com,Small Business,Australia,Queensland,2021-06-27,19
1693,Susan Patel,susan.patel1693@mail.com,Corporate,India,Maharashtra,2025-06-10,25
1694,Priya Sharma,priya.sharma1694@mail.com,Corporate,Germany,Bavaria,2024-01-29,21
1695,Robert Perez,robert.perez1695@mail.com,Small Business,Germany,Bavaria,2024-10-13,21
1696,Daniel Rodriguez,daniel.rodriguez1696@mail.com,Consumer,USA,Ohio,2019-05-09,8
1697,Chloe Hughes,chloe.hughes1697@mail.com,Consumer,U.S.A,Illinois,2023-08-12,5
1698,Robert Smith,robert.smith1698@mail.com,Consumer,Australia,Victoria,2024-02-16,18
1699,Robert Miller,robert.miller1699@mail.com,Consumer,Australia,Western Australia,2023-05-06,20
1700,Noah Sharma,noah.sharma1700@mail.com,Consumer,USA,Texas,2024-02-17,2
1701,Thomas Evans,thomas.evans1701@mail.com,Consumer,Germany,Hesse,2020-05-25,23
1702,John Williams,john.williams1702@mail.com,Consumer,USA,Texas,2024-02-15,2
1703,Noah Bennett,noah.bennett1703@mail.com,Consumer,USA,Georgia,2020-06-24,7
1704,Liam Evans,liam.evans1704@mail.com,Small Business,Canada,Ontario,2023-11-23,13
1705,Richard Brown,richard.brown1705@mail.com,Small Business,UK,Northern Ireland,2021-12-03,12
1706,Mary Moore,mary.moore1706@mail.com,Consumer,Australia,Victoria,2025-02-22,18
1707,Mary Garcia,mary.garcia1707@mail.com,Consumer,UK,England,2023-11-04,9
1708,Chloe Perez,chloe.perez1708@mail.com,Consumer,USA,California,2022-01-21,1
1709,Jessica Hughes,jessica.hughes1709@mail.com,Consumer,UK,Wales,2020-05-29,11
1710,Sunita Taylor,sunita.taylor1710@mail.com,Consumer,India,Delhi,2019-04-09,27
1711,Sarah Smith,sarah.smith1711@mail.com,Small Business,Australia,Queensland,2020-08-28,19
1712,Joseph Patel,joseph.patel1712@mail.com,Corporate,DE,Berlin,2024-09-28,22
1713,Jessica Garcia,jessica.garcia1713@mail.com,Corporate,India,Uttar Pradesh,2020-01-18,30
1714,Susan Miller,susan.miller1714@mail.com,Corporate,India,Gujarat,2023-02-09,29
1715,Chloe Garcia,chloe.garcia1715@mail.com,Corporate,Germany,Bavaria,2024-04-08,21
1716,David Rodriguez,david.rodriguez1716@mail.com,Small Business,USA,Florida,2022-12-04,4
1717,Thomas Murphy,thomas.murphy1717@mail.com,Consumer,Australia,Queensland,2023-06-10,19
1718,John Johnson,john.johnson1718@mail.com,Consumer,Germany,Berlin,2025-02-21,22
1719,Nancy Thompson,nancy.thompson1719@mail.com,Consumer,UK,England,2021-03-30,9
1720,Nancy Davis,nancy.davis1720@mail.com,Small Business,UK,Scotland,2023-02-02,10
1721,Priya Martinez,priya.martinez1721@mail.com,Consumer,Canada,Quebec,2022-03-29,14
1722,Sarah Thomas,sarah.thomas1722@mail.com,Small Business,U.S.A,Ohio,2021-04-30,8
1723,Noah Lee,noah.lee1723@mail.com,Small Business,USA,Texas,2019-08-09,2
1724,Sarah Johnson,sarah.johnson1724@mail.com,Corporate,India,Tamil Nadu,2024-10-19,28
1725,Robert Rodriguez,robert.rodriguez1725@mail.com,Consumer,USA,Illinois,2021-12-11,5
1726,Joseph Jones,joseph.jones1726@mail.com,Consumer,United States,Ohio,2023-11-02,8
1727,Jessica Miller,jessica.miller1727@mail.com,Consumer,India,Uttar Pradesh,2023-05-08,30
1728,Priya Murphy,priya.murphy1728@mail.com,Consumer,Germany,North Rhine-Westphalia,2020-06-13,24
1729,Emma Martin,emma.martin1729@mail.com,Consumer,UK,England,2021-03-16,9
1730,Linda Sharma,linda.sharma1730@mail.com,Corporate,Canada,Ontario,2024-11-14,13
1731,Emma Lee,emma.lee1731@mail.com,Corporate,Germany,Hesse,2021-12-24,23
1732,Emma Smith,,Small Business,USA,Texas,2023-12-04,2
1733,Joseph Evans,joseph.evans1733@mail.com,Small Business,Canada,Alberta,2022-08-11,16
1734,Amit Anderson,amit.anderson1734@mail.com,Consumer,USA,Washington,2019-05-13,6
1735,Sarah Lee,sarah.lee1735@mail.com,Corporate,USA,Ohio,2019-10-31,8
1736,Emma Jackson,emma.jackson1736@mail.com,Consumer,Germany,Berlin,2022-08-24,22
1737,Susan Cole,susan.cole1737@mail.com,Corporate,Canada,Ontario,2023-02-10,13
1738,Daniel Martin,daniel.martin1738@mail.com,Consumer,USA,California,2021-08-07,1
1739,Richard Taylor,richard.taylor1739@mail.com,Corporate,Canada,Alberta,2025-08-21,16
1740,David Garcia,david.garcia1740@mail.com,Corporate,Canada,British Columbia,2025-04-25,15
1741,James Wilson,james.wilson1741@mail.com,Corporate,Canada,Ontario,2023-01-19,13
1742,Nancy Davis,nancy.davis1742@mail.com,Consumer,Canada,Ontario,2023-07-25,13
1743,James Murphy,james.murphy1743@mail.com,Corporate,Australia,New South Wales,2023-02-15,17
1744,Emma Clarke,emma.clarke1744@mail.com,Consumer,Australia,Queensland,2022-08-14,19
1745,David Johnson,david.johnson1745@mail.com,Consumer,DE,Hesse,2022-07-22,23
1746,Emma Jackson,emma.jackson1746@mail.com,Consumer,Germany,Hesse,2024-07-05,23
1747,Charles Anderson,,Consumer,UK,Wales,2019-08-01,11
1748,Oliver Perez,oliver.perez1748@mail.com,Consumer,Canada,Ontario,2023-07-04,13
1749,Linda Garcia,linda.garcia1749@mail.com,Consumer,India,Tamil Nadu,2020-11-22,28
1750,Patricia Davis,patricia.davis1750@mail.com,Corporate,UK,Wales,2021-05-17,11
1751,Raj Davis,raj.davis1751@mail.com,Small Business,U.S.A,Ohio,2025-04-25,8
1752,David Lee,david.lee1752@mail.com,Consumer,Germany,Hesse,2021-03-30,23
1753,Liam Evans,liam.evans1753@mail.com,Corporate,Canada,Quebec,2019-04-02,14
1754,Chloe Iyer,chloe.iyer1754@mail.com,Consumer,Australia,Victoria,2021-04-20,18
1755,Mary Clarke,mary.clarke1755@mail.com,Small Business,USA,Florida,2019-01-31,4
1756,Linda Perez,linda.perez1756@mail.com,Corporate,Australia,New South Wales,2024-01-26,17
1757,Sophie Evans,sophie.evans1757@mail.com,Consumer,USA,Ohio,2019-08-02,8
1758,Joseph Anderson,joseph.anderson1758@mail.com,Small Business,UK,Scotland,2022-07-19,10
1759,Chloe Hughes,chloe.hughes1759@mail.com,Corporate,USA,New York,2020-08-14,3
1760,Sophie Garcia,sophie.garcia1760@mail.com,Consumer,India,Gujarat,2021-12-08,29
1761,Jennifer Davis,jennifer.davis1761@mail.com,Consumer,USA,New York,2019-09-23,3
1762,Daniel Wilson,daniel.wilson1762@mail.com,Small Business,Australia,Victoria,2020-08-22,18
1763,Emma Iyer,emma.iyer1763@mail.com,Consumer,USA,Washington,2022-06-16,6
1764,Amit Anderson,amit.anderson1764@mail.com,Corporate,USA,Washington,2019-06-04,6
1765,Chloe Perez,chloe.perez1765@mail.com,Corporate,India,Delhi,2019-10-26,27
1766,James Kapoor,james.kapoor1766@mail.com,Consumer,India,Tamil Nadu,2019-05-12,28
1767,Amit Anderson,amit.anderson1767@mail.com,Small Business,USA,New York,2019-10-22,3
1768,Daniel Perez,daniel.perez1768@mail.com,Consumer,United Kingdom,Scotland,2021-12-30,10
1769,John Perez,john.perez1769@mail.com,Small Business,Australia,Queensland,2020-10-18,19
1770,Michael Hughes,michael.hughes1770@mail.com,Consumer,Australia,New South Wales,2019-04-10,17
1771,Emma Murphy,emma.murphy1771@mail.com,Consumer,U.S.A,Florida,2022-12-15,4
1772,Sarah Lee,sarah.lee1772@mail.com,Corporate,australia,Western Australia,2021-04-11,20
1773,Barbara Garcia,barbara.garcia1773@mail.com,Consumer,USA,Ohio,2019-09-24,8
1774,Sarah Johnson,sarah.johnson1774@mail.com,Consumer,UK,Scotland,2019-09-06,10
1775,Robert Johnson,robert.johnson1775@mail.com,Corporate,Germany,North Rhine-Westphalia,2025-08-12,24
1776,Linda Thompson,linda.thompson1776@mail.com,Small Business,India,Tamil Nadu,2024-12-02,28
1777,Linda Smith,linda.smith1777@mail.com,Corporate,India,Tamil Nadu,2023-10-19,28
1778,Charles Jackson,charles.jackson1778@mail.com,Consumer,Germany,Bavaria,2023-04-26,21
1779,James Wilson,james.wilson1779@mail.com,Consumer,Australia,Western Australia,2022-04-20,20
1780,Chloe Thompson,chloe.thompson1780@mail.com,Corporate,USA,Washington,2020-12-05,6
1781,Michael Evans,michael.evans1781@mail.com,Consumer,India,Uttar Pradesh,2025-04-30,30
1782,John Wilson,john.wilson1782@mail.com,Consumer,USA,Georgia,2022-04-29,7
1783,Amit Garcia,amit.garcia1783@mail.com,Small Business,Australia,Queensland,2023-03-06,19
1784,Chloe Evans,chloe.evans1784@mail.com,Consumer,IND,Maharashtra,2020-09-16,25
1785,Sophie Bennett,sophie.bennett1785@mail.com,Consumer,USA,Texas,2024-10-31,2
1786,Richard Johnson,richard.johnson1786@mail.com,Corporate,USA,New York,2022-07-10,3
1787,James Jones,james.jones1787@mail.com,Consumer,Germany,Bavaria,2019-02-10,21
1788,Daniel Kapoor,daniel.kapoor1788@mail.com,Small Business,Canada,Quebec,2021-07-31,14
1789,Chloe Jones,chloe.jones1789@mail.com,Corporate,USA,New York,2019-07-19,3
1790,Oliver Brown,oliver.brown1790@mail.com,Corporate,USA,Illinois,2025-05-20,5
1791,Sophie Martin,,Corporate,Canada,British Columbia,2019-11-12,15
1792,Sophie Anderson,sophie.anderson1792@mail.com,Corporate,Canada,Quebec,2024-03-30,14
1793,Robert Anderson,robert.anderson1793@mail.com,Consumer,UK,England,2025-01-08,9
1794,Amit Patel,amit.patel1794@mail.com,Corporate,India,Maharashtra,2025-02-26,25
1795,Joseph Perez,joseph.perez1795@mail.com,Corporate,USA,California,2019-11-25,1
1796,Patricia Wilson,patricia.wilson1796@mail.com,Consumer,USA,Ohio,2020-05-19,8
1797,Barbara Wilson,barbara.wilson1797@mail.com,Small Business,USA,New York,2024-03-16,3
1798,John Garcia,john.garcia1798@mail.com,Corporate,Australia,Victoria,2021-01-22,18
1799,Sunita Thomas,sunita.thomas1799@mail.com,Consumer,Canada,British Columbia,2024-03-06,15
1800,Emma Sharma,emma.sharma1800@mail.com,Consumer,Canada,Alberta,2020-07-18,16
1801,Sarah Sharma,sarah.sharma1801@mail.com,Corporate,Canada,Alberta,2019-04-11,16
1802,Richard Garcia,richard.garcia1802@mail.com,Consumer,USA,Texas,2022-03-17,2
1803,Amit Lee,amit.lee1803@mail.com,Consumer,Australia,Western Australia,2025-09-27,20
1804,Amit Murphy,amit.murphy1804@mail.com,Consumer,USA,Washington,2019-11-22,6
1805,Chloe Thompson,chloe.thompson1805@mail.com,Consumer,USA,New York,2024-04-06,3
1806,Emma Anderson,emma.anderson1806@mail.com,Consumer,IND,Delhi,2022-11-14,27
1807,Linda Patel,linda.patel1807@mail.com,Consumer,India,Karnataka,2019-03-28,26
1808,Daniel Hughes,daniel.hughes1808@mail.com,Consumer,Australia,Western Australia,2024-08-03,20
1809,Jennifer Taylor,jennifer.taylor1809@mail.com,Small Business,USA,Texas,2019-08-05,2
1810,Barbara Iyer,barbara.iyer1810@mail.com,Consumer,India,Delhi,2025-04-02,27
1811,Amit Martinez,amit.martinez1811@mail.com,Consumer,USA,New York,2024-09-04,3
1812,John Garcia,john.garcia1812@mail.com,Consumer,USA,Georgia,2025-05-27,7
1813,Sunita Smith,sunita.smith1813@mail.com,Corporate,UK,Scotland,2025-06-11,10
1814,Amit Perez,amit.perez1814@mail.com,Corporate,USA,Illinois,2021-06-27,5
1815,Joseph Bennett,joseph.bennett1815@mail.com,Small Business,Canada,Ontario,2020-11-19,13
1816,Oliver Perez,oliver.perez1816@mail.com,Consumer,India,Delhi,2023-10-19,27
1817,Mary Garcia,mary.garcia1817@mail.com,Corporate,Canada,Quebec,2025-05-12,14
1818,Nancy Wilson,nancy.wilson1818@mail.com,Consumer,USA,New York,2024-06-17,3
1819,Chloe Evans,chloe.evans1819@mail.com,Corporate,Australia,New South Wales,2019-06-09,17
1820,Nancy Davis,nancy.davis1820@mail.com,Consumer,Canada,Ontario,2020-12-07,13
1821,Priya Perez,priya.perez1821@mail.com,Consumer,Australia,Victoria,2025-09-23,18
1822,Patricia Cole,patricia.cole1822@mail.com,Corporate,USA,Georgia,2023-11-30,7
1823,Sarah Jones,sarah.jones1823@mail.com,Small Business,Germany,Hesse,2021-08-01,23
1824,Richard Iyer,richard.iyer1824@mail.com,Small Business,USA,Washington,2021-12-22,6
1825,Robert Davis,robert.davis1825@mail.com,Small Business,Australia,New South Wales,2020-03-27,17
1826,Susan Wilson,susan.wilson1826@mail.com,Small Business,U.S.A,California,2020-06-30,1
1827,Jennifer Sharma,jennifer.sharma1827@mail.com,Consumer,USA,Georgia,2024-03-05,7
1828,Noah Williams,noah.williams1828@mail.com,Consumer,Australia,Queensland,2023-03-01,19
1829,Liam Kapoor,liam.kapoor1829@mail.com,Consumer,UK,England,2024-01-30,9
1830,Raj Sharma,raj.sharma1830@mail.com,Consumer,U.K.,Wales,2019-05-27,11
1831,Sunita Murphy,sunita.murphy1831@mail.com,Consumer,India,Uttar Pradesh,2022-03-31,30
1832,Richard Moore,richard.moore1832@mail.com,Consumer,Germany,Bavaria,2021-06-05,21
1833,James Rodriguez,james.rodriguez1833@mail.com,Consumer,UK,Scotland,2019-05-24,10
1834,Michael Davis,michael.davis1834@mail.com,Corporate,Canada,British Columbia,2025-01-19,15
1835,Amit Williams,amit.williams1835@mail.com,Consumer,USA,Georgia,2023-02-03,7
1836,Susan Rodriguez,susan.rodriguez1836@mail.com,Corporate,USA,Illinois,2021-11-14,5
1837,Emma Brown,emma.brown1837@mail.com,Corporate,India,Maharashtra,2021-10-23,25
1838,Sunita Smith,sunita.smith1838@mail.com,Consumer,Canada,Quebec,2019-01-19,14
1839,Mary Taylor,mary.taylor1839@mail.com,Corporate,Germany,Hesse,2023-07-12,23
1840,Thomas Iyer,thomas.iyer1840@mail.com,Consumer,UK,Northern Ireland,2021-07-09,12
1841,Jessica Garcia,jessica.garcia1841@mail.com,Small Business,India,Delhi,2021-11-17,27
1842,Noah Thomas,noah.thomas1842@mail.com,Consumer,USA,Ohio,2025-03-24,8
1843,Sarah Murphy,sarah.murphy1843@mail.com,Corporate,India,Gujarat,2022-12-26,29
1844,Joseph Anderson,joseph.anderson1844@mail.com,Corporate,USA,New York,2024-11-30,3
1845,Karen Taylor,karen.taylor1845@mail.com,Consumer,USA,Washington,2022-04-02,6
1846,Patricia Hughes,patricia.hughes1846@mail.com,Consumer,USA,Washington,2025-08-13,6
1847,Sarah Evans,sarah.evans1847@mail.com,Corporate,Australia,Western Australia,2019-07-28,20
1848,Sophie Perez,sophie.perez1848@mail.com,Small Business,USA,Florida,2022-04-16,4
1849,Priya Clarke,priya.clarke1849@mail.com,Consumer,USA,Texas,2022-10-06,2
1850,Raj Davis,raj.davis1850@mail.com,Consumer,Canada,Ontario,2025-01-03,13
1851,Jennifer Moore,jennifer.moore1851@mail.com,Consumer,Germany,Hesse,2024-08-28,23
1852,Robert Evans,robert.evans1852@mail.com,Corporate,Canada,British Columbia,2019-05-17,15
1853,Sophie Johnson,sophie.johnson1853@mail.com,Small Business,USA,New York,2022-07-05,3
1854,Barbara Smith,barbara.smith1854@mail.com,Consumer,UK,England,2022-03-19,9
1855,Richard Rodriguez,richard.rodriguez1855@mail.com,Small Business,USA,Texas,2021-02-01,2
1856,Patricia Williams,patricia.williams1856@mail.com,Consumer,USA,Texas,2019-11-19,2
1857,Richard Garcia,richard.garcia1857@mail.com,Consumer,UK,Northern Ireland,2024-05-04,12
1858,Noah Taylor,noah.taylor1858@mail.com,Consumer,Australia,Victoria,2020-07-22,18
1859,Jennifer Iyer,jennifer.iyer1859@mail.com,Consumer,India,Delhi,2021-04-11,27
1860,Robert Lee,robert.lee1860@mail.com,Small Business,UK,Scotland,2021-05-07,10
1861,Noah Williams,noah.williams1861@mail.com,Small Business,Canada,British Columbia,2022-04-28,15
1862,Richard Thompson,richard.thompson1862@mail.com,Consumer,USA,Georgia,2025-02-05,7
1863,Nancy Murphy,nancy.murphy1863@mail.com,Consumer,Canada,British Columbia,2023-11-10,15
1864,Sarah Kapoor,sarah.kapoor1864@mail.com,Small Business,India,Gujarat,2019-05-06,29
1865,James Thomas,james.thomas1865@mail.com,Consumer,USA,Illinois,2023-12-07,5
1866,Priya Garcia,priya.garcia1866@mail.com,Consumer,Germany,North Rhine-Westphalia,2020-04-05,24
1867,Nancy Murphy,nancy.murphy1867@mail.com,Consumer,USA,Illinois,2019-02-24,5
1868,Jessica Garcia,jessica.garcia1868@mail.com,Corporate,Canada,Alberta,2019-12-03,16
1869,Mary Brown,mary.brown1869@mail.com,Consumer,Australia,New South Wales,2023-02-23,17
1870,Richard Miller,richard.miller1870@mail.com,Consumer,India,Gujarat,2019-03-09,29
1871,Michael Thomas,michael.thomas1871@mail.com,Corporate,USA,Illinois,2019-01-27,5
1872,Amit Lee,amit.lee1872@mail.com,Corporate,India,Delhi,2025-02-11,27
1873,Sunita Cole,sunita.cole1873@mail.com,Consumer,India,Delhi,2022-08-31,27
1874,Sunita Lee,sunita.lee1874@mail.com,Consumer,Australia,Western Australia,2021-08-31,20
1875,David Patel,david.patel1875@mail.com,Small Business,USA,Florida,2025-02-12,4
1876,Barbara Martinez,barbara.martinez1876@mail.com,Consumer,India,Karnataka,2023-03-18,26
1877,Linda Brown,linda.brown1877@mail.com,Small Business,USA,California,2025-08-02,1
1878,Mary Taylor,mary.taylor1878@mail.com,Consumer,United Kingdom,Scotland,2022-02-06,10
1879,Daniel Lee,daniel.lee1879@mail.com,Consumer,Australia,Queensland,2025-07-25,19
1880,Liam Jackson,liam.jackson1880@mail.com,Consumer,Canada,Alberta,2022-12-20,16
1881,John Johnson,john.johnson1881@mail.com,Consumer,USA,Florida,2020-11-28,4
1882,Susan Smith,susan.smith1882@mail.com,Consumer,India,Uttar Pradesh,2025-11-01,30
1883,Jessica Williams,jessica.williams1883@mail.com,Consumer,UK,Northern Ireland,2022-12-17,12
1884,Barbara Hughes,barbara.hughes1884@mail.com,Consumer,USA,Washington,2020-01-22,6
1885,Raj Sharma,raj.sharma1885@mail.com,Consumer,UK,Wales,2022-06-30,11
1886,Nancy Jackson,nancy.jackson1886@mail.com,Consumer,USA,California,2021-03-02,1
1887,Michael Brown,michael.brown1887@mail.com,Consumer,India,Delhi,2021-01-28,27
1888,James Miller,james.miller1888@mail.com,Small Business,Germany,Bavaria,2025-06-19,21
1889,Jennifer Sharma,jennifer.sharma1889@mail.com,Consumer,UK,Northern Ireland,2022-11-28,12
1890,Barbara Williams,barbara.williams1890@mail.com,Small Business,India,Delhi,2019-01-16,27
1891,Sarah Bennett,sarah.bennett1891@mail.com,Small Business,Germany,Bavaria,2025-06-28,21
1892,Patricia Martinez,patricia.martinez1892@mail.com,Consumer,UK,Northern Ireland,2020-02-08,12
1893,Emma Taylor,emma.taylor1893@mail.com,Small Business,USA,Washington,2022-09-05,6
1894,Sarah Jackson,sarah.jackson1894@mail.com,Consumer,USA,Florida,2020-10-06,4
1895,Noah Patel,noah.patel1895@mail.com,Consumer,India,Delhi,2023-09-29,27
1896,David Williams,david.williams1896@mail.com,Corporate,Germany,Hesse,2025-10-24,23
1897,Priya Lee,priya.lee1897@mail.com,Consumer,Germany,Berlin,2022-09-07,22
1898,Joseph Garcia,joseph.garcia1898@mail.com,Consumer,USA,California,2021-10-11,1
1899,Susan Murphy,susan.murphy1899@mail.com,Consumer,Germany,Hesse,2025-09-09,23
1900,Joseph Anderson,joseph.anderson1900@mail.com,Small Business,canada,British Columbia,2022-05-30,15
1901,Jennifer Moore,jennifer.moore1901@mail.com,Corporate,USA,Florida,2020-07-22,4
1902,Mary Rodriguez,mary.rodriguez1902@mail.com,Consumer,australia,Queensland,2023-10-04,19
1903,Thomas Moore,thomas.moore1903@mail.com,Consumer,UK,Wales,2025-10-11,11
1904,David Davis,david.davis1904@mail.com,Corporate,Germany,Berlin,2021-07-16,22
1905,Liam Rodriguez,liam.rodriguez1905@mail.com,Corporate,Australia,Western Australia,2020-03-02,20
1906,Daniel Johnson,daniel.johnson1906@mail.com,Consumer,Canada,Ontario,2021-05-17,13
1907,John Clarke,john.clarke1907@mail.com,Consumer,USA,Ohio,2024-05-08,8
1908,Amit Patel,amit.patel1908@mail.com,Consumer,Australia,New South Wales,2024-06-08,17
1909,Patricia Williams,patricia.williams1909@mail.com,Corporate,USA,New York,2021-05-05,3
1910,Raj Anderson,,Small Business,India,Delhi,2020-08-18,27
1911,Emma Lee,emma.lee1911@mail.com,Consumer,USA,Texas,2022-06-15,2
1912,Jessica Clarke,jessica.clarke1912@mail.com,Consumer,Germany,North Rhine-Westphalia,2019-01-23,24
1913,Daniel Davis,daniel.davis1913@mail.com,Corporate,Australia,Victoria,2022-07-01,18
1914,Karen Johnson,karen.johnson1914@mail.com,Consumer,Canada,Quebec,2025-08-14,14
1915,Liam Taylor,liam.taylor1915@mail.com,Corporate,UK,Wales,2024-11-28,11
1916,Liam Martin,liam.martin1916@mail.com,Consumer,UK,Scotland,2022-11-24,10
1917,Jessica Lee,jessica.lee1917@mail.com,Small Business,India,Karnataka,2022-12-28,26
1918,Raj Bennett,raj.bennett1918@mail.com,Corporate,USA,Georgia,2021-07-19,7
1919,Chloe Jackson,chloe.jackson1919@mail.com,Consumer,India,Gujarat,2022-02-18,29
1920,Daniel Murphy,daniel.murphy1920@mail.com,Consumer,Australia,Western Australia,2024-12-07,20
1921,Linda Jackson,linda.jackson1921@mail.com,Consumer,Germany,Bavaria,2025-08-13,21
1922,Barbara Williams,barbara.williams1922@mail.com,Small Business,Canada,British Columbia,2020-09-11,15
1923,Joseph Murphy,joseph.murphy1923@mail.com,Consumer,Germany,North Rhine-Westphalia,2025-02-16,24
1924,Sophie Kapoor,sophie.kapoor1924@mail.com,Small Business,Canada,Quebec,2022-01-13,14
1925,Mary Martin,mary.martin1925@mail.com,Consumer,Germany,Hesse,2022-08-08,23
1926,Daniel Murphy,daniel.murphy1926@mail.com,Corporate,Australia,New South Wales,2020-11-14,17
1927,Charles Evans,charles.evans1927@mail.com,Corporate,Germany,Hesse,2019-05-10,23
1928,Daniel Patel,daniel.patel1928@mail.com,Consumer,UK,England,2021-08-23,9
1929,Nancy Jones,nancy.jones1929@mail.com,Consumer,India,Delhi,2021-02-28,27
1930,Patricia Clarke,patricia.clarke1930@mail.com,Consumer,U.K.,Northern Ireland,2021-03-12,12
1931,Thomas Garcia,thomas.garcia1931@mail.com,Consumer,Australia,Western Australia,2021-02-12,20
1932,Jennifer Miller,jennifer.miller1932@mail.com,Small Business,USA,Florida,2021-10-24,4
1933,Emma Miller,emma.miller1933@mail.com,Consumer,Germany,Hesse,2022-12-12,23
1934,John Johnson,john.johnson1934@mail.com,Small Business,USA,Washington,2020-08-27,6
1935,Jessica Williams,jessica.williams1935@mail.com,Corporate,USA,Washington,2023-11-25,6
1936,Raj Thomas,raj.thomas1936@mail.com,Corporate,Canada,British Columbia,2019-08-10,15
1937,Michael Hughes,michael.hughes1937@mail.com,Corporate,Canada,Quebec,2019-06-10,14
1938,Priya Jones,priya.jones1938@mail.com,Corporate,Canada,Quebec,2024-01-23,14
1939,Liam Thompson,liam.thompson1939@mail.com,Consumer,India,Delhi,2024-10-05,27
1940,David Wilson,david.wilson1940@mail.com,Consumer,India,Uttar Pradesh,2024-10-10,30
1941,Chloe Iyer,chloe.iyer1941@mail.com,Consumer,Canada,British Columbia,2020-06-27,15
1942,Chloe Evans,chloe.evans1942@mail.com,Consumer,Germany,Hesse,2025-07-11,23
1943,Robert Williams,robert.williams1943@mail.com,Consumer,USA,Ohio,2020-05-12,8
1944,Joseph Lee,joseph.lee1944@mail.com,Consumer,Germany,Berlin,2023-03-31,22
1945,Joseph Lee,joseph.lee1945@mail.com,Consumer,Canada,Ontario,2019-11-11,13
1946,Richard Bennett,richard.bennett1946@mail.com,Consumer,Canada,Alberta,2020-08-19,16
1947,David Martin,david.martin1947@mail.com,Consumer,Australia,Queensland,2021-10-24,19
1948,Thomas Cole,thomas.cole1948@mail.com,Corporate,UK,Wales,2020-06-27,11
1949,Sophie Smith,sophie.smith1949@mail.com,Consumer,Canada,Alberta,2021-09-04,16
1950,Emma Kapoor,emma.kapoor1950@mail.com,Small Business,USA,Illinois,2025-07-14,5
1951,Nancy Perez,nancy.perez1951@mail.com,Small Business,USA,Washington,2020-08-27,6
1952,Charles Evans,charles.evans1952@mail.com,Consumer,USA,Ohio,2021-03-03,8
1953,Jessica Brown,,Consumer,Australia,Queensland,2022-06-18,19
1954,Jessica Jones,jessica.jones1954@mail.com,Corporate,USA,California,2024-11-15,1
1955,John Perez,john.perez1955@mail.com,Small Business,USA,Florida,2021-06-18,4
1956,Daniel Perez,daniel.perez1956@mail.com,Corporate,Australia,New South Wales,2021-02-21,17
1957,Oliver Brown,oliver.brown1957@mail.com,Consumer,USA,Washington,2023-10-20,6
1958,Chloe Brown,chloe.brown1958@mail.com,Consumer,India,Gujarat,2021-10-19,29
1959,Daniel Clarke,daniel.clarke1959@mail.com,Consumer,Germany,Hesse,2023-09-30,23
1960,Patricia Evans,patricia.evans1960@mail.com,Corporate,India,Uttar Pradesh,2021-01-30,30
1961,Barbara Bennett,barbara.bennett1961@mail.com,Small Business,India,Maharashtra,2021-01-04,25
1962,Karen Murphy,karen.murphy1962@mail.com,Consumer,India,Delhi,2023-12-23,27
1963,Susan Murphy,susan.murphy1963@mail.com,Corporate,India,Karnataka,2025-10-04,26
1964,Jessica Rodriguez,jessica.rodriguez1964@mail.com,Consumer,Germany,Bavaria,2023-07-14,21
1965,Joseph Sharma,,Corporate,India,Maharashtra,2025-04-06,25
1966,Sarah Perez,sarah.perez1966@mail.com,Consumer,India,Maharashtra,2024-02-23,25
1967,Nancy Jackson,nancy.jackson1967@mail.com,Corporate,USA,Texas,2020-11-17,2
1968,Mary Garcia,mary.garcia1968@mail.com,Consumer,UK,Scotland,2021-04-14,10
1969,David Taylor,david.taylor1969@mail.com,Corporate,USA,New York,2025-01-31,3
1970,John Thompson,john.thompson1970@mail.com,Corporate,India,Karnataka,2023-04-29,26
1971,Nancy Patel,nancy.patel1971@mail.com,Consumer,Canada,Ontario,2019-05-08,13
1972,Amit Taylor,amit.taylor1972@mail.com,Consumer,Germany,Hesse,2022-05-15,23
1973,Mary Taylor,mary.taylor1973@mail.com,Consumer,United States,Illinois,2020-03-30,5
1974,Noah Murphy,noah.murphy1974@mail.com,Consumer,Canada,Alberta,2021-03-18,16
1975,Richard Kapoor,richard.kapoor1975@mail.com,Consumer,Canada,British Columbia,2022-03-05,15
1976,Linda Johnson,linda.johnson1976@mail.com,Consumer,Canada,British Columbia,2025-05-08,15
1977,Sunita Jackson,sunita.jackson1977@mail.com,Small Business,Australia,New South Wales,2023-11-05,17
1978,Chloe Rodriguez,chloe.rodriguez1978@mail.com,Consumer,USA,Ohio,2024-04-23,8
1979,Noah Anderson,noah.anderson1979@mail.com,Small Business,UK,Scotland,2024-04-03,10
1980,James Wilson,james.wilson1980@mail.com,Consumer,U.S.A,New York,2023-05-29,3
1981,Liam Evans,liam.evans1981@mail.com,Small Business,Australia,New South Wales,2022-12-14,17
1982,Barbara Martinez,barbara.martinez1982@mail.com,Corporate,Australia,Queensland,2022-02-19,19
1983,David Hughes,david.hughes1983@mail.com,Consumer,CANADA,Alberta,2019-03-27,16
1984,Sarah Bennett,sarah.bennett1984@mail.com,Corporate,Canada,Ontario,2019-07-23,13
1985,Amit Patel,amit.patel1985@mail.com,Consumer,Canada,British Columbia,2021-01-01,15
1986,Patricia Bennett,patricia.bennett1986@mail.com,Consumer,India,Karnataka,2019-11-30,26
1987,Linda Jones,linda.jones1987@mail.com,Corporate,Canada,Alberta,2024-06-10,16
1988,Barbara Iyer,barbara.iyer1988@mail.com,Consumer,India,Maharashtra,2019-09-18,25
1989,Thomas Clarke,thomas.clarke1989@mail.com,Consumer,Australia,Victoria,2025-01-01,18
1990,Liam Wilson,liam.wilson1990@mail.com,Consumer,UK,Northern Ireland,2022-03-14,12
1991,David Iyer,david.iyer1991@mail.com,Consumer,India,Gujarat,2023-06-12,29
1992,Jessica Thompson,jessica.thompson1992@mail.com,Small Business,IND,Uttar Pradesh,2024-09-01,30
1993,Priya Williams,priya.williams1993@mail.com,Corporate,India,Tamil Nadu,2019-07-08,28
1994,Michael Moore,michael.moore1994@mail.com,Consumer,United Kingdom,Scotland,2019-05-04,10
1995,Michael Cole,michael.cole1995@mail.com,Consumer,USA,Ohio,2019-12-06,8
1996,Liam Thomas,liam.thomas1996@mail.com,Consumer,Australia,Queensland,2021-08-20,19
1997,Sunita Jackson,sunita.jackson1997@mail.com,Small Business,Germany,Hesse,2023-03-06,23
1998,Oliver Martin,oliver.martin1998@mail.com,Small Business,India,Tamil Nadu,2023-11-11,28
1999,Sophie Anderson,sophie.anderson1999@mail.com,Consumer,Canada,Quebec,2024-01-14,14
2000,Liam Johnson,,Consumer,USA,Florida,2023-05-17,4
2001,Charles Evans,charles.evans2001@mail.com,Consumer,Canada,British Columbia,2025-10-30,15
2002,Jennifer Williams,jennifer.williams2002@mail.com,Consumer,Germany,Berlin,2020-11-28,22
2003,Barbara Kapoor,barbara.kapoor2003@mail.com,Small Business,USA,Illinois,2019-03-03,5
2004,Charles Taylor,charles.taylor2004@mail.com,Corporate,Canada,Quebec,2023-12-19,14
2005,John Clarke,john.clarke2005@mail.com,Small Business,uk,Wales,2025-09-02,11
2006,Sophie Martin,,Small Business,India,Tamil Nadu,2019-06-13,28
2007,Noah Perez,noah.perez2007@mail.com,Small Business,Germany,North Rhine-Westphalia,2023-06-04,24
2008,James Garcia,james.garcia2008@mail.com,Corporate,Canada,Alberta,2019-11-17,16
2009,Michael Murphy,michael.murphy2009@mail.com,Corporate,India,Maharashtra,2025-09-22,25
2010,Liam Miller,liam.miller2010@mail.com,Small Business,USA,Washington,2022-01-02,6
2011,Liam Johnson,liam.johnson2011@mail.com,Consumer,USA,New York,2021-06-24,3
2012,Linda Johnson,linda.johnson2012@mail.com,Small Business,Canada,British Columbia,2023-10-20,15
2013,Thomas Johnson,thomas.johnson2013@mail.com,Consumer,USA,Washington,2019-05-18,6
2014,Chloe Anderson,chloe.anderson2014@mail.com,Consumer,uk,Scotland,2022-03-18,10
2015,Amit Miller,amit.miller2015@mail.com,Small Business,UK,Northern Ireland,2023-05-22,12
2016,David Anderson,david.anderson2016@mail.com,Consumer,India,Tamil Nadu,2022-08-06,28
2017,Liam Moore,liam.moore2017@mail.com,Consumer,Australia,Victoria,2025-08-28,18
2018,Charles Taylor,,Consumer,USA,Florida,2022-04-09,4
2019,Priya Cole,priya.cole2019@mail.com,Consumer,Australia,Western Australia,2023-09-03,20
2020,Patricia Patel,patricia.patel2020@mail.com,Corporate,Canada,British Columbia,2023-11-24,15
2021,James Davis,james.davis2021@mail.com,Consumer,Canada,Alberta,2021-02-28,16
2022,Susan Jackson,susan.jackson2022@mail.com,Consumer,USA,Ohio,2023-06-27,8
2023,Nancy Moore,nancy.moore2023@mail.com,Consumer,USA,Illinois,2023-02-03,5
2024,Jennifer Bennett,jennifer.bennett2024@mail.com,Small Business,Germany,Berlin,2025-02-05,22
2025,Sarah Perez,sarah.perez2025@mail.com,Consumer,Australia,Victoria,2022-02-22,18
2026,Karen Anderson,karen.anderson2026@mail.com,Consumer,Canada,British Columbia,2023-08-04,15
2027,Susan Garcia,,Small Business,Australia,Queensland,2020-09-03,19
2028,Liam Murphy,liam.murphy2028@mail.com,Consumer,USA,Washington,2024-09-28,6
2029,David Iyer,david.iyer2029@mail.com,Small Business,UK,England,2020-08-30,9
2030,Liam Kapoor,liam.kapoor2030@mail.com,Corporate,Australia,New South Wales,2020-04-26,17
2031,Robert Martinez,robert.martinez2031@mail.com,Consumer,India,Tamil Nadu,2025-03-27,28
2032,James Taylor,james.taylor2032@mail.com,Small Business,AUS,Victoria,2024-03-15,18
2033,Mary Garcia,mary.garcia2033@mail.com,Consumer,UK,Northern Ireland,2024-10-10,12
2034,Sophie Perez,sophie.perez2034@mail.com,Consumer,USA,California,2021-05-05,1
2035,Oliver Miller,oliver.miller2035@mail.com,Consumer,India,Delhi,2019-08-17,27
2036,Sophie Davis,sophie.davis2036@mail.com,Corporate,India,Uttar Pradesh,2022-12-27,30
2037,Priya Davis,priya.davis2037@mail.com,Consumer,Canada,Alberta,2020-04-15,16
2038,Raj Miller,raj.miller2038@mail.com,Consumer,Australia,Western Australia,2019-05-23,20
2039,David Sharma,david.sharma2039@mail.com,Corporate,usa,Illinois,2024-10-01,5
2040,Jessica Martin,jessica.martin2040@mail.com,Consumer,USA,Florida,2019-05-03,4
2041,James Bennett,james.bennett2041@mail.com,Corporate,Germany,Bavaria,2024-08-10,21
2042,Oliver Clarke,oliver.clarke2042@mail.com,Consumer,Germany,North Rhine-Westphalia,2021-05-24,24
2043,Raj Smith,raj.smith2043@mail.com,Corporate,UK,Wales,2020-11-16,11
2044,Sarah Cole,sarah.cole2044@mail.com,Consumer,Australia,New South Wales,2024-01-13,17
2045,John Sharma,john.sharma2045@mail.com,Corporate,Australia,Queensland,2022-12-22,19
2046,Jennifer Thompson,jennifer.thompson2046@mail.com,Corporate,Germany,Berlin,2023-08-16,22
2047,Emma Smith,emma.smith2047@mail.com,Consumer,Australia,Victoria,2021-05-31,18
2048,Linda Rodriguez,linda.rodriguez2048@mail.com,Consumer,australia,New South Wales,2019-11-21,17
2049,Nancy Evans,nancy.evans2049@mail.com,Corporate,India,Maharashtra,2024-11-16,25
2050,Barbara Kapoor,barbara.kapoor2050@mail.com,Small Business,Canada,British Columbia,2023-04-20,15
2051,Amit Sharma,amit.sharma2051@mail.com,Consumer,India,Uttar Pradesh,2019-09-22,30
2052,David Thomas,david.thomas2052@mail.com,Small Business,India,Uttar Pradesh,2022-12-17,30
2053,Noah Taylor,noah.taylor2053@mail.com,Corporate,Germany,Bavaria,2024-05-07,21
2054,Sophie Anderson,sophie.anderson2054@mail.com,Corporate,Canada,British Columbia,2024-09-17,15
2055,Thomas Rodriguez,thomas.rodriguez2055@mail.com,Consumer,Canada,Alberta,2024-02-12,16
2056,Michael Moore,michael.moore2056@mail.com,Small Business,Canada,Quebec,2020-12-16,14
2057,Barbara Patel,barbara.patel2057@mail.com,Corporate,india,Maharashtra,2021-02-24,25
2058,Charles Hughes,charles.hughes2058@mail.com,Small Business,india,Delhi,2019-03-25,27
2059,Nancy Taylor,nancy.taylor2059@mail.com,Corporate,Germany,Hesse,2020-02-21,23
2060,Daniel Brown,daniel.brown2060@mail.com,Corporate,India,Karnataka,2020-03-15,26
2061,James Martin,james.martin2061@mail.com,Consumer,United States,Texas,2022-05-20,2
2062,Raj Hughes,raj.hughes2062@mail.com,Small Business,India,Gujarat,2020-06-13,29
2063,Liam Anderson,liam.anderson2063@mail.com,Consumer,Canada,British Columbia,2024-03-12,15
2064,Karen Sharma,karen.sharma2064@mail.com,Consumer,USA,California,2025-03-29,1
2065,Nancy Thompson,nancy.thompson2065@mail.com,Consumer,canada,British Columbia,2023-06-03,15
2066,Barbara Martinez,barbara.martinez2066@mail.com,Consumer,U.S.A,California,2020-01-27,1
2067,Raj Brown,raj.brown2067@mail.com,Corporate,India,Maharashtra,2023-01-24,25
2068,Sarah Williams,sarah.williams2068@mail.com,Corporate,UK,Scotland,2021-02-12,10
2069,Richard Rodriguez,richard.rodriguez2069@mail.com,Consumer,USA,Florida,2021-10-10,4
2070,Priya Wilson,priya.wilson2070@mail.com,Small Business,USA,Illinois,2020-12-31,5
2071,Sophie Rodriguez,sophie.rodriguez2071@mail.com,Consumer,USA,Florida,2021-06-05,4
2072,David Sharma,david.sharma2072@mail.com,Corporate,USA,Georgia,2020-09-22,7
2073,Amit Murphy,amit.murphy2073@mail.com,Small Business,USA,Illinois,2020-10-26,5
2074,Priya Martinez,priya.martinez2074@mail.com,Small Business,Germany,North Rhine-Westphalia,2019-09-16,24
2075,Michael Jones,michael.jones2075@mail.com,Corporate,India,Karnataka,2025-03-17,26
2076,Charles Clarke,charles.clarke2076@mail.com,Consumer,UK,England,2025-08-17,9
2077,Linda Murphy,linda.murphy2077@mail.com,Consumer,USA,Georgia,2025-06-22,7
2078,Mary Evans,mary.evans2078@mail.com,Corporate,India,Tamil Nadu,2021-01-23,28
2079,Sophie Evans,sophie.evans2079@mail.com,Consumer,Canada,Quebec,2021-01-29,14
2080,Emma Thompson,emma.thompson2080@mail.com,Consumer,India,Gujarat,2019-12-26,29
2081,Joseph Patel,joseph.patel2081@mail.com,Consumer,UK,Scotland,2021-11-23,10
2082,Richard Patel,richard.patel2082@mail.com,Corporate,USA,Texas,2019-12-20,2
2083,John Iyer,john.iyer2083@mail.com,Consumer,India,Maharashtra,2023-05-28,25
2084,James Sharma,james.sharma2084@mail.com,Consumer,Germany,Bavaria,2019-09-02,21
2085,Sarah Martinez,sarah.martinez2085@mail.com,Consumer,Canada,Alberta,2025-04-28,16
2086,David Cole,david.cole2086@mail.com,Small Business,Germany,North Rhine-Westphalia,2021-06-04,24
2087,Jessica Taylor,jessica.taylor2087@mail.com,Corporate,USA,Washington,2022-09-05,6
2088,Joseph Iyer,joseph.iyer2088@mail.com,Corporate,USA,Texas,2023-09-03,2
2089,Mary Perez,mary.perez2089@mail.com,Corporate,Germany,Berlin,2020-10-27,22
2090,Amit Perez,amit.perez2090@mail.com,Consumer,Australia,Western Australia,2022-02-12,20
2091,Liam Miller,liam.miller2091@mail.com,Small Business,Canada,British Columbia,2022-11-24,15
2092,Richard Iyer,richard.iyer2092@mail.com,Small Business,india,Delhi,2025-10-15,27
2093,Amit Davis,amit.davis2093@mail.com,Consumer,UK,Wales,2023-09-26,11
2094,Raj Lee,raj.lee2094@mail.com,Corporate,India,Karnataka,2025-09-15,26
2095,Priya Evans,priya.evans2095@mail.com,Small Business,Canada,Quebec,2023-09-13,14
2096,Sarah Cole,sarah.cole2096@mail.com,Consumer,australia,Victoria,2024-06-19,18
2097,Raj Anderson,raj.anderson2097@mail.com,Consumer,Germany,Hesse,2024-05-05,23
2098,Charles Martinez,charles.martinez2098@mail.com,Small Business,Germany,Berlin,2021-08-15,22
2099,Sophie Garcia,sophie.garcia2099@mail.com,Corporate,Canada,Quebec,2021-12-11,14
2100,Liam Patel,liam.patel2100@mail.com,Consumer,Germany,Berlin,2021-02-14,22
2101,Noah Lee,noah.lee2101@mail.com,Corporate,USA,New York,2025-05-29,3
2102,Jennifer Martinez,jennifer.martinez2102@mail.com,Small Business,Canada,Ontario,2020-03-12,13
2103,Patricia Jackson,patricia.jackson2103@mail.com,Small Business,Australia,Western Australia,2024-01-18,20
2104,John Iyer,john.iyer2104@mail.com,Consumer,USA,Texas,2019-06-18,2
2105,David Iyer,david.iyer2105@mail.com,Consumer,UK,Scotland,2025-03-30,10
2106,Emma Lee,emma.lee2106@mail.com,Corporate,UK,England,2023-12-08,9
2107,Oliver Cole,oliver.cole2107@mail.com,Consumer,Germany,North Rhine-Westphalia,2023-12-04,24
2108,Jennifer Patel,jennifer.patel2108@mail.com,Consumer,UK,England,2021-07-27,9
2109,Noah Wilson,,Corporate,USA,Texas,2020-01-01,2
2110,Priya Williams,,Small Business,Germany,North Rhine-Westphalia,2020-08-10,24
2111,Linda Anderson,linda.anderson2111@mail.com,Corporate,India,Maharashtra,2021-10-09,25
2112,Linda Iyer,linda.iyer2112@mail.com,Corporate,UK,England,2019-09-26,9
2113,Sophie Martinez,sophie.martinez2113@mail.com,Consumer,USA,Ohio,2025-03-23,8
2114,Jessica Evans,jessica.evans2114@mail.com,Consumer,Australia,New South Wales,2024-08-11,17
2115,Noah Wilson,noah.wilson2115@mail.com,Small Business,Australia,New South Wales,2020-06-12,17
2116,Susan Rodriguez,susan.rodriguez2116@mail.com,Consumer,USA,Texas,2023-07-16,2
2117,Daniel Martinez,daniel.martinez2117@mail.com,Small Business,IND,Tamil Nadu,2025-04-08,28
2118,Thomas Bennett,thomas.bennett2118@mail.com,Consumer,UK,Northern Ireland,2024-06-10,12
2119,Patricia Jackson,patricia.jackson2119@mail.com,Consumer,Australia,Queensland,2025-09-09,19
2120,Mary Bennett,mary.bennett2120@mail.com,Small Business,USA,New York,2020-02-14,3
2121,Priya Perez,priya.perez2121@mail.com,Consumer,USA,Texas,2019-09-08,2
2122,Daniel Thompson,daniel.thompson2122@mail.com,Consumer,India,Tamil Nadu,2024-08-01,28
2123,Robert Jackson,robert.jackson2123@mail.com,Consumer,Canada,Quebec,2019-08-09,14
2124,Noah Miller,noah.miller2124@mail.com,Consumer,USA,California,2025-09-19,1
2125,Charles Brown,charles.brown2125@mail.com,Corporate,india,Tamil Nadu,2021-11-06,28
2126,Sophie Patel,sophie.patel2126@mail.com,Consumer,Canada,Quebec,2025-10-01,14
2127,Joseph Martin,joseph.martin2127@mail.com,Small Business,UK,England,2020-12-04,9
2128,Barbara Thomas,barbara.thomas2128@mail.com,Consumer,Germany,Berlin,2019-05-22,22
2129,Mary Bennett,mary.bennett2129@mail.com,Consumer,India,Karnataka,2022-12-22,26
2130,Sophie Jones,sophie.jones2130@mail.com,Small Business,Germany,Berlin,2022-05-26,22
2131,John Miller,john.miller2131@mail.com,Small Business,United States,Washington,2022-01-19,6
2132,Richard Thomas,richard.thomas2132@mail.com,Corporate,Germany,Bavaria,2024-01-04,21
2133,Daniel Murphy,daniel.murphy2133@mail.com,Consumer,DE,Berlin,2021-06-22,22
2134,Chloe Moore,chloe.moore2134@mail.com,Corporate,Germany,North Rhine-Westphalia,2019-06-26,24
2135,John Wilson,john.wilson2135@mail.com,Consumer,UK,England,2022-08-29,9
2136,Sophie Kapoor,sophie.kapoor2136@mail.com,Small Business,Germany,Hesse,2022-04-01,23
2137,Jennifer Clarke,jennifer.clarke2137@mail.com,Small Business,USA,Washington,2021-12-16,6
2138,Robert Jackson,robert.jackson2138@mail.com,Corporate,Canada,Ontario,2023-01-28,13
2139,Richard Sharma,richard.sharma2139@mail.com,Small Business,Germany,Bavaria,2021-10-24,21
2140,Jennifer Wilson,jennifer.wilson2140@mail.com,Corporate,UK,Northern Ireland,2023-04-25,12
2141,Priya Johnson,priya.johnson2141@mail.com,Consumer,Australia,Queensland,2019-12-27,19
2142,James Moore,james.moore2142@mail.com,Consumer,India,Karnataka,2019-02-11,26
2143,David Miller,david.miller2143@mail.com,Small Business,Australia,New South Wales,2020-08-14,17
2144,Oliver Clarke,oliver.clarke2144@mail.com,Consumer,Australia,Western Australia,2024-01-15,20
2145,Jennifer Perez,jennifer.perez2145@mail.com,Consumer,Canada,Quebec,2022-06-19,14
2146,Oliver Garcia,oliver.garcia2146@mail.com,Consumer,Australia,Western Australia,2025-07-27,20
2147,Sarah Evans,sarah.evans2147@mail.com,Small Business,India,Tamil Nadu,2024-11-29,28
2148,Oliver Clarke,oliver.clarke2148@mail.com,Consumer,USA,Texas,2024-03-20,2
2149,Robert Jones,robert.jones2149@mail.com,Consumer,Australia,Queensland,2019-01-22,19
2150,Nancy Thomas,nancy.thomas2150@mail.com,Consumer,India,Delhi,2023-01-06,27
2151,Priya Thomas,priya.thomas2151@mail.com,Consumer,USA,Washington,2022-07-19,6
2152,Joseph Thomas,joseph.thomas2152@mail.com,Consumer,UK,Scotland,2021-11-22,10
2153,Sarah Taylor,sarah.taylor2153@mail.com,Corporate,Germany,Berlin,2022-01-11,22
2154,James Johnson,james.johnson2154@mail.com,Corporate,USA,Georgia,2020-08-05,7
2155,Karen Miller,karen.miller2155@mail.com,Small Business,USA,Florida,2023-01-11,4
2156,Sunita Anderson,sunita.anderson2156@mail.com,Consumer,UK,Northern Ireland,2020-08-14,12
2157,James Murphy,,Corporate,USA,Washington,2024-09-05,6
2158,Richard Clarke,richard.clarke2158@mail.com,Consumer,UK,England,2020-10-07,9
2159,Liam Martin,,Small Business,Germany,Bavaria,2023-08-01,21
2160,Michael Smith,michael.smith2160@mail.com,Consumer,Germany,Hesse,2022-05-04,23
2161,Raj Smith,raj.smith2161@mail.com,Consumer,usa,California,2023-04-17,1
2162,Priya Iyer,priya.iyer2162@mail.com,Consumer,CANADA,Alberta,2025-10-25,16
2163,Linda Davis,linda.davis2163@mail.com,Consumer,Germany,North Rhine-Westphalia,2022-04-29,24
2164,Amit Murphy,amit.murphy2164@mail.com,Corporate,USA,Washington,2025-04-10,6
2165,Susan Martinez,susan.martinez2165@mail.com,Small Business,Australia,New South Wales,2022-02-01,17
2166,John Brown,john.brown2166@mail.com,Corporate,Australia,Queensland,2023-01-05,19
2167,Joseph Martin,joseph.martin2167@mail.com,Consumer,USA,New York,2020-04-25,3
2168,Daniel Martinez,daniel.martinez2168@mail.com,Consumer,USA,Washington,2020-09-06,6
2169,Jennifer Williams,jennifer.williams2169@mail.com,Small Business,India,Karnataka,2021-04-18,26
2170,Liam Johnson,liam.johnson2170@mail.com,Small Business,United Kingdom,Northern Ireland,2022-08-25,12
2171,Barbara Martinez,barbara.martinez2171@mail.com,Corporate,India,Uttar Pradesh,2022-09-19,30
2172,Thomas Iyer,,Consumer,Canada,British Columbia,2021-07-28,15
2173,Charles Thompson,charles.thompson2173@mail.com,Consumer,UK,England,2023-04-07,9
2174,Charles Wilson,charles.wilson2174@mail.com,Consumer,Canada,Alberta,2024-04-28,16
2175,Jessica Murphy,jessica.murphy2175@mail.com,Consumer,Canada,Quebec,2020-02-16,14
2176,Raj Jones,raj.jones2176@mail.com,Consumer,USA,Ohio,2025-05-05,8
2177,Richard Murphy,richard.murphy2177@mail.com,Corporate,Canada,British Columbia,2021-11-13,15
2178,Sarah Anderson,sarah.anderson2178@mail.com,Consumer,Canada,Alberta,2019-07-30,16
2179,Oliver Miller,oliver.miller2179@mail.com,Small Business,USA,Illinois,2023-07-25,5
2180,Jennifer Cole,jennifer.cole2180@mail.com,Consumer,United Kingdom,Northern Ireland,2023-01-04,12
2181,Chloe Evans,chloe.evans2181@mail.com,Consumer,India,Delhi,2025-08-11,27
2182,Joseph Smith,joseph.smith2182@mail.com,Consumer,India,Delhi,2023-06-09,27
2183,Linda Davis,linda.davis2183@mail.com,Consumer,India,Tamil Nadu,2023-11-29,28
2184,Sunita Jones,sunita.jones2184@mail.com,Corporate,USA,Washington,2023-08-11,6
2185,Michael Iyer,michael.iyer2185@mail.com,Corporate,Germany,Berlin,2025-02-09,22
2186,James Perez,james.perez2186@mail.com,Consumer,Germany,North Rhine-Westphalia,2021-04-07,24
2187,Charles Garcia,charles.garcia2187@mail.com,Consumer,Germany,North Rhine-Westphalia,2025-10-06,24
2188,Patricia Anderson,patricia.anderson2188@mail.com,Consumer,Australia,Victoria,2024-01-06,18
2189,Amit Sharma,amit.sharma2189@mail.com,Corporate,UK,Northern Ireland,2020-06-14,12
2190,Emma Johnson,emma.johnson2190@mail.com,Consumer,AUS,Victoria,2020-12-04,18
2191,Joseph Murphy,joseph.murphy2191@mail.com,Consumer,USA,New York,2020-08-08,3
2192,Priya Rodriguez,priya.rodriguez2192@mail.com,Consumer,Germany,Berlin,2025-01-07,22
2193,Oliver Lee,oliver.lee2193@mail.com,Small Business,USA,California,2021-05-03,1
2194,Nancy Johnson,nancy.johnson2194@mail.com,Consumer,UK,Wales,2019-01-18,11
2195,Nancy Johnson,nancy.johnson2195@mail.com,Corporate,USA,Ohio,2024-08-25,8
2196,Raj Brown,raj.brown2196@mail.com,Consumer,India,Karnataka,2020-02-04,26
2197,Priya Hughes,,Corporate,USA,Washington,2023-03-21,6
2198,James Johnson,james.johnson2198@mail.com,Consumer,USA,Washington,2023-04-06,6
2199,Amit Brown,amit.brown2199@mail.com,Consumer,USA,Washington,2021-07-10,6
2200,Jessica Moore,jessica.moore2200@mail.com,Corporate,UK,Northern Ireland,2024-07-20,12
2201,Joseph Brown,joseph.brown2201@mail.com,Consumer,India,Uttar Pradesh,2025-06-25,30
2202,Karen Rodriguez,karen.rodriguez2202@mail.com,Consumer,Germany,Berlin,2024-04-13,22
2203,Sarah Kapoor,sarah.kapoor2203@mail.com,Consumer,UK,England,2025-02-21,9
2204,John Miller,john.miller2204@mail.com,Small Business,Australia,Victoria,2019-08-07,18
2205,Amit Patel,amit.patel2205@mail.com,Small Business,USA,California,2024-08-25,1
2206,Priya Smith,priya.smith2206@mail.com,Corporate,USA,Washington,2020-05-17,6
2207,Barbara Thomas,barbara.thomas2207@mail.com,Small Business,Canada,Alberta,2024-10-26,16
2208,Raj Brown,raj.brown2208@mail.com,Consumer,UK,Northern Ireland,2025-07-08,12
2209,Raj Martin,raj.martin2209@mail.com,Consumer,australia,Queensland,2020-01-10,19
2210,David Thompson,david.thompson2210@mail.com,Consumer,Canada,British Columbia,2022-12-10,15
2211,Nancy Kapoor,nancy.kapoor2211@mail.com,Corporate,India,Gujarat,2019-02-12,29
2212,John Thomas,john.thomas2212@mail.com,Small Business,Germany,Hesse,2019-04-22,23
2213,Liam Murphy,liam.murphy2213@mail.com,Consumer,USA,Washington,2019-02-05,6
2214,Patricia Martin,patricia.martin2214@mail.com,Corporate,Australia,Western Australia,2025-05-19,20
2215,Sunita Thompson,sunita.thompson2215@mail.com,Corporate,India,Delhi,2024-08-18,27
2216,Patricia Martinez,patricia.martinez2216@mail.com,Consumer,India,Tamil Nadu,2022-09-17,28
2217,Patricia Evans,patricia.evans2217@mail.com,Consumer,USA,New York,2022-06-01,3
2218,Patricia Jackson,patricia.jackson2218@mail.com,Consumer,USA,Georgia,2023-09-08,7
2219,Michael Thompson,michael.thompson2219@mail.com,Consumer,USA,Georgia,2024-03-27,7
2220,Michael Clarke,michael.clarke2220@mail.com,Consumer,Australia,Western Australia,2020-01-09,20
2221,David Hughes,david.hughes2221@mail.com,Corporate,Germany,Berlin,2020-03-06,22
2222,Charles Miller,charles.miller2222@mail.com,Small Business,Canada,Quebec,2023-03-13,14
2223,Susan Kapoor,susan.kapoor2223@mail.com,Consumer,Canada,Alberta,2025-08-02,16
2224,Jessica Martinez,jessica.martinez2224@mail.com,Consumer,USA,Washington,2019-07-02,6
2225,Jennifer Johnson,jennifer.johnson2225@mail.com,Corporate,Germany,Berlin,2020-09-24,22
2226,Karen Jackson,karen.jackson2226@mail.com,Small Business,Canada,Alberta,2024-08-06,16
2227,Chloe Miller,chloe.miller2227@mail.com,Small Business,USA,Florida,2022-06-08,4
2228,Amit Cole,amit.cole2228@mail.com,Consumer,DE,Berlin,2024-02-27,22
2229,Sarah Wilson,sarah.wilson2229@mail.com,Consumer,USA,Florida,2022-09-29,4
2230,Linda Smith,linda.smith2230@mail.com,Consumer,Canada,British Columbia,2019-08-12,15
2231,James Patel,james.patel2231@mail.com,Consumer,USA,Illinois,2024-11-03,5
2232,Robert Cole,robert.cole2232@mail.com,Small Business,Germany,North Rhine-Westphalia,2019-09-06,24
2233,Patricia Hughes,patricia.hughes2233@mail.com,Consumer,Australia,Western Australia,2020-10-18,20
2234,Daniel Patel,daniel.patel2234@mail.com,Small Business,Canada,Quebec,2019-11-19,14
2235,Sarah Jones,sarah.jones2235@mail.com,Corporate,UK,Northern Ireland,2019-09-10,12
2236,Robert Clarke,robert.clarke2236@mail.com,Corporate,Germany,Berlin,2021-06-09,22
2237,Charles Williams,charles.williams2237@mail.com,Corporate,USA,New York,2020-08-07,3
2238,Sunita Iyer,sunita.iyer2238@mail.com,Corporate,Germany,Bavaria,2020-08-12,21
2239,Patricia Murphy,patricia.murphy2239@mail.com,Corporate,Australia,Victoria,2024-12-24,18
2240,David Sharma,david.sharma2240@mail.com,Consumer,Germany,Berlin,2024-12-06,22
2241,Linda Moore,linda.moore2241@mail.com,Corporate,UK,England,2019-11-14,9
2242,Barbara Rodriguez,barbara.rodriguez2242@mail.com,Consumer,India,Maharashtra,2020-02-07,25
2243,Thomas Johnson,thomas.johnson2243@mail.com,Corporate,india,Gujarat,2024-03-12,29
2244,Patricia Hughes,patricia.hughes2244@mail.com,Consumer,India,Uttar Pradesh,2022-06-19,30
2245,Jennifer Bennett,jennifer.bennett2245@mail.com,Small Business,usa,Georgia,2025-05-29,7
2246,Mary Bennett,mary.bennett2246@mail.com,Consumer,India,Karnataka,2025-07-03,26
2247,Barbara Anderson,barbara.anderson2247@mail.com,Consumer,India,Delhi,2021-09-12,27
2248,Emma Patel,emma.patel2248@mail.com,Small Business,UK,Wales,2022-05-17,11
2249,Richard Thomas,richard.thomas2249@mail.com,Consumer,UK,Northern Ireland,2022-05-10,12
2250,Sunita Brown,sunita.brown2250@mail.com,Small Business,USA,Ohio,2024-09-10,8
2251,Patricia Bennett,patricia.bennett2251@mail.com,Consumer,Australia,Queensland,2021-04-13,19
2252,Oliver Murphy,oliver.murphy2252@mail.com,Consumer,USA,Ohio,2022-12-02,8
2253,Mary Smith,mary.smith2253@mail.com,Consumer,Germany,North Rhine-Westphalia,2024-06-07,24
2254,Sophie Jones,sophie.jones2254@mail.com,Consumer,USA,California,2021-04-15,1
2255,Raj Sharma,raj.sharma2255@mail.com,Consumer,USA,Georgia,2020-08-20,7
2256,Jennifer Wilson,jennifer.wilson2256@mail.com,Small Business,UK,Wales,2021-02-01,11
2257,Susan Murphy,susan.murphy2257@mail.com,Consumer,India,Maharashtra,2022-02-25,25
2258,Thomas Thompson,thomas.thompson2258@mail.com,Consumer,Canada,British Columbia,2019-03-29,15
2259,David Murphy,david.murphy2259@mail.com,Consumer,India,Uttar Pradesh,2022-09-22,30
2260,Sunita Williams,sunita.williams2260@mail.com,Corporate,USA,Washington,2021-06-10,6
2261,Susan Hughes,susan.hughes2261@mail.com,Consumer,USA,Texas,2025-08-10,2
2262,Richard Garcia,richard.garcia2262@mail.com,Consumer,India,Karnataka,2020-10-07,26
2263,Patricia Taylor,patricia.taylor2263@mail.com,Consumer,Canada,Quebec,2022-02-18,14
2264,Joseph Moore,joseph.moore2264@mail.com,Corporate,Germany,Bavaria,2020-05-29,21
2265,David Hughes,david.hughes2265@mail.com,Corporate,India,Maharashtra,2019-02-22,25
2266,Joseph Kapoor,joseph.kapoor2266@mail.com,Consumer,India,Delhi,2024-04-23,27
2267,Sophie Jackson,sophie.jackson2267@mail.com,Consumer,UK,Northern Ireland,2022-11-10,12
2268,Emma Thomas,emma.thomas2268@mail.com,Consumer,Germany,Bavaria,2024-01-29,21
2269,Priya Murphy,priya.murphy2269@mail.com,Consumer,USA,California,2024-11-01,1
2270,Emma Garcia,emma.garcia2270@mail.com,Consumer,Canada,British Columbia,2024-12-25,15
2271,Patricia Jones,patricia.jones2271@mail.com,Consumer,USA,New York,2023-12-12,3
2272,Amit Iyer,amit.iyer2272@mail.com,Consumer,Germany,North Rhine-Westphalia,2025-03-14,24
2273,Mary Bennett,mary.bennett2273@mail.com,Consumer,USA,New York,2020-03-22,3
2274,Jennifer Brown,jennifer.brown2274@mail.com,Consumer,Australia,Victoria,2019-07-24,18
2275,Jessica Cole,jessica.cole2275@mail.com,Consumer,USA,Illinois,2025-06-17,5
2276,Daniel Jackson,daniel.jackson2276@mail.com,Small Business,USA,New York,2021-07-29,3
2277,Emma Perez,emma.perez2277@mail.com,Small Business,usa,Texas,2022-09-24,2
2278,Raj Moore,raj.moore2278@mail.com,Consumer,Australia,New South Wales,2023-10-22,17
2279,Jennifer Thompson,jennifer.thompson2279@mail.com,Corporate,Germany,Berlin,2025-10-08,22
2280,Joseph Clarke,joseph.clarke2280@mail.com,Consumer,USA,Texas,2023-08-08,2
2281,Susan Thompson,susan.thompson2281@mail.com,Consumer,India,Tamil Nadu,2019-10-12,28
2282,James Bennett,james.bennett2282@mail.com,Consumer,UK,England,2025-11-03,9
2283,Raj Murphy,raj.murphy2283@mail.com,Small Business,AUS,Queensland,2024-05-20,19
2284,Liam Iyer,liam.iyer2284@mail.com,Consumer,Canada,Ontario,2021-01-20,13
2285,Noah Jones,noah.jones2285@mail.com,Consumer,USA,Ohio,2020-12-12,8
2286,Sarah Cole,sarah.cole2286@mail.com,Consumer,U.S.A,New York,2024-03-05,3
2287,Sarah Brown,sarah.brown2287@mail.com,Consumer,USA,New York,2019-07-13,3
2288,Noah Thomas,noah.thomas2288@mail.com,Consumer,India,Delhi,2019-09-13,27
2289,Thomas Johnson,thomas.johnson2289@mail.com,Consumer,usa,Illinois,2025-05-21,5
2290,Robert Rodriguez,robert.rodriguez2290@mail.com,Corporate,India,Gujarat,2024-06-27,29
2291,Priya Wilson,priya.wilson2291@mail.com,Consumer,IND,Delhi,2021-06-23,27
2292,James Kapoor,james.kapoor2292@mail.com,Consumer,India,Tamil Nadu,2024-12-29,28
2293,Sophie Patel,sophie.patel2293@mail.com,Corporate,UK,Wales,2020-02-25,11
2294,Charles Clarke,charles.clarke2294@mail.com,Consumer,UK,Northern Ireland,2022-05-03,12
2295,Sunita Perez,,Corporate,USA,Ohio,2025-06-23,8
2296,Sunita Perez,sunita.perez2296@mail.com,Corporate,USA,Washington,2022-09-12,6
2297,Linda Patel,linda.patel2297@mail.com,Consumer,USA,Georgia,2019-06-07,7
2298,Sophie Wilson,sophie.wilson2298@mail.com,Consumer,USA,California,2019-03-23,1
2299,Charles Martin,charles.martin2299@mail.com,Corporate,USA,Ohio,2023-12-14,8
2300,Amit Kapoor,amit.kapoor2300@mail.com,Consumer,Germany,Bavaria,2024-09-21,21
2301,Nancy Brown,nancy.brown2301@mail.com,Consumer,DE,Bavaria,2021-01-22,21
2302,Jessica Patel,jessica.patel2302@mail.com,Consumer,Germany,Bavaria,2021-07-19,21
2303,Sunita Davis,sunita.davis2303@mail.com,Consumer,USA,Illinois,2022-05-07,5
2304,Sarah Anderson,sarah.anderson2304@mail.com,Consumer,Canada,British Columbia,2025-10-02,15
2305,Raj Patel,raj.patel2305@mail.com,Consumer,USA,Illinois,2019-12-22,5
2306,Priya Taylor,priya.taylor2306@mail.com,Consumer,Australia,Western Australia,2023-04-14,20
2307,John Hughes,john.hughes2307@mail.com,Consumer,USA,Illinois,2024-09-22,5
2308,Liam Lee,liam.lee2308@mail.com,Consumer,USA,Florida,2022-08-10,4
2309,Noah Thompson,noah.thompson2309@mail.com,Corporate,USA,Texas,2020-03-03,2
2310,Mary Smith,mary.smith2310@mail.com,Consumer,India,Maharashtra,2021-03-08,25
2311,Priya Cole,,Corporate,Canada,Alberta,2020-06-09,16
2312,Jennifer Martin,jennifer.martin2312@mail.com,Consumer,India,Tamil Nadu,2025-08-22,28
2313,Sophie Jackson,sophie.jackson2313@mail.com,Consumer,USA,Illinois,2024-06-29,5
2314,Sophie Jackson,sophie.jackson2314@mail.com,Corporate,USA,Illinois,2021-01-13,5
2315,Sophie Garcia,sophie.garcia2315@mail.com,Consumer,India,Karnataka,2019-12-31,26
2316,Robert Clarke,robert.clarke2316@mail.com,Corporate,USA,Ohio,2023-05-27,8
2317,Sarah Wilson,sarah.wilson2317@mail.com,Corporate,Australia,Victoria,2025-06-01,18
2318,Linda Wilson,linda.wilson2318@mail.com,Corporate,India,Delhi,2020-01-25,27
2319,David Johnson,david.johnson2319@mail.com,Consumer,India,Karnataka,2024-10-06,26
2320,Charles Davis,charles.davis2320@mail.com,Consumer,Germany,Hesse,2019-07-01,23
2321,Karen Sharma,karen.sharma2321@mail.com,Corporate,India,Maharashtra,2021-10-03,25
2322,Joseph Taylor,joseph.taylor2322@mail.com,Small Business,India,Gujarat,2023-06-14,29
2323,Liam Davis,liam.davis2323@mail.com,Consumer,CANADA,Quebec,2025-06-27,14
2324,Robert Moore,robert.moore2324@mail.com,Consumer,AUS,Queensland,2021-04-23,19
2325,Thomas Evans,thomas.evans2325@mail.com,Consumer,DE,Bavaria,2019-05-09,21
2326,Daniel Moore,daniel.moore2326@mail.com,Consumer,Australia,Victoria,2019-11-05,18
2327,Robert Bennett,robert.bennett2327@mail.com,Consumer,UK,Scotland,2021-05-26,10
2328,Sarah Moore,sarah.moore2328@mail.com,Corporate,USA,Florida,2024-06-30,4
2329,Richard Brown,richard.brown2329@mail.com,Consumer,Germany,Hesse,2021-07-05,23
2330,Sarah Iyer,sarah.iyer2330@mail.com,Consumer,germany,Berlin,2020-01-14,22
2331,Priya Smith,priya.smith2331@mail.com,Corporate,Australia,Queensland,2023-11-04,19
2332,Patricia Taylor,patricia.taylor2332@mail.com,Consumer,USA,Texas,2021-07-05,2
2333,Jessica Johnson,jessica.johnson2333@mail.com,Consumer,Australia,Queensland,2023-04-20,19
2334,Karen Lee,karen.lee2334@mail.com,Consumer,Germany,North Rhine-Westphalia,2025-09-30,24
2335,James Hughes,james.hughes2335@mail.com,Corporate,Germany,North Rhine-Westphalia,2021-09-02,24
2336,Robert Evans,robert.evans2336@mail.com,Corporate,USA,California,2025-03-28,1
2337,Nancy Thompson,nancy.thompson2337@mail.com,Corporate,UK,Scotland,2020-03-12,10
2338,Priya Martinez,priya.martinez2338@mail.com,Consumer,Australia,Queensland,2024-10-08,19
2339,Noah Martin,noah.martin2339@mail.com,Corporate,UK,Scotland,2023-06-15,10
2340,Karen Miller,karen.miller2340@mail.com,Small Business,Canada,British Columbia,2025-02-12,15
2341,Priya Patel,priya.patel2341@mail.com,Small Business,Germany,Berlin,2019-08-26,22
2342,Thomas Wilson,thomas.wilson2342@mail.com,Consumer,Canada,Alberta,2024-01-26,16
2343,Susan Hughes,susan.hughes2343@mail.com,Corporate,USA,Ohio,2023-02-25,8
2344,Mary Hughes,mary.hughes2344@mail.com,Consumer,USA,Washington,2024-06-16,6
2345,Linda Bennett,linda.bennett2345@mail.com,Corporate,Australia,Queensland,2019-08-04,19
2346,Thomas Wilson,thomas.wilson2346@mail.com,Consumer,India,Gujarat,2020-03-10,29
2347,Karen Clarke,karen.clarke2347@mail.com,Consumer,India,Uttar Pradesh,2019-02-15,30
2348,Nancy Thompson,nancy.thompson2348@mail.com,Consumer,UK,Northern Ireland,2022-10-06,12
2349,Sarah Kapoor,sarah.kapoor2349@mail.com,Corporate,Australia,New South Wales,2023-07-17,17
2350,Raj Anderson,raj.anderson2350@mail.com,Small Business,India,Delhi,2020-06-22,27
2351,Amit Moore,amit.moore2351@mail.com,Consumer,Australia,Queensland,2024-10-29,19
2352,Patricia Brown,patricia.brown2352@mail.com,Consumer,USA,Georgia,2025-09-02,7
2353,Oliver Patel,oliver.patel2353@mail.com,Small Business,USA,Illinois,2022-06-06,5
2354,Linda Smith,linda.smith2354@mail.com,Small Business,USA,New York,2019-09-01,3
2355,Richard Anderson,richard.anderson2355@mail.com,Consumer,India,Maharashtra,2023-05-15,25
2356,Liam Sharma,liam.sharma2356@mail.com,Consumer,UK,Northern Ireland,2025-05-09,12
2357,Emma Martinez,emma.martinez2357@mail.com,Consumer,uk,Northern Ireland,2022-10-05,12
2358,Karen Martin,karen.martin2358@mail.com,Corporate,India,Karnataka,2023-06-20,26
2359,Susan Kapoor,susan.kapoor2359@mail.com,Consumer,USA,Washington,2021-06-30,6
2360,Patricia Johnson,patricia.johnson2360@mail.com,Small Business,UK,Northern Ireland,2020-05-02,12
2361,Noah Garcia,noah.garcia2361@mail.com,Small Business,Germany,Berlin,2022-11-07,22
2362,Sarah Jones,sarah.jones2362@mail.com,Corporate,UK,Scotland,2023-11-20,10
2363,Liam Kapoor,liam.kapoor2363@mail.com,Consumer,India,Delhi,2022-11-23,27
2364,Sunita Iyer,sunita.iyer2364@mail.com,Small Business,USA,Texas,2021-12-16,2
2365,Jessica Brown,jessica.brown2365@mail.com,Small Business,germany,Bavaria,2022-02-04,21
2366,David Thompson,david.thompson2366@mail.com,Consumer,Germany,Bavaria,2021-08-31,21
2367,Michael Miller,michael.miller2367@mail.com,Small Business,Germany,Hesse,2021-03-10,23
2368,Patricia Cole,patricia.cole2368@mail.com,Small Business,Canada,Ontario,2025-01-12,13
2369,Sophie Taylor,sophie.taylor2369@mail.com,Consumer,Germany,Bavaria,2019-07-28,21
2370,Michael Moore,michael.moore2370@mail.com,Corporate,Germany,Berlin,2021-02-17,22
2371,Liam Evans,liam.evans2371@mail.com,Corporate,UK,Scotland,2022-01-11,10
2372,Michael Kapoor,michael.kapoor2372@mail.com,Consumer,Canada,Alberta,2024-04-28,16
2373,Richard Brown,richard.brown2373@mail.com,Consumer,India,Maharashtra,2022-01-12,25
2374,Oliver Thomas,oliver.thomas2374@mail.com,Consumer,USA,Illinois,2021-07-07,5
2375,Mary Cole,mary.cole2375@mail.com,Consumer,Australia,Queensland,2024-07-14,19
2376,Priya Hughes,priya.hughes2376@mail.com,Consumer,canada,British Columbia,2022-08-03,15
2377,Raj Perez,raj.perez2377@mail.com,Corporate,Germany,North Rhine-Westphalia,2020-11-04,24
2378,Patricia Clarke,patricia.clarke2378@mail.com,Consumer,Canada,Alberta,2025-05-22,16
2379,Noah Moore,,Corporate,Australia,New South Wales,2022-12-13,17
2380,Thomas Patel,thomas.patel2380@mail.com,Corporate,USA,New York,2019-03-15,3
2381,Daniel Martin,daniel.martin2381@mail.com,Corporate,Canada,Alberta,2022-06-27,16
2382,John Jackson,john.jackson2382@mail.com,Consumer,India,Gujarat,2021-06-17,29
2383,James Martin,james.martin2383@mail.com,Consumer,India,Karnataka,2020-04-28,26
2384,Sunita Johnson,sunita.johnson2384@mail.com,Small Business,India,Tamil Nadu,2021-10-18,28
2385,Karen Cole,karen.cole2385@mail.com,Consumer,Australia,Queensland,2019-05-12,19
2386,Jessica Hughes,jessica.hughes2386@mail.com,Consumer,USA,Ohio,2023-11-28,8
2387,Daniel Jackson,daniel.jackson2387@mail.com,Consumer,India,Tamil Nadu,2022-06-25,28
2388,Chloe Martin,chloe.martin2388@mail.com,Consumer,Germany,Hesse,2024-02-05,23
2389,Oliver Cole,oliver.cole2389@mail.com,Consumer,Germany,Bavaria,2020-04-19,21
2390,Chloe Garcia,chloe.garcia2390@mail.com,Consumer,USA,California,2020-12-16,1
2391,Amit Perez,amit.perez2391@mail.com,Consumer,Germany,Berlin,2023-06-02,22
2392,Jennifer Iyer,jennifer.iyer2392@mail.com,Corporate,India,Maharashtra,2024-08-23,25
2393,Liam Jones,liam.jones2393@mail.com,Consumer,USA,Texas,2019-07-02,2
2394,Patricia Taylor,patricia.taylor2394@mail.com,Consumer,Canada,Alberta,2025-09-16,16
2395,Raj Thompson,raj.thompson2395@mail.com,Corporate,India,Gujarat,2023-11-10,29
2396,Nancy Murphy,nancy.murphy2396@mail.com,Consumer,Germany,Hesse,2022-07-19,23
2397,Richard Martin,richard.martin2397@mail.com,Consumer,India,Delhi,2022-11-24,27
2398,Noah Taylor,noah.taylor2398@mail.com,Small Business,IND,Uttar Pradesh,2025-08-18,30
2399,Jessica Thompson,jessica.thompson2399@mail.com,Consumer,Australia,Western Australia,2022-02-19,20
2400,Chloe Kapoor,chloe.kapoor2400@mail.com,Small Business,India,Tamil Nadu,2023-08-12,28
2401,Oliver Davis,oliver.davis2401@mail.com,Consumer,Australia,Victoria,2022-03-10,18
2402,David Taylor,david.taylor2402@mail.com,Consumer,USA,Ohio,2022-03-20,8
2403,Richard Martinez,richard.martinez2403@mail.com,Consumer,canada,British Columbia,2022-12-26,15
2404,Thomas Evans,thomas.evans2404@mail.com,Consumer,Australia,Western Australia,2020-02-15,20
2405,John Jones,john.jones2405@mail.com,Consumer,germany,Hesse,2024-09-06,23
2406,Jessica Thompson,jessica.thompson2406@mail.com,Corporate,Australia,Queensland,2021-04-25,19
2407,Amit Murphy,amit.murphy2407@mail.com,Small Business,USA,Texas,2025-03-30,2
2408,Sunita Martin,sunita.martin2408@mail.com,Consumer,Canada,Alberta,2019-04-09,16
2409,Barbara Hughes,barbara.hughes2409@mail.com,Corporate,USA,California,2024-08-31,1
2410,Amit Lee,amit.lee2410@mail.com,Small Business,USA,Florida,2025-02-02,4
2411,Sophie Wilson,sophie.wilson2411@mail.com,Corporate,Australia,Victoria,2022-08-18,18
2412,Amit Iyer,,Consumer,Australia,Queensland,2020-09-08,19
2413,Chloe Lee,chloe.lee2413@mail.com,Consumer,Australia,New South Wales,2023-04-21,17
2414,Priya Miller,priya.miller2414@mail.com,Corporate,USA,Washington,2024-01-31,6
2415,Michael Miller,michael.miller2415@mail.com,Consumer,UK,Northern Ireland,2022-11-13,12
2416,Nancy Kapoor,nancy.kapoor2416@mail.com,Consumer,Australia,New South Wales,2021-10-31,17
2417,Barbara Patel,barbara.patel2417@mail.com,Corporate,India,Maharashtra,2023-09-30,25
2418,Susan Cole,susan.cole2418@mail.com,Small Business,Canada,British Columbia,2020-11-25,15
2419,Raj Jones,,Consumer,USA,Georgia,2021-04-03,7
2420,Amit Sharma,amit.sharma2420@mail.com,Consumer,India,Delhi,2024-11-12,27
2421,Jennifer Martin,jennifer.martin2421@mail.com,Corporate,USA,New York,2025-01-15,3
2422,Karen Kapoor,karen.kapoor2422@mail.com,Consumer,Australia,Victoria,2024-12-23,18
2423,Priya Wilson,priya.wilson2423@mail.com,Consumer,india,Delhi,2025-01-30,27
2424,Amit Brown,amit.brown2424@mail.com,Consumer,Germany,North Rhine-Westphalia,2021-02-25,24
2425,Oliver Anderson,oliver.anderson2425@mail.com,Consumer,Germany,Bavaria,2025-06-09,21
2426,Karen Jackson,karen.jackson2426@mail.com,Consumer,India,Tamil Nadu,2021-05-30,28
2427,Daniel Perez,daniel.perez2427@mail.com,Small Business,Canada,British Columbia,2021-09-17,15
2428,Raj Kapoor,raj.kapoor2428@mail.com,Consumer,USA,Washington,2021-11-27,6
2429,Jessica Patel,jessica.patel2429@mail.com,Consumer,Germany,Berlin,2025-04-07,22
2430,Sunita Murphy,sunita.murphy2430@mail.com,Corporate,USA,Florida,2022-06-16,4
2431,Liam Lee,liam.lee2431@mail.com,Small Business,USA,Florida,2022-03-09,4
2432,Barbara Murphy,barbara.murphy2432@mail.com,Consumer,USA,Georgia,2020-10-17,7
2433,Sophie Thomas,sophie.thomas2433@mail.com,Consumer,India,Delhi,2020-01-28,27
2434,Emma Smith,emma.smith2434@mail.com,Small Business,India,Uttar Pradesh,2024-04-01,30
2435,Charles Brown,charles.brown2435@mail.com,Consumer,India,Gujarat,2023-01-17,29
2436,James Taylor,james.taylor2436@mail.com,Corporate,USA,Washington,2025-06-11,6
2437,John Johnson,john.johnson2437@mail.com,Small Business,CANADA,British Columbia,2022-07-11,15
2438,Raj Johnson,raj.johnson2438@mail.com,Corporate,UK,Wales,2022-11-06,11
2439,Michael Rodriguez,michael.rodriguez2439@mail.com,Corporate,India,Maharashtra,2019-10-14,25
2440,Oliver Evans,oliver.evans2440@mail.com,Consumer,Australia,Victoria,2022-08-16,18
2441,Jennifer Martinez,jennifer.martinez2441@mail.com,Consumer,Germany,North Rhine-Westphalia,2019-02-22,24
2442,Raj Rodriguez,raj.rodriguez2442@mail.com,Corporate,Canada,Quebec,2019-03-23,14
2443,John Hughes,john.hughes2443@mail.com,Corporate,India,Delhi,2022-09-09,27
2444,Mary Kapoor,mary.kapoor2444@mail.com,Small Business,Australia,New South Wales,2022-04-25,17
2445,Emma Martinez,,Consumer,India,Maharashtra,2022-10-11,25
2446,Michael Clarke,michael.clarke2446@mail.com,Small Business,Canada,British Columbia,2025-10-28,15
2447,Karen Johnson,karen.johnson2447@mail.com,Consumer,India,Delhi,2021-03-11,27
2448,Susan Hughes,susan.hughes2448@mail.com,Small Business,Germany,North Rhine-Westphalia,2020-04-23,24
2449,Thomas Brown,thomas.brown2449@mail.com,Corporate,Germany,North Rhine-Westphalia,2021-10-11,24
2450,Nancy Bennett,nancy.bennett2450@mail.com,Consumer,UK,Scotland,2021-05-18,10
2451,Raj Iyer,raj.iyer2451@mail.com,Consumer,USA,California,2023-09-12,1
2452,Karen Bennett,karen.bennett2452@mail.com,Small Business,India,Maharashtra,2020-11-01,25
2453,Linda Iyer,,Small Business,USA,Georgia,2019-05-19,7
2454,Priya Lee,priya.lee2454@mail.com,Consumer,USA,Illinois,2019-06-26,5
2455,Joseph Davis,joseph.davis2455@mail.com,Small Business,Canada,Quebec,2024-03-30,14
2456,Charles Evans,charles.evans2456@mail.com,Corporate,Australia,Victoria,2024-08-21,18
2457,Emma Evans,emma.evans2457@mail.com,Corporate,Germany,North Rhine-Westphalia,2025-08-19,24
2458,Amit Martinez,amit.martinez2458@mail.com,Corporate,USA,Florida,2025-04-30,4
2459,Amit Patel,amit.patel2459@mail.com,Consumer,USA,New York,2019-10-20,3
2460,Mary Cole,mary.cole2460@mail.com,Consumer,USA,Georgia,2019-11-14,7
2461,Joseph Taylor,joseph.taylor2461@mail.com,Corporate,Canada,Quebec,2022-04-21,14
2462,Jessica Evans,jessica.evans2462@mail.com,Corporate,India,Delhi,2019-01-26,27
2463,Raj Wilson,raj.wilson2463@mail.com,Consumer,Australia,New South Wales,2022-05-13,17
2464,Karen Johnson,karen.johnson2464@mail.com,Small Business,Germany,Bavaria,2021-08-17,21
2465,James Iyer,james.iyer2465@mail.com,Consumer,AUS,Queensland,2023-11-22,19
2466,David Miller,david.miller2466@mail.com,Corporate,Canada,Alberta,2021-01-17,16
2467,Nancy Bennett,nancy.bennett2467@mail.com,Consumer,India,Tamil Nadu,2020-06-28,28
2468,Oliver Bennett,oliver.bennett2468@mail.com,Small Business,Canada,Ontario,2019-11-23,13
2469,Sophie Moore,sophie.moore2469@mail.com,Consumer,AUS,Western Australia,2019-03-06,20
2470,Liam Davis,liam.davis2470@mail.com,Consumer,Canada,British Columbia,2024-05-05,15
2471,Chloe Sharma,chloe.sharma2471@mail.com,Consumer,Canada,Ontario,2019-07-20,13
2472,Amit Kapoor,amit.kapoor2472@mail.com,Consumer,USA,Washington,2019-01-25,6
2473,Priya Anderson,priya.anderson2473@mail.com,Consumer,India,Maharashtra,2024-07-12,25
2474,Oliver Perez,oliver.perez2474@mail.com,Corporate,India,Delhi,2025-04-06,27
2475,Karen Iyer,karen.iyer2475@mail.com,Small Business,Canada,Quebec,2023-09-04,14
2476,Nancy Miller,nancy.miller2476@mail.com,Consumer,Canada,British Columbia,2024-05-11,15
2477,Oliver Iyer,oliver.iyer2477@mail.com,Small Business,Canada,Ontario,2024-06-20,13
2478,Michael Martinez,michael.martinez2478@mail.com,Consumer,India,Gujarat,2020-08-05,29
2479,Thomas Garcia,thomas.garcia2479@mail.com,Small Business,USA,California,2023-12-23,1
2480,Raj Williams,raj.williams2480@mail.com,Small Business,canada,British Columbia,2020-01-25,15
2481,Jennifer Garcia,jennifer.garcia2481@mail.com,Consumer,Australia,Queensland,2020-06-13,19
2482,Sunita Martin,sunita.martin2482@mail.com,Corporate,india,Uttar Pradesh,2020-04-12,30
2483,Patricia Taylor,patricia.taylor2483@mail.com,Consumer,USA,Texas,2025-11-01,2
2484,Mary Thomas,mary.thomas2484@mail.com,Consumer,IND,Maharashtra,2024-09-19,25
2485,David Lee,david.lee2485@mail.com,Consumer,UK,Wales,2024-10-05,11
2486,David Jones,david.jones2486@mail.com,Corporate,Germany,North Rhine-Westphalia,2025-03-04,24
2487,Jennifer Perez,,Small Business,Germany,Berlin,2019-01-23,22
2488,Sophie Rodriguez,sophie.rodriguez2488@mail.com,Consumer,UK,Wales,2020-09-17,11
2489,James Wilson,james.wilson2489@mail.com,Corporate,Australia,Western Australia,2025-01-29,20
2490,Thomas Kapoor,thomas.kapoor2490@mail.com,Consumer,Australia,Queensland,2023-02-26,19
2491,Chloe Jones,chloe.jones2491@mail.com,Consumer,Germany,North Rhine-Westphalia,2024-07-05,24
2492,Mary Jones,mary.jones2492@mail.com,Small Business,UK,Northern Ireland,2020-11-02,12
2493,Chloe Wilson,chloe.wilson2493@mail.com,Consumer,India,Tamil Nadu,2019-08-04,28
2494,Nancy Johnson,nancy.johnson2494@mail.com,Corporate,USA,Ohio,2022-06-10,8
2495,Oliver Cole,oliver.cole2495@mail.com,Consumer,Australia,Queensland,2022-01-10,19
2496,Priya Thompson,,Consumer,Canada,Ontario,2022-07-28,13
2497,Liam Patel,liam.patel2497@mail.com,Corporate,USA,Florida,2019-01-22,4
2498,Barbara Jackson,barbara.jackson2498@mail.com,Corporate,India,Maharashtra,2023-11-18,25
2499,Emma Perez,emma.perez2499@mail.com,Consumer,USA,Georgia,2019-05-13,7
2500,Karen Anderson,karen.anderson2500@mail.com,Corporate,India,Uttar Pradesh,2025-07-15,30
2501,Robert Evans,robert.evans2501@mail.com,Consumer,UK,England,2021-03-19,9
2502,Amit Wilson,amit.wilson2502@mail.com,Consumer,Germany,North Rhine-Westphalia,2022-12-13,24
2503,Charles Davis,charles.davis2503@mail.com,Consumer,Canada,Alberta,2021-06-09,16
2504,Jennifer Martin,jennifer.martin2504@mail.com,Corporate,USA,Ohio,2022-11-01,8
2505,Robert Evans,robert.evans2505@mail.com,Consumer,USA,Washington,2021-11-16,6
2506,Charles Garcia,charles.garcia2506@mail.com,Corporate,USA,California,2019-01-15,1
2507,Jessica Lee,jessica.lee2507@mail.com,Consumer,USA,Texas,2025-01-12,2
2508,Karen Taylor,karen.taylor2508@mail.com,Consumer,USA,Georgia,2023-11-03,7
2509,Robert Anderson,robert.anderson2509@mail.com,Small Business,India,Karnataka,2020-11-07,26
2510,Linda Murphy,linda.murphy2510@mail.com,Consumer,India,Maharashtra,2022-11-23,25
2511,Michael Patel,michael.patel2511@mail.com,Small Business,India,Tamil Nadu,2025-06-12,28
2512,Richard Wilson,richard.wilson2512@mail.com,Corporate,Canada,British Columbia,2019-08-05,15
2513,Susan Martinez,susan.martinez2513@mail.com,Corporate,USA,Washington,2021-10-22,6
2514,Michael Clarke,michael.clarke2514@mail.com,Consumer,Australia,New South Wales,2019-05-03,17
2515,Nancy Martin,nancy.martin2515@mail.com,Consumer,India,Tamil Nadu,2024-05-30,28
2516,Sarah Lee,sarah.lee2516@mail.com,Consumer,Australia,Victoria,2021-01-24,18
2517,Liam Clarke,liam.clarke2517@mail.com,Consumer,USA,Illinois,2024-11-05,5
2518,Priya Smith,priya.smith2518@mail.com,Corporate,Germany,North Rhine-Westphalia,2020-11-11,24
2519,Patricia Patel,patricia.patel2519@mail.com,Consumer,India,Maharashtra,2020-09-21,25
2520,Susan Moore,,Small Business,India,Delhi,2022-12-24,27
2521,Linda Murphy,linda.murphy2521@mail.com,Consumer,UK,Northern Ireland,2023-01-30,12
2522,Priya Thompson,priya.thompson2522@mail.com,Consumer,canada,Alberta,2024-07-10,16
2523,Chloe Thompson,chloe.thompson2523@mail.com,Consumer,uk,Northern Ireland,2019-10-19,12
2524,Linda Johnson,linda.johnson2524@mail.com,Consumer,India,Karnataka,2022-09-04,26
2525,Raj Murphy,raj.murphy2525@mail.com,Small Business,India,Delhi,2021-02-09,27
2526,Richard Taylor,richard.taylor2526@mail.com,Small Business,DE,Berlin,2024-03-25,22
2527,Chloe Evans,,Consumer,USA,Florida,2019-04-01,4
2528,Patricia Taylor,patricia.taylor2528@mail.com,Consumer,Australia,New South Wales,2023-12-27,17
2529,David Lee,david.lee2529@mail.com,Consumer,USA,Texas,2021-07-17,2
2530,Sunita Martinez,sunita.martinez2530@mail.com,Consumer,India,Uttar Pradesh,2023-12-19,30
2531,James Cole,james.cole2531@mail.com,Consumer,USA,Illinois,2021-10-12,5
2532,Charles Hughes,charles.hughes2532@mail.com,Consumer,USA,California,2022-09-14,1
2533,Oliver Anderson,oliver.anderson2533@mail.com,Small Business,India,Karnataka,2020-03-05,26
2534,Charles Evans,charles.evans2534@mail.com,Small Business,Canada,Alberta,2023-09-29,16
2535,Charles Moore,charles.moore2535@mail.com,Corporate,Australia,New South Wales,2023-10-15,17
2536,Sarah Johnson,sarah.johnson2536@mail.com,Consumer,Canada,Ontario,2019-12-12,13
2537,Barbara Murphy,barbara.murphy2537@mail.com,Corporate,Australia,Western Australia,2022-08-04,20
2538,Priya Miller,priya.miller2538@mail.com,Corporate,UK,England,2021-04-24,9
2539,Richard Martin,richard.martin2539@mail.com,Small Business,Australia,Queensland,2023-01-08,19
2540,Robert Brown,robert.brown2540@mail.com,Consumer,Canada,British Columbia,2022-01-29,15
2541,Jennifer Clarke,jennifer.clarke2541@mail.com,Corporate,Canada,Ontario,2024-06-08,13
2542,Karen Lee,karen.lee2542@mail.com,Consumer,United Kingdom,England,2025-02-14,9
2543,James Sharma,james.sharma2543@mail.com,Consumer,UK,Northern Ireland,2021-10-23,12
2544,Robert Miller,robert.miller2544@mail.com,Small Business,India,Karnataka,2025-02-18,26
2545,Raj Sharma,raj.sharma2545@mail.com,Corporate,Germany,Berlin,2024-11-17,22
2546,Oliver Miller,oliver.miller2546@mail.com,Consumer,Australia,Victoria,2024-12-02,18
2547,Sophie Patel,sophie.patel2547@mail.com,Consumer,USA,New York,2020-03-21,3
2548,Jessica Hughes,jessica.hughes2548@mail.com,Consumer,usa,Ohio,2021-11-10,8
2549,Patricia Miller,patricia.miller2549@mail.com,Consumer,USA,Georgia,2021-03-12,7
2550,Karen Hughes,karen.hughes2550@mail.com,Consumer,UK,Wales,2021-01-10,11
2551,Amit Murphy,amit.murphy2551@mail.com,Corporate,Germany,Hesse,2022-01-09,23
2552,Sunita Clarke,sunita.clarke2552@mail.com,Consumer,Canada,Ontario,2024-02-10,13
2553,Jessica Sharma,jessica.sharma2553@mail.com,Small Business,India,Gujarat,2024-03-06,29
2554,Liam Williams,liam.williams2554@mail.com,Consumer,india,Delhi,2024-02-05,27
2555,Sunita Patel,sunita.patel2555@mail.com,Consumer,UK,Northern Ireland,2019-11-22,12
2556,John Smith,john.smith2556@mail.com,Consumer,India,Maharashtra,2024-07-12,25
2557,Thomas Kapoor,thomas.kapoor2557@mail.com,Consumer,India,Uttar Pradesh,2019-06-08,30
2558,Richard Johnson,richard.johnson2558@mail.com,Consumer,USA,New York,2024-11-16,3
2559,Robert Williams,robert.williams2559@mail.com,Corporate,UK,Scotland,2020-09-25,10
2560,Mary Garcia,mary.garcia2560@mail.com,Corporate,India,Maharashtra,2022-08-11,25
2561,Emma Rodriguez,emma.rodriguez2561@mail.com,Corporate,Australia,Queensland,2020-08-05,19
2562,Karen Williams,karen.williams2562@mail.com,Small Business,India,Karnataka,2021-02-12,26
2563,Daniel Hughes,daniel.hughes2563@mail.com,Corporate,Germany,Hesse,2019-02-10,23
2564,Linda Cole,linda.cole2564@mail.com,Consumer,UK,Wales,2021-05-29,11
2565,David Thomas,david.thomas2565@mail.com,Consumer,Germany,North Rhine-Westphalia,2019-07-01,24
2566,Joseph Moore,joseph.moore2566@mail.com,Corporate,UK,Wales,2020-06-28,11
2567,Priya Taylor,priya.taylor2567@mail.com,Corporate,USA,Ohio,2024-07-01,8
2568,Jessica Wilson,jessica.wilson2568@mail.com,Corporate,USA,Florida,2024-01-27,4
2569,James Taylor,james.taylor2569@mail.com,Corporate,India,Tamil Nadu,2021-06-07,28
2570,Raj Brown,raj.brown2570@mail.com,Small Business,UK,Scotland,2021-01-06,10
2571,Karen Smith,karen.smith2571@mail.com,Corporate,USA,Florida,2024-02-07,4
2572,Priya Iyer,priya.iyer2572@mail.com,Consumer,Australia,New South Wales,2021-01-26,17
2573,Nancy Williams,,Consumer,usa,Florida,2024-08-06,4
2574,Oliver Iyer,oliver.iyer2574@mail.com,Small Business,USA,Florida,2022-09-24,4
2575,Daniel Johnson,daniel.johnson2575@mail.com,Corporate,Germany,Hesse,2025-03-08,23
2576,Amit Bennett,amit.bennett2576@mail.com,Consumer,Australia,New South Wales,2020-08-03,17
2577,Robert Anderson,robert.anderson2577@mail.com,Corporate,India,Karnataka,2024-08-21,26
2578,Chloe Martin,chloe.martin2578@mail.com,Small Business,India,Maharashtra,2021-11-03,25
2579,Patricia Martinez,patricia.martinez2579@mail.com,Consumer,Australia,Queensland,2021-12-30,19
2580,Emma Patel,emma.patel2580@mail.com,Consumer,USA,Texas,2020-12-28,2
2581,Barbara Thompson,barbara.thompson2581@mail.com,Corporate,UK,Wales,2019-07-08,11
2582,Robert Martinez,robert.martinez2582@mail.com,Small Business,India,Karnataka,2021-12-05,26
2583,Oliver Cole,oliver.cole2583@mail.com,Corporate,Germany,Bavaria,2019-08-13,21
2584,Thomas Taylor,thomas.taylor2584@mail.com,Consumer,Germany,Hesse,2019-08-13,23
2585,Joseph Hughes,joseph.hughes2585@mail.com,Small Business,India,Gujarat,2024-07-11,29
2586,Raj Smith,raj.smith2586@mail.com,Consumer,Australia,Queensland,2020-07-13,19
2587,Sarah Garcia,sarah.garcia2587@mail.com,Small Business,USA,Florida,2021-05-11,4
2588,Karen Davis,karen.davis2588@mail.com,Consumer,USA,Ohio,2022-11-08,8
2589,John Iyer,john.iyer2589@mail.com,Small Business,USA,Texas,2019-01-10,2
2590,Joseph Evans,joseph.evans2590@mail.com,Consumer,USA,Ohio,2025-06-04,8
2591,Emma Bennett,emma.bennett2591@mail.com,Consumer,Canada,Alberta,2019-10-11,16
2592,Karen Martinez,karen.martinez2592@mail.com,Corporate,USA,Texas,2024-11-24,2
2593,Priya Jones,priya.jones2593@mail.com,Consumer,USA,California,2025-10-22,1
2594,Barbara Patel,barbara.patel2594@mail.com,Corporate,UK,Wales,2019-07-05,11
2595,Noah Cole,noah.cole2595@mail.com,Small Business,India,Maharashtra,2021-10-16,25
2596,Emma Bennett,emma.bennett2596@mail.com,Consumer,Canada,Alberta,2022-10-26,16
2597,Sunita Sharma,sunita.sharma2597@mail.com,Consumer,UK,England,2019-08-05,9
2598,Susan Smith,susan.smith2598@mail.com,Consumer,Canada,Alberta,2022-01-28,16
2599,Karen Bennett,karen.bennett2599@mail.com,Small Business,India,Tamil Nadu,2022-12-01,28
2600,Karen Jones,karen.jones2600@mail.com,Small Business,Australia,Queensland,2020-12-18,19
2601,Patricia Johnson,patricia.johnson2601@mail.com,Consumer,India,Uttar Pradesh,2020-02-04,30
2602,James Perez,james.perez2602@mail.com,Consumer,Australia,Western Australia,2020-12-13,20
2603,Nancy Taylor,nancy.taylor2603@mail.com,Corporate,UK,Northern Ireland,2025-03-14,12
2604,Karen Lee,karen.lee2604@mail.com,Small Business,India,Tamil Nadu,2020-08-03,28
2605,Robert Martinez,robert.martinez2605@mail.com,Small Business,India,Maharashtra,2021-03-31,25
2606,Michael Iyer,michael.iyer2606@mail.com,Consumer,Canada,British Columbia,2024-12-15,15
2607,Sunita Murphy,sunita.murphy2607@mail.com,Corporate,Canada,Quebec,2020-02-16,14
2608,Sunita Anderson,sunita.anderson2608@mail.com,Consumer,UK,Scotland,2020-12-19,10
2609,Michael Thomas,michael.thomas2609@mail.com,Corporate,India,Maharashtra,2022-02-07,25
2610,Noah Sharma,noah.sharma2610@mail.com,Small Business,UK,Northern Ireland,2019-05-17,12
2611,Sophie Martin,sophie.martin2611@mail.com,Consumer,Germany,Bavaria,2022-04-19,21
2612,John Garcia,john.garcia2612@mail.com,Consumer,USA,New York,2021-02-28,3
2613,Jennifer Davis,jennifer.davis2613@mail.com,Corporate,UK,England,2024-12-26,9
2614,Nancy Hughes,nancy.hughes2614@mail.com,Small Business,UK,Wales,2024-07-05,11
2615,David Miller,david.miller2615@mail.com,Small Business,USA,California,2022-10-08,1
2616,Patricia Garcia,patricia.garcia2616@mail.com,Small Business,Australia,Queensland,2021-01-28,19
2617,Raj Evans,raj.evans2617@mail.com,Consumer,Canada,Quebec,2021-03-03,14
2618,Daniel Bennett,daniel.bennett2618@mail.com,Consumer,United Kingdom,Northern Ireland,2020-12-14,12
2619,Mary Bennett,mary.bennett2619@mail.com,Small Business,India,Delhi,2021-02-21,27
2620,Oliver Cole,oliver.cole2620@mail.com,Consumer,Australia,Victoria,2022-08-10,18
2621,Karen Moore,karen.moore2621@mail.com,Consumer,USA,New York,2019-10-04,3
2622,Priya Lee,priya.lee2622@mail.com,Consumer,USA,New York,2022-03-06,3
2623,Robert Martinez,robert.martinez2623@mail.com,Consumer,India,Maharashtra,2024-06-22,25
2624,Raj Williams,raj.williams2624@mail.com,Corporate,Australia,Western Australia,2021-12-01,20
2625,David Brown,david.brown2625@mail.com,Consumer,USA,Texas,2021-03-02,2
2626,Michael Iyer,michael.iyer2626@mail.com,Corporate,Canada,Quebec,2019-05-11,14
2627,Daniel Jackson,,Consumer,USA,Washington,2024-06-11,6
2628,Richard Anderson,richard.anderson2628@mail.com,Consumer,canada,Quebec,2019-11-24,14
2629,John Patel,john.patel2629@mail.com,Consumer,India,Karnataka,2025-05-20,26
2630,Priya Davis,priya.davis2630@mail.com,Small Business,Canada,Ontario,2023-11-10,13
2631,Patricia Martinez,patricia.martinez2631@mail.com,Consumer,USA,Florida,2022-07-24,4
2632,Nancy Williams,nancy.williams2632@mail.com,Small Business,India,Maharashtra,2025-08-11,25
2633,Noah Miller,noah.miller2633@mail.com,Consumer,Germany,Hesse,2024-07-20,23
2634,Richard Jackson,richard.jackson2634@mail.com,Consumer,USA,Washington,2020-06-17,6
2635,Thomas Wilson,thomas.wilson2635@mail.com,Corporate,Germany,Bavaria,2021-10-09,21
2636,Nancy Patel,nancy.patel2636@mail.com,Small Business,Australia,New South Wales,2019-08-11,17
2637,Barbara Kapoor,barbara.kapoor2637@mail.com,Consumer,USA,Ohio,2025-04-15,8
2638,Daniel Jones,daniel.jones2638@mail.com,Small Business,UK,England,2020-01-27,9
2639,Daniel Perez,daniel.perez2639@mail.com,Consumer,Australia,New South Wales,2023-03-28,17
2640,Susan Evans,susan.evans2640@mail.com,Consumer,India,Delhi,2025-08-17,27
2641,Richard Thomas,richard.thomas2641@mail.com,Small Business,USA,New York,2020-02-22,3
2642,Jennifer Smith,jennifer.smith2642@mail.com,Consumer,Australia,New South Wales,2019-08-02,17
2643,Richard Davis,richard.davis2643@mail.com,Small Business,India,Tamil Nadu,2020-04-29,28
2644,Emma Davis,emma.davis2644@mail.com,Consumer,UK,England,2022-01-27,9
2645,Amit Iyer,amit.iyer2645@mail.com,Corporate,Germany,Bavaria,2019-06-29,21
2646,Priya Thomas,priya.thomas2646@mail.com,Consumer,Germany,Hesse,2025-05-17,23
2647,David Hughes,david.hughes2647@mail.com,Small Business,UK,Northern Ireland,2024-05-07,12
2648,Susan Jones,susan.jones2648@mail.com,Consumer,UK,Scotland,2021-03-28,10
2649,Raj Iyer,raj.iyer2649@mail.com,Corporate,australia,New South Wales,2020-11-18,17
2650,Richard Murphy,richard.murphy2650@mail.com,Small Business,USA,Florida,2023-05-04,4
2651,Sarah Moore,sarah.moore2651@mail.com,Consumer,Canada,Alberta,2025-03-22,16
2652,Thomas Anderson,,Small Business,Australia,Western Australia,2019-07-14,20
2653,Oliver Martinez,oliver.martinez2653@mail.com,Consumer,USA,Ohio,2021-01-28,8
2654,Sarah Lee,sarah.lee2654@mail.com,Consumer,UK,Scotland,2020-03-25,10
2655,Patricia Garcia,patricia.garcia2655@mail.com,Corporate,UK,Scotland,2025-07-22,10
2656,Priya Thompson,priya.thompson2656@mail.com,Consumer,USA,Ohio,2019-07-27,8
2657,Robert Hughes,robert.hughes2657@mail.com,Corporate,Australia,Queensland,2021-04-30,19
2658,David Bennett,david.bennett2658@mail.com,Small Business,IND,Uttar Pradesh,2021-12-22,30
2659,Liam Jones,liam.jones2659@mail.com,Consumer,USA,Ohio,2020-04-22,8
2660,Noah Lee,noah.lee2660@mail.com,Corporate,Australia,New South Wales,2020-10-25,17
2661,Michael Rodriguez,michael.rodriguez2661@mail.com,Corporate,USA,Illinois,2020-05-29,5
2662,Sunita Murphy,sunita.murphy2662@mail.com,Consumer,USA,California,2022-03-09,1
2663,Priya Williams,priya.williams2663@mail.com,Small Business,Australia,Queensland,2025-05-18,19
2664,Sunita Williams,sunita.williams2664@mail.com,Consumer,USA,Texas,2021-06-14,2
2665,Noah Smith,noah.smith2665@mail.com,Consumer,USA,Illinois,2022-06-28,5
2666,Sophie Martin,sophie.martin2666@mail.com,Consumer,India,Tamil Nadu,2025-03-01,28
2667,Priya Smith,priya.smith2667@mail.com,Small Business,USA,Georgia,2021-08-16,7
2668,Liam Perez,liam.perez2668@mail.com,Consumer,USA,Washington,2025-02-18,6
2669,Daniel Taylor,daniel.taylor2669@mail.com,Small Business,USA,New York,2019-01-10,3
2670,Oliver Perez,oliver.perez2670@mail.com,Consumer,UK,Wales,2021-11-20,11
2671,Michael Cole,,Consumer,canada,Ontario,2020-05-13,13
2672,Mary Lee,mary.lee2672@mail.com,Consumer,UK,England,2023-05-28,9
2673,David Lee,david.lee2673@mail.com,Consumer,USA,Georgia,2019-05-11,7
2674,Noah Lee,noah.lee2674@mail.com,Consumer,USA,Florida,2024-06-27,4
2675,Sarah Sharma,,Small Business,India,Gujarat,2022-04-22,29
2676,Oliver Jones,oliver.jones2676@mail.com,Consumer,USA,Illinois,2025-09-10,5
2677,Susan Taylor,susan.taylor2677@mail.com,Consumer,Germany,Hesse,2020-06-22,23
2678,Linda Murphy,linda.murphy2678@mail.com,Consumer,Australia,New South Wales,2020-03-07,17
2679,Oliver Perez,oliver.perez2679@mail.com,Consumer,India,Karnataka,2025-03-27,26
2680,Sunita Bennett,sunita.bennett2680@mail.com,Corporate,USA,Florida,2021-10-26,4
2681,Barbara Jones,barbara.jones2681@mail.com,Small Business,UK,England,2019-05-02,9
2682,Thomas Martin,thomas.martin2682@mail.com,Consumer,UK,Scotland,2022-11-15,10
2683,Charles Williams,charles.williams2683@mail.com,Corporate,USA,Texas,2019-04-09,2
2684,Joseph Anderson,joseph.anderson2684@mail.com,Consumer,USA,California,2023-06-11,1
2685,Charles Smith,charles.smith2685@mail.com,Corporate,Germany,North Rhine-Westphalia,2023-05-15,24
2686,Raj Davis,raj.davis2686@mail.com,Consumer,Australia,Western Australia,2019-08-22,20
2687,Sophie Evans,sophie.evans2687@mail.com,Consumer,UK,England,2019-11-18,9
2688,Nancy Patel,nancy.patel2688@mail.com,Small Business,USA,New York,2022-04-02,3
2689,Jennifer Clarke,jennifer.clarke2689@mail.com,Consumer,United States,Ohio,2024-03-30,8
2690,Charles Jones,charles.jones2690@mail.com,Consumer,India,Uttar Pradesh,2021-02-14,30
2691,Thomas Garcia,thomas.garcia2691@mail.com,Small Business,India,Tamil Nadu,2024-12-07,28
2692,Jennifer Perez,jennifer.perez2692@mail.com,Corporate,USA,Illinois,2019-04-28,5
2693,Daniel Patel,daniel.patel2693@mail.com,Corporate,USA,Illinois,2024-03-23,5
2694,Sophie Jones,sophie.jones2694@mail.com,Consumer,USA,Florida,2020-07-25,4
2695,Sunita Iyer,sunita.iyer2695@mail.com,Small Business,U.K.,Scotland,2019-02-20,10
2696,Sarah Anderson,sarah.anderson2696@mail.com,Corporate,India,Maharashtra,2022-03-30,25
2697,Mary Davis,mary.davis2697@mail.com,Consumer,Germany,Hesse,2019-01-18,23
2698,Oliver Jackson,oliver.jackson2698@mail.com,Small Business,Germany,North Rhine-Westphalia,2021-06-18,24
2699,Linda Williams,linda.williams2699@mail.com,Consumer,United Kingdom,Scotland,2023-08-21,10
2700,David Anderson,david.anderson2700@mail.com,Corporate,UK,England,2025-07-17,9
2701,Linda Johnson,linda.johnson2701@mail.com,Consumer,India,Tamil Nadu,2021-09-26,28
2702,Raj Miller,raj.miller2702@mail.com,Small Business,India,Gujarat,2023-05-25,29
2703,Charles Cole,charles.cole2703@mail.com,Consumer,Germany,Hesse,2019-11-13,23
2704,Emma Anderson,emma.anderson2704@mail.com,Small Business,UK,England,2021-06-24,9
2705,Joseph Jackson,joseph.jackson2705@mail.com,Corporate,Australia,Queensland,2022-03-23,19
2706,Chloe Moore,chloe.moore2706@mail.com,Consumer,USA,Ohio,2023-02-13,8
2707,Noah Johnson,noah.johnson2707@mail.com,Consumer,Canada,Ontario,2021-10-30,13
2708,Mary Sharma,mary.sharma2708@mail.com,Consumer,USA,Georgia,2021-12-26,7
2709,Richard Brown,richard.brown2709@mail.com,Corporate,UK,Wales,2024-08-31,11
2710,Amit Martin,amit.martin2710@mail.com,Corporate,India,Delhi,2019-04-08,27
2711,Priya Hughes,priya.hughes2711@mail.com,Consumer,DE,Bavaria,2022-09-03,21
2712,David Hughes,david.hughes2712@mail.com,Small Business,USA,Texas,2024-09-18,2
2713,Sunita Rodriguez,sunita.rodriguez2713@mail.com,Small Business,India,Uttar Pradesh,2021-01-28,30
2714,Daniel Lee,daniel.lee2714@mail.com,Consumer,UK,Scotland,2022-03-22,10
2715,Daniel Garcia,daniel.garcia2715@mail.com,Consumer,India,Maharashtra,2019-03-19,25
2716,Joseph Sharma,joseph.sharma2716@mail.com,Small Business,Germany,Berlin,2020-08-24,22
2717,Joseph Anderson,joseph.anderson2717@mail.com,Consumer,Germany,North Rhine-Westphalia,2019-07-28,24
2718,Daniel Sharma,daniel.sharma2718@mail.com,Small Business,Germany,Hesse,2022-12-20,23
2719,Noah Hughes,noah.hughes2719@mail.com,Corporate,UK,England,2025-03-28,9
2720,Robert Martin,robert.martin2720@mail.com,Consumer,USA,Washington,2023-04-03,6
2721,David Taylor,david.taylor2721@mail.com,Consumer,UK,Wales,2020-04-11,11
2722,Chloe Davis,chloe.davis2722@mail.com,Small Business,USA,Washington,2024-03-31,6
2723,Charles Taylor,charles.taylor2723@mail.com,Consumer,UK,Scotland,2021-07-31,10
2724,Susan Hughes,susan.hughes2724@mail.com,Consumer,Australia,Queensland,2019-01-01,19
2725,Sophie Anderson,sophie.anderson2725@mail.com,Consumer,Germany,North Rhine-Westphalia,2020-06-04,24
2726,Sarah Evans,sarah.evans2726@mail.com,Consumer,USA,Georgia,2024-07-07,7
2727,Sarah Murphy,,Consumer,Canada,British Columbia,2020-04-23,15
2728,Nancy Smith,nancy.smith2728@mail.com,Consumer,Germany,Hesse,2024-12-04,23
2729,Charles Murphy,,Consumer,Australia,New South Wales,2019-07-16,17
2730,John Moore,john.moore2730@mail.com,Consumer,USA,Illinois,2024-02-13,5
2731,Jennifer Davis,jennifer.davis2731@mail.com,Corporate,Australia,New South Wales,2024-08-03,17
2732,Robert Martin,robert.martin2732@mail.com,Small Business,UK,Scotland,2024-06-04,10
2733,Priya Rodriguez,priya.rodriguez2733@mail.com,Corporate,India,Tamil Nadu,2022-05-18,28
2734,Michael Jones,michael.jones2734@mail.com,Consumer,India,Tamil Nadu,2025-09-26,28
2735,Jennifer Garcia,jennifer.garcia2735@mail.com,Consumer,uk,Wales,2020-01-16,11
2736,Susan Thompson,susan.thompson2736@mail.com,Corporate,India,Uttar Pradesh,2020-12-11,30
2737,Amit Hughes,amit.hughes2737@mail.com,Corporate,USA,New York,2023-01-06,3
2738,Patricia Patel,patricia.patel2738@mail.com,Consumer,USA,Illinois,2024-09-21,5
2739,Linda Thomas,linda.thomas2739@mail.com,Consumer,Australia,Victoria,2022-01-26,18
2740,Emma Wilson,emma.wilson2740@mail.com,Consumer,UK,Scotland,2023-07-18,10
2741,Sunita Brown,sunita.brown2741@mail.com,Corporate,uk,Northern Ireland,2021-09-14,12
2742,Sarah Patel,sarah.patel2742@mail.com,Corporate,UK,England,2020-01-12,9
2743,Sarah Jackson,sarah.jackson2743@mail.com,Small Business,India,Maharashtra,2021-08-15,25
2744,Michael Perez,michael.perez2744@mail.com,Corporate,Germany,Bavaria,2019-02-20,21
2745,Jennifer Sharma,jennifer.sharma2745@mail.com,Consumer,Australia,Queensland,2022-05-02,19
2746,Liam Thomas,liam.thomas2746@mail.com,Small Business,USA,Texas,2022-08-11,2
2747,James Davis,james.davis2747@mail.com,Small Business,USA,Washington,2022-04-24,6
2748,Mary Jones,mary.jones2748@mail.com,Consumer,UK,Scotland,2019-10-27,10
2749,Daniel Perez,daniel.perez2749@mail.com,Small Business,Germany,North Rhine-Westphalia,2020-09-09,24
2750,Jennifer Jones,jennifer.jones2750@mail.com,Small Business,Canada,Alberta,2025-03-27,16
2751,Priya Martin,priya.martin2751@mail.com,Small Business,U.S.A,Washington,2022-07-24,6
2752,Mary Murphy,mary.murphy2752@mail.com,Corporate,USA,Texas,2024-04-30,2
2753,Daniel Jones,daniel.jones2753@mail.com,Consumer,USA,Texas,2023-02-11,2
2754,Mary Garcia,mary.garcia2754@mail.com,Consumer,USA,Texas,2022-05-28,2
2755,David Cole,david.cole2755@mail.com,Consumer,Germany,Bavaria,2020-04-02,21
2756,Jennifer Martin,jennifer.martin2756@mail.com,Consumer,Germany,Hesse,2021-12-17,23
2757,Joseph Thompson,joseph.thompson2757@mail.com,Corporate,India,Delhi,2019-07-06,27
2758,Daniel Sharma,daniel.sharma2758@mail.com,Consumer,UK,Scotland,2020-04-01,10
2759,James Murphy,james.murphy2759@mail.com,Corporate,Australia,Queensland,2023-05-13,19
2760,Sunita Iyer,sunita.iyer2760@mail.com,Corporate,USA,Washington,2024-01-20,6
2761,Raj Hughes,raj.hughes2761@mail.com,Consumer,India,Uttar Pradesh,2024-03-27,30
2762,Barbara Williams,barbara.williams2762@mail.com,Consumer,Australia,Western Australia,2022-04-25,20
2763,Michael Moore,michael.moore2763@mail.com,Corporate,India,Gujarat,2019-02-15,29
2764,Nancy Jackson,,Corporate,Germany,Berlin,2023-03-27,22
2765,Sophie Jackson,sophie.jackson2765@mail.com,Consumer,india,Tamil Nadu,2019-08-03,28
2766,Jennifer Davis,jennifer.davis2766@mail.com,Consumer,India,Delhi,2025-04-27,27
2767,Liam Thomas,liam.thomas2767@mail.com,Corporate,India,Delhi,2019-11-14,27
2768,Nancy Jones,nancy.jones2768@mail.com,Consumer,India,Gujarat,2023-01-21,29
2769,Emma Perez,emma.perez2769@mail.com,Small Business,U.K.,England,2019-04-20,9
2770,Liam Clarke,liam.clarke2770@mail.com,Consumer,Australia,New South Wales,2025-02-02,17
2771,Jennifer Thompson,jennifer.thompson2771@mail.com,Consumer,australia,Western Australia,2020-05-18,20
2772,Raj Martin,raj.martin2772@mail.com,Small Business,Germany,Bavaria,2023-03-14,21
2773,David Garcia,david.garcia2773@mail.com,Consumer,USA,New York,2019-06-17,3
2774,Sunita Patel,sunita.patel2774@mail.com,Consumer,UK,Northern Ireland,2020-09-03,12
2775,Richard Cole,richard.cole2775@mail.com,Small Business,Germany,Hesse,2021-11-05,23
2776,Thomas Thompson,thomas.thompson2776@mail.com,Corporate,Canada,Alberta,2025-04-14,16
2777,Daniel Williams,daniel.williams2777@mail.com,Consumer,UK,Northern Ireland,2020-04-23,12
2778,Linda Taylor,linda.taylor2778@mail.com,Consumer,USA,Georgia,2025-03-20,7
2779,Joseph Jones,joseph.jones2779@mail.com,Small Business,Canada,Ontario,2019-06-14,13
2780,Patricia Smith,patricia.smith2780@mail.com,Corporate,USA,New York,2022-11-30,3
2781,Michael Martin,michael.martin2781@mail.com,Small Business,Australia,Western Australia,2019-11-03,20
2782,Sophie Cole,sophie.cole2782@mail.com,Consumer,IND,Tamil Nadu,2025-01-07,28
2783,Charles Patel,charles.patel2783@mail.com,Consumer,Germany,Bavaria,2022-04-19,21
2784,Jessica Hughes,jessica.hughes2784@mail.com,Consumer,India,Gujarat,2020-11-26,29
2785,John Thompson,john.thompson2785@mail.com,Consumer,Australia,New South Wales,2025-06-20,17
2786,Patricia Garcia,patricia.garcia2786@mail.com,Consumer,UK,England,2022-02-26,9
2787,Sarah Murphy,sarah.murphy2787@mail.com,Corporate,Germany,Hesse,2020-02-10,23
2788,Nancy Thompson,nancy.thompson2788@mail.com,Consumer,Germany,Hesse,2024-01-21,23
2789,Mary Murphy,mary.murphy2789@mail.com,Small Business,USA,Georgia,2023-04-15,7
2790,Emma Lee,emma.lee2790@mail.com,Corporate,India,Maharashtra,2019-11-12,25
2791,Charles Clarke,charles.clarke2791@mail.com,Small Business,India,Gujarat,2019-11-28,29
2792,Patricia Williams,patricia.williams2792@mail.com,Corporate,Germany,Berlin,2020-10-24,22
2793,Sarah Patel,sarah.patel2793@mail.com,Small Business,IND,Gujarat,2023-12-05,29
2794,John Murphy,john.murphy2794@mail.com,Corporate,Germany,North Rhine-Westphalia,2020-07-01,24
2795,Nancy Lee,nancy.lee2795@mail.com,Consumer,UK,England,2023-03-25,9
2796,Liam Smith,liam.smith2796@mail.com,Corporate,U.S.A,Illinois,2019-09-17,5
2797,Noah Clarke,noah.clarke2797@mail.com,Small Business,India,Uttar Pradesh,2025-02-03,30
2798,Raj Sharma,raj.sharma2798@mail.com,Consumer,Canada,Ontario,2024-08-18,13
2799,Jessica Martin,jessica.martin2799@mail.com,Consumer,Germany,Bavaria,2022-02-28,21
2800,Jessica Anderson,jessica.anderson2800@mail.com,Consumer,India,Delhi,2022-12-23,27
2801,Sophie Johnson,sophie.johnson2801@mail.com,Corporate,Australia,Western Australia,2021-10-24,20
2802,Amit Martin,amit.martin2802@mail.com,Corporate,USA,Ohio,2023-10-15,8
2803,Jessica Davis,jessica.davis2803@mail.com,Corporate,USA,Ohio,2019-05-10,8
2804,Emma Jackson,emma.jackson2804@mail.com,Small Business,Australia,Victoria,2022-02-19,18
2805,Emma Clarke,emma.clarke2805@mail.com,Consumer,India,Karnataka,2020-08-27,26
2806,Joseph Anderson,joseph.anderson2806@mail.com,Consumer,India,Delhi,2025-01-26,27
2807,Daniel Evans,daniel.evans2807@mail.com,Consumer,USA,Florida,2024-02-18,4
2808,Sunita Cole,sunita.cole2808@mail.com,Consumer,india,Tamil Nadu,2022-04-05,28
2809,Oliver Hughes,oliver.hughes2809@mail.com,Small Business,USA,Florida,2024-04-10,4
2810,Amit Perez,amit.perez2810@mail.com,Consumer,USA,Washington,2022-06-07,6
2811,Patricia Thomas,patricia.thomas2811@mail.com,Consumer,USA,Ohio,2021-10-20,8
2812,John Rodriguez,john.rodriguez2812@mail.com,Corporate,USA,Texas,2024-04-12,2
2813,Sarah Clarke,sarah.clarke2813@mail.com,Consumer,USA,Texas,2025-04-24,2
2814,Linda Cole,linda.cole2814@mail.com,Corporate,UK,England,2021-08-07,9
2815,Sophie Williams,sophie.williams2815@mail.com,Consumer,USA,Ohio,2023-02-21,8
2816,Barbara Thompson,barbara.thompson2816@mail.com,Corporate,UK,Scotland,2022-05-01,10
2817,Noah Lee,noah.lee2817@mail.com,Consumer,Australia,New South Wales,2020-03-17,17
2818,Jessica Rodriguez,jessica.rodriguez2818@mail.com,Small Business,Germany,Hesse,2022-09-16,23
2819,Michael Smith,michael.smith2819@mail.com,Consumer,India,Maharashtra,2024-03-30,25
2820,Amit Iyer,amit.iyer2820@mail.com,Small Business,UK,Scotland,2025-06-26,10
2821,Emma Smith,emma.smith2821@mail.com,Consumer,India,Karnataka,2019-12-05,26
2822,Daniel Martin,daniel.martin2822@mail.com,Consumer,Australia,Western Australia,2019-10-09,20
2823,Patricia Martin,patricia.martin2823@mail.com,Small Business,UK,Scotland,2020-04-03,10
2824,James Taylor,james.taylor2824@mail.com,Consumer,UK,Wales,2021-10-13,11
2825,Priya Miller,priya.miller2825@mail.com,Consumer,USA,Texas,2024-06-09,2
2826,Amit Evans,amit.evans2826@mail.com,Consumer,Australia,Queensland,2020-03-02,19
2827,Richard Thomas,richard.thomas2827@mail.com,Consumer,Germany,Berlin,2022-06-26,22
2828,Susan Brown,susan.brown2828@mail.com,Consumer,Germany,Berlin,2023-03-10,22
2829,John Thomas,john.thomas2829@mail.com,Corporate,India,Tamil Nadu,2023-11-22,28
2830,Priya Perez,priya.perez2830@mail.com,Small Business,USA,Georgia,2025-03-30,7
2831,David Rodriguez,david.rodriguez2831@mail.com,Small Business,Australia,New South Wales,2020-09-03,17
2832,Sophie Lee,sophie.lee2832@mail.com,Consumer,USA,Ohio,2021-01-25,8
2833,Jessica Perez,jessica.perez2833@mail.com,Small Business,India,Delhi,2025-08-27,27
2834,Susan Thompson,susan.thompson2834@mail.com,Small Business,United Kingdom,Northern Ireland,2019-10-03,12
2835,David Patel,david.patel2835@mail.com,Small Business,Germany,North Rhine-Westphalia,2021-11-24,24
2836,Joseph Clarke,,Consumer,India,Gujarat,2022-01-10,29
2837,Michael Thomas,michael.thomas2837@mail.com,Consumer,India,Delhi,2022-09-21,27
2838,Karen Evans,karen.evans2838@mail.com,Consumer,India,Tamil Nadu,2022-03-29,28
2839,Karen Jackson,karen.jackson2839@mail.com,Corporate,Australia,New South Wales,2024-12-12,17
2840,Jennifer Anderson,jennifer.anderson2840@mail.com,Corporate,Germany,Berlin,2021-12-21,22
2841,Karen Lee,karen.lee2841@mail.com,Small Business,germany,North Rhine-Westphalia,2025-03-13,24
2842,Sarah Rodriguez,sarah.rodriguez2842@mail.com,Consumer,UK,Northern Ireland,2022-08-22,12
2843,Barbara Perez,barbara.perez2843@mail.com,Consumer,Germany,Berlin,2019-04-28,22
2844,Susan Clarke,susan.clarke2844@mail.com,Corporate,Germany,Berlin,2024-11-26,22
2845,Amit Taylor,amit.taylor2845@mail.com,Consumer,UK,England,2024-07-24,9
2846,Sunita Jones,sunita.jones2846@mail.com,Small Business,USA,New York,2025-04-04,3
2847,Sophie Bennett,sophie.bennett2847@mail.com,Consumer,USA,Texas,2025-03-09,2
2848,Raj Brown,raj.brown2848@mail.com,Consumer,india,Tamil Nadu,2022-10-12,28
2849,Sunita Davis,sunita.davis2849@mail.com,Consumer,Australia,New South Wales,2019-04-20,17
2850,Thomas Evans,thomas.evans2850@mail.com,Corporate,UK,England,2022-01-16,9
2851,Amit Garcia,amit.garcia2851@mail.com,Consumer,Canada,British Columbia,2020-04-21,15
2852,Patricia Miller,patricia.miller2852@mail.com,Corporate,Canada,British Columbia,2019-01-02,15
2853,Charles Taylor,charles.taylor2853@mail.com,Small Business,India,Delhi,2019-07-18,27
2854,Emma Wilson,emma.wilson2854@mail.com,Consumer,Germany,North Rhine-Westphalia,2021-08-23,24
2855,Emma Lee,emma.lee2855@mail.com,Consumer,Germany,Bavaria,2021-06-06,21
2856,Nancy Kapoor,nancy.kapoor2856@mail.com,Consumer,Australia,Victoria,2025-08-06,18
2857,Raj Kapoor,raj.kapoor2857@mail.com,Corporate,India,Karnataka,2019-02-28,26
2858,Mary Garcia,mary.garcia2858@mail.com,Consumer,Germany,Hesse,2024-12-27,23
2859,Joseph Sharma,joseph.sharma2859@mail.com,Consumer,Canada,Ontario,2019-08-25,13
2860,James Evans,james.evans2860@mail.com,Corporate,USA,Illinois,2023-02-24,5
2861,Robert Hughes,robert.hughes2861@mail.com,Corporate,UK,Wales,2019-05-14,11
2862,John Jackson,john.jackson2862@mail.com,Consumer,UK,England,2023-04-06,9
2863,Chloe Thompson,chloe.thompson2863@mail.com,Consumer,UK,England,2022-06-14,9
2864,Jessica Williams,jessica.williams2864@mail.com,Consumer,USA,Texas,2020-12-09,2
2865,Robert Rodriguez,robert.rodriguez2865@mail.com,Small Business,USA,Washington,2024-10-07,6
2866,Linda Anderson,linda.anderson2866@mail.com,Corporate,India,Karnataka,2019-07-14,26
2867,Robert Thompson,robert.thompson2867@mail.com,Consumer,UK,Northern Ireland,2022-05-16,12
2868,Mary Iyer,mary.iyer2868@mail.com,Consumer,Germany,North Rhine-Westphalia,2025-09-11,24
2869,Joseph Cole,joseph.cole2869@mail.com,Consumer,UK,Wales,2022-05-03,11
2870,Joseph Thompson,joseph.thompson2870@mail.com,Consumer,USA,Texas,2023-05-18,2
2871,Priya Martin,priya.martin2871@mail.com,Consumer,United States,Washington,2021-12-11,6
2872,Barbara Kapoor,barbara.kapoor2872@mail.com,Consumer,USA,Georgia,2025-01-28,7
2873,Nancy Johnson,nancy.johnson2873@mail.com,Consumer,Germany,North Rhine-Westphalia,2025-04-03,24
2874,Oliver Hughes,oliver.hughes2874@mail.com,Small Business,United States,Illinois,2021-01-13,5
2875,Jennifer Sharma,jennifer.sharma2875@mail.com,Corporate,India,Uttar Pradesh,2019-03-20,30
2876,Sarah Moore,sarah.moore2876@mail.com,Small Business,USA,Florida,2022-08-09,4
2877,James Miller,james.miller2877@mail.com,Consumer,India,Maharashtra,2021-06-25,25
2878,Sophie Patel,sophie.patel2878@mail.com,Consumer,Germany,North Rhine-Westphalia,2025-10-09,24
2879,Chloe Evans,chloe.evans2879@mail.com,Consumer,Germany,Berlin,2023-06-26,22
2880,Charles Martinez,charles.martinez2880@mail.com,Consumer,India,Gujarat,2025-06-30,29
2881,Michael Johnson,,Consumer,India,Delhi,2022-08-23,27
2882,Emma Thompson,emma.thompson2882@mail.com,Consumer,Germany,North Rhine-Westphalia,2023-10-24,24
2883,Charles Martin,charles.martin2883@mail.com,Consumer,Australia,New South Wales,2020-04-29,17
2884,Amit Davis,amit.davis2884@mail.com,Consumer,USA,Illinois,2024-01-20,5
2885,Nancy Garcia,nancy.garcia2885@mail.com,Consumer,usa,Florida,2022-12-04,4
2886,Raj Johnson,raj.johnson2886@mail.com,Consumer,USA,Ohio,2024-11-24,8
2887,Susan Davis,susan.davis2887@mail.com,Small Business,USA,Ohio,2022-07-20,8
2888,Priya Smith,priya.smith2888@mail.com,Consumer,UK,Wales,2020-08-08,11
2889,Jennifer Williams,jennifer.williams2889@mail.com,Consumer,Germany,Bavaria,2020-11-02,21
2890,David Clarke,david.clarke2890@mail.com,Corporate,India,Tamil Nadu,2022-08-27,28
2891,Joseph Anderson,joseph.anderson2891@mail.com,Small Business,Germany,Bavaria,2021-09-17,21
2892,Raj Taylor,raj.taylor2892@mail.com,Corporate,Germany,Bavaria,2022-05-08,21
2893,Joseph Perez,joseph.perez2893@mail.com,Consumer,Germany,Hesse,2020-10-31,23
2894,Michael Martin,michael.martin2894@mail.com,Consumer,Canada,British Columbia,2022-03-22,15
2895,James Iyer,james.iyer2895@mail.com,Corporate,Canada,Alberta,2025-06-09,16
2896,Amit Williams,amit.williams2896@mail.com,Consumer,Australia,Queensland,2019-04-16,19
2897,Chloe Williams,chloe.williams2897@mail.com,Consumer,India,Maharashtra,2022-09-23,25
2898,Karen Martinez,karen.martinez2898@mail.com,Consumer,USA,Washington,2024-03-16,6
2899,Sunita Hughes,sunita.hughes2899@mail.com,Small Business,India,Tamil Nadu,2025-06-22,28
2900,Karen Cole,karen.cole2900@mail.com,Consumer,USA,Washington,2024-12-28,6
2901,Daniel Anderson,daniel.anderson2901@mail.com,Corporate,India,Karnataka,2022-02-08,26
2902,Susan Hughes,susan.hughes2902@mail.com,Consumer,Australia,Western Australia,2024-10-25,20
2903,David Davis,david.davis2903@mail.com,Consumer,USA,Illinois,2021-07-22,5
2904,Nancy Miller,nancy.miller2904@mail.com,Consumer,Germany,Bavaria,2022-12-18,21
2905,Thomas Cole,thomas.cole2905@mail.com,Consumer,Australia,New South Wales,2025-03-02,17
2906,Joseph Perez,joseph.perez2906@mail.com,Corporate,India,Uttar Pradesh,2023-05-03,30
2907,James Rodriguez,james.rodriguez2907@mail.com,Consumer,Canada,British Columbia,2023-02-19,15
2908,Jennifer Thomas,jennifer.thomas2908@mail.com,Consumer,Canada,Ontario,2019-07-16,13
2909,Charles Brown,charles.brown2909@mail.com,Consumer,India,Gujarat,2021-10-03,29
2910,Karen Williams,karen.williams2910@mail.com,Corporate,USA,Texas,2019-08-12,2
2911,Charles Martinez,charles.martinez2911@mail.com,Consumer,USA,Georgia,2020-03-12,7
2912,Richard Brown,richard.brown2912@mail.com,Small Business,UK,England,2022-11-03,9
2913,Emma Martin,emma.martin2913@mail.com,Corporate,AUS,New South Wales,2021-03-24,17
2914,David Murphy,david.murphy2914@mail.com,Consumer,USA,Florida,2025-09-05,4
2915,Karen Hughes,,Consumer,USA,Ohio,2021-11-25,8
2916,Emma Perez,emma.perez2916@mail.com,Corporate,Australia,New South Wales,2019-03-03,17
2917,David Kapoor,david.kapoor2917@mail.com,Small Business,australia,New South Wales,2022-09-03,17
2918,Thomas Taylor,thomas.taylor2918@mail.com,Consumer,Australia,New South Wales,2019-06-04,17
2919,Daniel Jackson,daniel.jackson2919@mail.com,Consumer,USA,Georgia,2025-02-15,7
2920,Oliver Davis,oliver.davis2920@mail.com,Corporate,U.S.A,Washington,2020-09-16,6
2921,Oliver Wilson,oliver.wilson2921@mail.com,Consumer,Australia,Victoria,2023-09-23,18
2922,Oliver Moore,oliver.moore2922@mail.com,Corporate,Germany,North Rhine-Westphalia,2021-10-08,24
2923,Raj Moore,raj.moore2923@mail.com,Consumer,USA,California,2020-06-26,1
2924,Noah Perez,noah.perez2924@mail.com,Corporate,United States,New York,2025-08-23,3
2925,Sophie Smith,sophie.smith2925@mail.com,Consumer,India,Uttar Pradesh,2023-02-01,30
2926,Sarah Brown,sarah.brown2926@mail.com,Consumer,USA,Illinois,2022-01-21,5
2927,David Williams,david.williams2927@mail.com,Consumer,Germany,Hesse,2024-08-24,23
2928,Joseph Sharma,joseph.sharma2928@mail.com,Consumer,Germany,Bavaria,2022-09-20,21
2929,Emma Davis,emma.davis2929@mail.com,Consumer,Australia,Victoria,2020-03-30,18
2930,Raj Kapoor,raj.kapoor2930@mail.com,Consumer,India,Gujarat,2023-11-21,29
2931,Linda Evans,linda.evans2931@mail.com,Consumer,UK,Northern Ireland,2023-09-22,12
2932,Richard Thomas,richard.thomas2932@mail.com,Consumer,USA,Georgia,2021-11-05,7
2933,Susan Martin,,Consumer,USA,Illinois,2021-07-08,5
2934,Karen Smith,karen.smith2934@mail.com,Consumer,Germany,Berlin,2021-02-13,22
2935,Amit Hughes,amit.hughes2935@mail.com,Corporate,Australia,Western Australia,2023-07-23,20
2936,David Davis,david.davis2936@mail.com,Consumer,uk,Northern Ireland,2022-02-24,12
2937,Barbara Williams,barbara.williams2937@mail.com,Consumer,USA,Florida,2020-06-09,4
2938,Joseph Patel,joseph.patel2938@mail.com,Consumer,Australia,Victoria,2025-02-19,18
2939,Sunita Hughes,sunita.hughes2939@mail.com,Consumer,USA,Florida,2020-07-22,4
2940,Richard Williams,richard.williams2940@mail.com,Consumer,Germany,North Rhine-Westphalia,2019-11-15,24
2941,Karen Cole,karen.cole2941@mail.com,Corporate,UK,Scotland,2019-07-07,10
2942,Jennifer Jackson,jennifer.jackson2942@mail.com,Consumer,India,Maharashtra,2023-05-31,25
2943,Richard Anderson,richard.anderson2943@mail.com,Consumer,USA,Illinois,2023-11-05,5
2944,Michael Murphy,michael.murphy2944@mail.com,Corporate,Australia,Victoria,2020-10-02,18
2945,Daniel Rodriguez,daniel.rodriguez2945@mail.com,Corporate,USA,Washington,2019-10-18,6
2946,Jennifer Iyer,jennifer.iyer2946@mail.com,Consumer,Germany,Hesse,2021-12-28,23
2947,Raj Cole,raj.cole2947@mail.com,Consumer,Canada,Alberta,2023-02-19,16
2948,Chloe Miller,chloe.miller2948@mail.com,Small Business,India,Delhi,2025-11-02,27
2949,Sarah Iyer,sarah.iyer2949@mail.com,Corporate,USA,Texas,2021-10-08,2
2950,Michael Davis,michael.davis2950@mail.com,Consumer,Canada,Quebec,2020-10-04,14
2951,Sunita Davis,sunita.davis2951@mail.com,Consumer,India,Karnataka,2021-07-07,26
2952,Sophie Rodriguez,sophie.rodriguez2952@mail.com,Small Business,USA,Washington,2021-07-09,6
2953,Michael Davis,michael.davis2953@mail.com,Consumer,UK,Wales,2021-08-16,11
2954,Michael Hughes,michael.hughes2954@mail.com,Small Business,UK,England,2023-06-15,9
2955,Linda Hughes,linda.hughes2955@mail.com,Corporate,Australia,Queensland,2021-04-15,19
2956,Nancy Anderson,nancy.anderson2956@mail.com,Small Business,Canada,British Columbia,2019-04-06,15
2957,John Clarke,john.clarke2957@mail.com,Small Business,USA,Illinois,2022-07-05,5
2958,Patricia Brown,patricia.brown2958@mail.com,Consumer,UK,England,2022-05-27,9
2959,Chloe Williams,chloe.williams2959@mail.com,Corporate,Canada,British Columbia,2019-02-01,15
2960,Raj Patel,raj.patel2960@mail.com,Small Business,UK,Northern Ireland,2022-01-21,12
2961,Sarah Thompson,sarah.thompson2961@mail.com,Consumer,USA,Washington,2019-12-12,6
2962,James Clarke,james.clarke2962@mail.com,Consumer,India,Maharashtra,2022-05-25,25
2963,Sophie Lee,sophie.lee2963@mail.com,Consumer,U.S.A,Ohio,2023-08-24,8
2964,Mary Bennett,mary.bennett2964@mail.com,Consumer,Australia,New South Wales,2025-07-31,17
2965,Sarah Anderson,sarah.anderson2965@mail.com,Corporate,Germany,Berlin,2024-07-11,22
2966,Nancy Wilson,nancy.wilson2966@mail.com,Consumer,USA,Ohio,2021-09-20,8
2967,Sarah Murphy,sarah.murphy2967@mail.com,Consumer,USA,Ohio,2022-11-24,8
2968,Noah Murphy,noah.murphy2968@mail.com,Small Business,USA,California,2019-07-15,1
2969,Daniel Bennett,daniel.bennett2969@mail.com,Consumer,UK,England,2024-10-26,9
2970,David Jackson,david.jackson2970@mail.com,Consumer,USA,Washington,2023-07-30,6
2971,Jennifer Clarke,jennifer.clarke2971@mail.com,Consumer,India,Delhi,2024-09-13,27
2972,Chloe Martin,chloe.martin2972@mail.com,Consumer,India,Uttar Pradesh,2019-11-21,30
2973,David Taylor,david.taylor2973@mail.com,Corporate,Germany,Bavaria,2025-06-23,21
2974,Linda Clarke,linda.clarke2974@mail.com,Consumer,India,Tamil Nadu,2021-03-28,28
2975,Daniel Jones,daniel.jones2975@mail.com,Corporate,Canada,Alberta,2025-05-15,16
2976,Mary Martin,mary.martin2976@mail.com,Small Business,USA,California,2025-10-24,1
2977,Emma Thomas,emma.thomas2977@mail.com,Consumer,USA,Florida,2019-10-10,4
2978,Sarah Lee,sarah.lee2978@mail.com,Corporate,Germany,Hesse,2024-08-13,23
2979,Mary Martin,mary.martin2979@mail.com,Consumer,USA,Georgia,2020-08-21,7
2980,Susan Taylor,susan.taylor2980@mail.com,Corporate,UK,England,2019-05-21,9
2981,Sophie Patel,sophie.patel2981@mail.com,Consumer,USA,New York,2022-06-18,3
2982,Oliver Garcia,oliver.garcia2982@mail.com,Corporate,Australia,New South Wales,2023-12-27,17
2983,Thomas Brown,thomas.brown2983@mail.com,Consumer,India,Gujarat,2023-03-12,29
2984,Amit Martin,amit.martin2984@mail.com,Corporate,Germany,Berlin,2022-10-01,22
2985,Thomas Wilson,thomas.wilson2985@mail.com,Corporate,Canada,Alberta,2020-10-10,16
2986,Amit Smith,amit.smith2986@mail.com,Consumer,Canada,British Columbia,2019-10-26,15
2987,James Patel,james.patel2987@mail.com,Consumer,UK,Scotland,2022-06-04,10
2988,Michael Taylor,michael.taylor2988@mail.com,Small Business,Canada,Quebec,2023-10-20,14
2989,Daniel Brown,daniel.brown2989@mail.com,Corporate,Canada,Quebec,2021-05-27,14
2990,Richard Anderson,richard.anderson2990@mail.com,Consumer,USA,Texas,2021-09-11,2
2991,Nancy Bennett,nancy.bennett2991@mail.com,Consumer,UK,Wales,2019-06-03,11
2992,David Garcia,david.garcia2992@mail.com,Corporate,Australia,Victoria,2025-10-09,18
2993,Karen Rodriguez,karen.rodriguez2993@mail.com,Consumer,India,Uttar Pradesh,2019-04-27,30
2994,Linda Rodriguez,linda.rodriguez2994@mail.com,Corporate,UK,Northern Ireland,2020-09-23,12
2995,Sarah Thompson,sarah.thompson2995@mail.com,Small Business,Australia,New South Wales,2023-10-26,17
2996,Richard Anderson,richard.anderson2996@mail.com,Small Business,australia,Queensland,2021-10-19,19
2997,Jennifer Jackson,jennifer.jackson2997@mail.com,Corporate,India,Tamil Nadu,2022-03-08,28
2998,Jessica Miller,jessica.miller2998@mail.com,Corporate,UK,Northern Ireland,2022-01-28,12
2999,Jessica Kapoor,jessica.kapoor2999@mail.com,Consumer,CANADA,Alberta,2022-06-23,16
3000,Oliver Anderson,oliver.anderson3000@mail.com,Consumer,Canada,Ontario,2024-07-19,13
3001,Susan Bennett,susan.bennett3001@mail.com,Corporate,india,Karnataka,2023-07-18,26
3002,Joseph Rodriguez,joseph.rodriguez3002@mail.com,Consumer,U.S.A,Ohio,2023-12-07,8
3003,Thomas Garcia,thomas.garcia3003@mail.com,Consumer,UK,England,2025-02-13,9
3004,Daniel Jones,daniel.jones3004@mail.com,Small Business,India,Tamil Nadu,2019-05-18,28
3005,Daniel Patel,daniel.patel3005@mail.com,Small Business,USA,New York,2019-04-05,3
3006,Linda Hughes,linda.hughes3006@mail.com,Consumer,India,Maharashtra,2022-09-17,25
3007,Patricia Iyer,patricia.iyer3007@mail.com,Consumer,Australia,Queensland,2024-02-09,19
3008,David Evans,david.evans3008@mail.com,Consumer,Canada,Quebec,2020-02-26,14
3009,Linda Lee,linda.lee3009@mail.com,Corporate,Australia,Western Australia,2023-11-21,20
3010,Jessica Bennett,jessica.bennett3010@mail.com,Small Business,India,Gujarat,2023-10-30,29
3011,Joseph Miller,,Corporate,UK,Scotland,2021-09-12,10
3012,John Evans,john.evans3012@mail.com,Consumer,USA,Georgia,2019-10-28,7
3013,Sunita Jones,sunita.jones3013@mail.com,Consumer,Australia,Western Australia,2023-08-15,20
3014,Sarah Evans,sarah.evans3014@mail.com,Consumer,DE,North Rhine-Westphalia,2024-01-01,24
3015,James Garcia,james.garcia3015@mail.com,Consumer,Germany,Hesse,2019-07-05,23
3016,Jessica Jackson,jessica.jackson3016@mail.com,Consumer,Germany,Berlin,2024-09-30,22
3017,John Murphy,john.murphy3017@mail.com,Corporate,USA,Georgia,2025-02-14,7
3018,Sophie Sharma,sophie.sharma3018@mail.com,Consumer,Canada,Ontario,2025-10-11,13
3019,Charles Lee,charles.lee3019@mail.com,Consumer,USA,New York,2019-01-30,3
3020,Sunita Wilson,sunita.wilson3020@mail.com,Small Business,USA,Washington,2020-12-03,6
3021,Emma Jackson,emma.jackson3021@mail.com,Corporate,USA,Florida,2020-03-17,4
3022,Barbara Rodriguez,barbara.rodriguez3022@mail.com,Corporate,USA,California,2025-03-10,1
3023,Karen Bennett,karen.bennett3023@mail.com,Consumer,UK,Wales,2023-08-03,11
3024,Daniel Johnson,daniel.johnson3024@mail.com,Consumer,uk,Scotland,2023-04-11,10
3025,Joseph Brown,joseph.brown3025@mail.com,Consumer,Australia,New South Wales,2020-06-12,17
3026,Amit Garcia,amit.garcia3026@mail.com,Consumer,USA,Texas,2020-03-23,2
3027,Mary Miller,,Small Business,Australia,Victoria,2021-09-19,18
3028,Liam Rodriguez,liam.rodriguez3028@mail.com,Consumer,India,Uttar Pradesh,2022-01-26,30
3029,Sarah Hughes,sarah.hughes3029@mail.com,Consumer,Canada,Alberta,2024-02-05,16
3030,Priya Brown,priya.brown3030@mail.com,Small Business,australia,Victoria,2021-12-31,18
3031,Thomas Iyer,thomas.iyer3031@mail.com,Small Business,uk,Wales,2022-11-15,11
3032,Richard Rodriguez,richard.rodriguez3032@mail.com,Consumer,India,Delhi,2023-09-23,27
3033,Susan Anderson,susan.anderson3033@mail.com,Consumer,Canada,Ontario,2023-06-15,13
3034,Karen Lee,karen.lee3034@mail.com,Small Business,Canada,British Columbia,2022-01-06,15
3035,Chloe Evans,chloe.evans3035@mail.com,Small Business,IND,Delhi,2024-02-20,27
3036,David Anderson,david.anderson3036@mail.com,Consumer,USA,Georgia,2023-02-17,7
3037,James Thomas,james.thomas3037@mail.com,Consumer,Australia,Queensland,2025-09-24,19
3038,Patricia Anderson,patricia.anderson3038@mail.com,Corporate,UK,England,2019-04-20,9
3039,Sophie Patel,sophie.patel3039@mail.com,Consumer,Germany,North Rhine-Westphalia,2023-04-08,24
3040,Nancy Miller,nancy.miller3040@mail.com,Consumer,IND,Uttar Pradesh,2019-03-01,30
3041,Daniel Perez,daniel.perez3041@mail.com,Consumer,India,Karnataka,2021-04-11,26
3042,Priya Sharma,,Consumer,U.S.A,Washington,2020-10-18,6
3043,Karen Garcia,karen.garcia3043@mail.com,Consumer,India,Gujarat,2023-09-19,29
3044,Oliver Martinez,oliver.martinez3044@mail.com,Consumer,India,Tamil Nadu,2020-05-15,28
3045,Susan Wilson,susan.wilson3045@mail.com,Consumer,Canada,British Columbia,2023-01-19,15
3046,Raj Martin,raj.martin3046@mail.com,Consumer,Germany,Bavaria,2020-01-04,21
3047,Sarah Clarke,sarah.clarke3047@mail.com,Consumer,India,Tamil Nadu,2024-07-23,28
3048,Sunita Moore,sunita.moore3048@mail.com,Corporate,Australia,Queensland,2024-02-27,19
3049,Noah Williams,noah.williams3049@mail.com,Corporate,India,Tamil Nadu,2023-08-01,28
3050,Joseph Thompson,joseph.thompson3050@mail.com,Consumer,Australia,Queensland,2023-05-25,19
3051,Barbara Moore,barbara.moore3051@mail.com,Consumer,India,Tamil Nadu,2023-04-03,28
3052,Priya Jones,priya.jones3052@mail.com,Corporate,USA,Illinois,2022-06-04,5
3053,Sophie Garcia,sophie.garcia3053@mail.com,Consumer,Australia,New South Wales,2020-11-24,17
3054,Priya Evans,priya.evans3054@mail.com,Corporate,USA,Ohio,2023-09-29,8
3055,Chloe Wilson,chloe.wilson3055@mail.com,Small Business,Germany,Berlin,2021-05-05,22
3056,Jessica Sharma,jessica.sharma3056@mail.com,Corporate,Canada,Quebec,2022-11-04,14
3057,Nancy Perez,nancy.perez3057@mail.com,Small Business,India,Karnataka,2022-08-12,26
3058,Joseph Bennett,joseph.bennett3058@mail.com,Consumer,India,Maharashtra,2022-12-15,25
3059,Chloe Williams,chloe.williams3059@mail.com,Corporate,India,Maharashtra,2025-08-08,25
3060,Robert Garcia,robert.garcia3060@mail.com,Consumer,Germany,North Rhine-Westphalia,2019-05-14,24
3061,Richard Davis,richard.davis3061@mail.com,Small Business,Australia,Western Australia,2022-08-17,20
3062,Richard Wilson,richard.wilson3062@mail.com,Corporate,USA,California,2022-04-21,1
3063,Priya Martinez,priya.martinez3063@mail.com,Consumer,USA,Washington,2024-04-04,6
3064,Amit Rodriguez,amit.rodriguez3064@mail.com,Corporate,India,Tamil Nadu,2021-02-18,28
3065,Nancy Sharma,nancy.sharma3065@mail.com,Consumer,Australia,Western Australia,2024-09-25,20
3066,Joseph Rodriguez,joseph.rodriguez3066@mail.com,Consumer,Canada,Alberta,2025-01-11,16
3067,Noah Moore,noah.moore3067@mail.com,Consumer,United States,Texas,2023-01-22,2
3068,Oliver Bennett,oliver.bennett3068@mail.com,Small Business,USA,Georgia,2023-08-23,7
3069,Susan Iyer,susan.iyer3069@mail.com,Consumer,Germany,Bavaria,2023-09-20,21
3070,Daniel Martin,daniel.martin3070@mail.com,Consumer,UK,England,2020-11-24,9
3071,Thomas Thomas,thomas.thomas3071@mail.com,Small Business,uk,Northern Ireland,2024-02-20,12
3072,Jennifer Garcia,jennifer.garcia3072@mail.com,Corporate,India,Uttar Pradesh,2021-06-07,30
3073,Sophie Smith,sophie.smith3073@mail.com,Consumer,Australia,New South Wales,2019-03-19,17
3074,John Iyer,john.iyer3074@mail.com,Corporate,United States,Ohio,2024-03-20,8
3075,Linda Patel,linda.patel3075@mail.com,Consumer,USA,Florida,2024-10-02,4
3076,David Iyer,david.iyer3076@mail.com,Consumer,USA,Illinois,2021-07-05,5
3077,Amit Iyer,amit.iyer3077@mail.com,Consumer,USA,Texas,2022-01-23,2
3078,Robert Miller,robert.miller3078@mail.com,Consumer,Canada,British Columbia,2025-07-13,15
3079,Jennifer Taylor,jennifer.taylor3079@mail.com,Consumer,Germany,Berlin,2025-04-24,22
3080,Patricia Brown,patricia.brown3080@mail.com,Consumer,india,Delhi,2025-09-29,27
3081,Robert Cole,robert.cole3081@mail.com,Corporate,Australia,New South Wales,2025-05-16,17
3082,Noah Jackson,noah.jackson3082@mail.com,Consumer,USA,Washington,2024-02-14,6
3083,Karen Johnson,karen.johnson3083@mail.com,Small Business,UK,Scotland,2019-12-16,10
3084,James Clarke,james.clarke3084@mail.com,Consumer,USA,Washington,2021-11-27,6
3085,Joseph Martin,joseph.martin3085@mail.com,Small Business,Canada,Alberta,2022-09-17,16
3086,Oliver Williams,oliver.williams3086@mail.com,Consumer,Canada,Quebec,2019-12-19,14
3087,Patricia Rodriguez,patricia.rodriguez3087@mail.com,Consumer,India,Tamil Nadu,2024-07-18,28
3088,Nancy Jones,nancy.jones3088@mail.com,Consumer,Canada,Ontario,2023-05-04,13
3089,Robert Sharma,robert.sharma3089@mail.com,Small Business,USA,Georgia,2020-06-05,7
3090,Chloe Murphy,,Corporate,Australia,Western Australia,2019-07-16,20
3091,Joseph Martinez,joseph.martinez3091@mail.com,Corporate,Australia,Western Australia,2020-02-14,20
3092,Linda Davis,linda.davis3092@mail.com,Corporate,USA,New York,2021-01-23,3
3093,Sunita Martinez,sunita.martinez3093@mail.com,Consumer,Germany,Berlin,2023-02-07,22
3094,Thomas Sharma,thomas.sharma3094@mail.com,Consumer,Germany,Berlin,2024-01-29,22
3095,John Jones,john.jones3095@mail.com,Consumer,India,Karnataka,2023-07-14,26
3096,Charles Hughes,charles.hughes3096@mail.com,Consumer,USA,Illinois,2023-09-17,5
3097,Jennifer Smith,jennifer.smith3097@mail.com,Consumer,India,Maharashtra,2021-11-29,25
3098,Mary Patel,mary.patel3098@mail.com,Consumer,Canada,Quebec,2024-02-14,14
3099,Susan Bennett,susan.bennett3099@mail.com,Consumer,USA,Texas,2025-01-13,2
3100,Chloe Wilson,chloe.wilson3100@mail.com,Small Business,Germany,Berlin,2020-05-06,22
3101,Sophie Jackson,sophie.jackson3101@mail.com,Corporate,Germany,Berlin,2019-08-08,22
3102,Thomas Bennett,thomas.bennett3102@mail.com,Consumer,Germany,North Rhine-Westphalia,2023-11-19,24
3103,Karen Cole,karen.cole3103@mail.com,Corporate,Germany,North Rhine-Westphalia,2023-04-11,24
3104,David Lee,david.lee3104@mail.com,Consumer,Germany,Bavaria,2021-08-03,21
3105,Thomas Jones,thomas.jones3105@mail.com,Consumer,Australia,New South Wales,2023-12-03,17
3106,Amit Lee,amit.lee3106@mail.com,Consumer,AUS,Queensland,2023-11-07,19
3107,Jennifer Perez,jennifer.perez3107@mail.com,Consumer,India,Uttar Pradesh,2021-03-22,30
3108,Nancy Moore,nancy.moore3108@mail.com,Consumer,Australia,Queensland,2019-03-06,19
3109,Priya Iyer,priya.iyer3109@mail.com,Consumer,USA,Ohio,2024-07-01,8
3110,Priya Murphy,priya.murphy3110@mail.com,Small Business,USA,Washington,2022-07-19,6
3111,Daniel Thomas,daniel.thomas3111@mail.com,Consumer,USA,Washington,2019-03-19,6
3112,Charles Sharma,charles.sharma3112@mail.com,Small Business,USA,New York,2019-02-02,3
3113,Priya Lee,priya.lee3113@mail.com,Small Business,Canada,Quebec,2022-05-08,14
3114,Barbara Cole,barbara.cole3114@mail.com,Consumer,USA,California,2025-04-29,1
3115,Susan Jackson,susan.jackson3115@mail.com,Consumer,Canada,Alberta,2022-12-24,16
3116,Karen Davis,karen.davis3116@mail.com,Consumer,Germany,Berlin,2020-07-02,22
3117,Emma Williams,emma.williams3117@mail.com,Consumer,USA,Florida,2023-06-19,4
3118,Thomas Martinez,thomas.martinez3118@mail.com,Corporate,India,Maharashtra,2019-01-02,25
3119,Susan Thomas,susan.thomas3119@mail.com,Small Business,UK,England,2020-02-16,9
3120,David Jones,david.jones3120@mail.com,Consumer,Australia,Western Australia,2020-10-20,20
3121,Barbara Smith,barbara.smith3121@mail.com,Consumer,India,Tamil Nadu,2019-11-04,28
3122,James Martin,james.martin3122@mail.com,Small Business,Canada,Quebec,2021-02-27,14
3123,Liam Clarke,liam.clarke3123@mail.com,Consumer,India,Delhi,2019-09-25,27
3124,Sophie Jones,sophie.jones3124@mail.com,Corporate,India,Gujarat,2024-11-06,29
3125,Susan Martinez,susan.martinez3125@mail.com,Consumer,UK,Scotland,2019-02-22,10
3126,Sarah Lee,sarah.lee3126@mail.com,Consumer,Germany,North Rhine-Westphalia,2019-05-22,24
3127,James Kapoor,james.kapoor3127@mail.com,Consumer,Canada,Quebec,2021-12-14,14
3128,Chloe Jackson,chloe.jackson3128@mail.com,Consumer,UK,Wales,2022-07-13,11
3129,Oliver Jackson,oliver.jackson3129@mail.com,Consumer,Canada,Alberta,2025-06-09,16
3130,Barbara Smith,barbara.smith3130@mail.com,Small Business,AUS,Western Australia,2022-11-18,20
3131,Oliver Thomas,oliver.thomas3131@mail.com,Consumer,Canada,Ontario,2021-08-10,13
3132,Emma Martinez,emma.martinez3132@mail.com,Consumer,USA,Texas,2023-12-24,2
3133,Nancy Davis,nancy.davis3133@mail.com,Consumer,USA,Illinois,2024-11-11,5
3134,Emma Smith,emma.smith3134@mail.com,Small Business,Australia,New South Wales,2021-04-19,17
3135,Karen Anderson,karen.anderson3135@mail.com,Corporate,Canada,Ontario,2019-08-26,13
3136,Michael Thomas,michael.thomas3136@mail.com,Consumer,Australia,Victoria,2021-10-30,18
3137,Noah Lee,noah.lee3137@mail.com,Consumer,germany,North Rhine-Westphalia,2024-12-31,24
3138,Jessica Taylor,jessica.taylor3138@mail.com,Consumer,IND,Karnataka,2022-02-13,26
3139,Linda Garcia,linda.garcia3139@mail.com,Corporate,Germany,North Rhine-Westphalia,2023-09-26,24
3140,Amit Iyer,amit.iyer3140@mail.com,Consumer,Canada,British Columbia,2024-12-12,15
3141,Priya Taylor,priya.taylor3141@mail.com,Corporate,USA,Washington,2022-01-03,6
3142,Liam Taylor,liam.taylor3142@mail.com,Consumer,USA,California,2022-03-07,1
3143,Linda Rodriguez,linda.rodriguez3143@mail.com,Small Business,UK,Northern Ireland,2023-03-17,12
3144,Robert Thomas,robert.thomas3144@mail.com,Small Business,UK,Scotland,2022-05-20,10
3145,Priya Davis,priya.davis3145@mail.com,Consumer,India,Maharashtra,2019-02-04,25
3146,Charles Clarke,charles.clarke3146@mail.com,Consumer,Australia,Victoria,2023-10-11,18
3147,Emma Cole,emma.cole3147@mail.com,Corporate,India,Karnataka,2021-01-09,26
3148,Nancy Evans,,Consumer,Germany,Bavaria,2021-11-18,21
3149,Amit Patel,amit.patel3149@mail.com,Consumer,Germany,Bavaria,2020-08-01,21
3150,David Martinez,,Consumer,India,Delhi,2020-05-06,27
3151,Priya Iyer,priya.iyer3151@mail.com,Consumer,India,Tamil Nadu,2020-05-10,28
3152,Karen Evans,karen.evans3152@mail.com,Consumer,India,Karnataka,2023-04-18,26
3153,David Thomas,david.thomas3153@mail.com,Consumer,India,Tamil Nadu,2025-08-29,28
3154,Michael Bennett,michael.bennett3154@mail.com,Consumer,UK,Northern Ireland,2021-05-14,12
3155,Robert Garcia,robert.garcia3155@mail.com,Consumer,India,Karnataka,2019-01-22,26
3156,John Martinez,john.martinez3156@mail.com,Small Business,India,Maharashtra,2019-03-21,25
3157,Patricia Sharma,patricia.sharma3157@mail.com,Small Business,USA,California,2025-02-08,1
3158,Thomas Thompson,thomas.thompson3158@mail.com,Consumer,UK,England,2022-09-20,9
3159,Thomas Rodriguez,thomas.rodriguez3159@mail.com,Corporate,Canada,British Columbia,2021-08-25,15
3160,Amit Thompson,amit.thompson3160@mail.com,Corporate,Canada,Ontario,2019-04-22,13
3161,Sarah Miller,sarah.miller3161@mail.com,Consumer,Australia,Victoria,2022-02-17,18
3162,Richard Smith,richard.smith3162@mail.com,Consumer,USA,New York,2025-01-28,3
3163,John Johnson,john.johnson3163@mail.com,Consumer,Germany,Berlin,2024-08-18,22
3164,Karen Smith,karen.smith3164@mail.com,Consumer,Canada,Ontario,2021-09-12,13
3165,Jennifer Brown,jennifer.brown3165@mail.com,Consumer,USA,Florida,2021-09-27,4
3166,Barbara Rodriguez,barbara.rodriguez3166@mail.com,Consumer,India,Uttar Pradesh,2022-06-12,30
3167,John Kapoor,john.kapoor3167@mail.com,Small Business,Germany,Bavaria,2022-01-08,21
3168,Thomas Iyer,thomas.iyer3168@mail.com,Consumer,CANADA,Ontario,2024-10-22,13
3169,James Davis,james.davis3169@mail.com,Corporate,Australia,Queensland,2022-05-11,19
3170,Robert Jones,robert.jones3170@mail.com,Consumer,USA,California,2025-01-21,1
3171,James Jackson,james.jackson3171@mail.com,Corporate,India,Delhi,2020-07-06,27
3172,Michael Wilson,michael.wilson3172@mail.com,Consumer,India,Delhi,2024-06-30,27
3173,Jessica Martinez,jessica.martinez3173@mail.com,Consumer,Australia,New South Wales,2025-10-16,17
3174,Emma Evans,emma.evans3174@mail.com,Consumer,Canada,Alberta,2024-06-13,16
3175,Sarah Anderson,,Consumer,India,Tamil Nadu,2022-05-15,28
3176,Thomas Kapoor,thomas.kapoor3176@mail.com,Small Business,India,Uttar Pradesh,2021-10-29,30
3177,Emma Johnson,emma.johnson3177@mail.com,Consumer,australia,New South Wales,2019-05-04,17
3178,Richard Williams,richard.williams3178@mail.com,Consumer,India,Karnataka,2020-09-03,26
3179,Liam Clarke,liam.clarke3179@mail.com,Corporate,Australia,New South Wales,2019-10-31,17
3180,John Johnson,john.johnson3180@mail.com,Consumer,USA,Florida,2021-10-24,4
3181,David Clarke,david.clarke3181@mail.com,Corporate,India,Tamil Nadu,2023-11-16,28
3182,Joseph Williams,joseph.williams3182@mail.com,Consumer,Canada,British Columbia,2019-07-18,15
3183,Karen Jackson,karen.jackson3183@mail.com,Small Business,USA,New York,2020-10-13,3
3184,Jennifer Miller,jennifer.miller3184@mail.com,Small Business,UK,Northern Ireland,2024-11-28,12
3185,Noah Hughes,noah.hughes3185@mail.com,Corporate,Germany,Bavaria,2020-02-27,21
3186,David Hughes,david.hughes3186@mail.com,Small Business,Germany,Bavaria,2024-04-07,21
3187,Joseph Hughes,joseph.hughes3187@mail.com,Corporate,Australia,Western Australia,2021-04-23,20
3188,James Brown,james.brown3188@mail.com,Consumer,Canada,Alberta,2019-11-01,16
3189,Oliver Kapoor,oliver.kapoor3189@mail.com,Consumer,Australia,Victoria,2023-01-03,18
3190,Linda Taylor,linda.taylor3190@mail.com,Consumer,Canada,British Columbia,2022-04-03,15
3191,Oliver Moore,oliver.moore3191@mail.com,Consumer,Canada,Ontario,2023-05-22,13
3192,Linda Iyer,linda.iyer3192@mail.com,Small Business,Canada,British Columbia,2020-02-14,15
3193,Mary Miller,mary.miller3193@mail.com,Consumer,USA,Washington,2019-12-19,6
3194,Thomas Iyer,thomas.iyer3194@mail.com,Corporate,Germany,Berlin,2023-12-28,22
3195,Oliver Brown,oliver.brown3195@mail.com,Small Business,UK,Wales,2020-11-28,11
3196,Charles Patel,charles.patel3196@mail.com,Small Business,USA,Georgia,2019-06-08,7
3197,Michael Jackson,michael.jackson3197@mail.com,Corporate,India,Maharashtra,2019-05-23,25
3198,Joseph Patel,joseph.patel3198@mail.com,Small Business,Germany,Bavaria,2022-08-17,21
3199,Barbara Cole,barbara.cole3199@mail.com,Corporate,usa,California,2024-09-09,1
3200,Richard Garcia,richard.garcia3200@mail.com,Consumer,Australia,New South Wales,2019-04-07,17
3201,Priya Iyer,priya.iyer3201@mail.com,Small Business,India,Gujarat,2021-02-26,29
3202,Mary Iyer,mary.iyer3202@mail.com,Consumer,Australia,New South Wales,2022-03-17,17
3203,Chloe Lee,chloe.lee3203@mail.com,Corporate,USA,Ohio,2019-03-19,8
3204,Charles Brown,charles.brown3204@mail.com,Consumer,USA,Georgia,2019-03-23,7
3205,David Jackson,david.jackson3205@mail.com,Consumer,UK,Wales,2025-02-15,11
3206,Priya Martinez,priya.martinez3206@mail.com,Small Business,India,Karnataka,2023-05-12,26
3207,Michael Anderson,michael.anderson3207@mail.com,Consumer,Germany,Bavaria,2025-03-14,21
3208,Noah Johnson,noah.johnson3208@mail.com,Consumer,UK,Northern Ireland,2020-01-20,12
3209,Sophie Patel,sophie.patel3209@mail.com,Small Business,Germany,North Rhine-Westphalia,2024-03-08,24
3210,Michael Brown,michael.brown3210@mail.com,Corporate,India,Karnataka,2023-11-08,26
3211,Linda Sharma,linda.sharma3211@mail.com,Consumer,Germany,Hesse,2020-06-11,23
3212,Jessica Wilson,jessica.wilson3212@mail.com,Corporate,UK,Northern Ireland,2020-07-03,12
3213,James Garcia,james.garcia3213@mail.com,Consumer,Germany,North Rhine-Westphalia,2024-05-09,24
3214,Emma Rodriguez,emma.rodriguez3214@mail.com,Corporate,USA,New York,2022-02-07,3
3215,Daniel Brown,daniel.brown3215@mail.com,Corporate,USA,Washington,2024-09-27,6
3216,Joseph Evans,joseph.evans3216@mail.com,Corporate,UK,Northern Ireland,2020-07-25,12
3217,Linda Smith,linda.smith3217@mail.com,Consumer,USA,Texas,2021-02-26,2
3218,Mary Perez,mary.perez3218@mail.com,Consumer,Canada,Alberta,2020-11-13,16
3219,Emma Kapoor,emma.kapoor3219@mail.com,Consumer,Australia,New South Wales,2022-02-12,17
3220,Sarah Kapoor,sarah.kapoor3220@mail.com,Small Business,Canada,British Columbia,2019-09-19,15
3221,Nancy Jones,nancy.jones3221@mail.com,Corporate,Canada,Ontario,2023-09-15,13
3222,Susan Clarke,susan.clarke3222@mail.com,Consumer,UK,Scotland,2025-04-25,10
3223,Robert Davis,robert.davis3223@mail.com,Corporate,USA,New York,2021-06-28,3
3224,Jennifer Jackson,jennifer.jackson3224@mail.com,Corporate,Germany,Berlin,2020-10-05,22
3225,Robert Patel,robert.patel3225@mail.com,Corporate,Canada,Alberta,2019-04-10,16
3226,Nancy Wilson,nancy.wilson3226@mail.com,Small Business,Canada,Ontario,2022-01-25,13
3227,Chloe Clarke,chloe.clarke3227@mail.com,Corporate,USA,Florida,2020-07-07,4
3228,Priya Johnson,priya.johnson3228@mail.com,Corporate,UK,Wales,2024-04-14,11
3229,Mary Anderson,mary.anderson3229@mail.com,Consumer,UK,Northern Ireland,2023-03-25,12
3230,Priya Jones,priya.jones3230@mail.com,Consumer,India,Gujarat,2025-02-13,29
3231,Amit Lee,amit.lee3231@mail.com,Consumer,CANADA,Ontario,2024-10-05,13
3232,Emma Brown,emma.brown3232@mail.com,Small Business,India,Tamil Nadu,2021-10-23,28
3233,John Jackson,john.jackson3233@mail.com,Consumer,USA,Illinois,2021-10-12,5
3234,Linda Wilson,linda.wilson3234@mail.com,Small Business,AUS,Queensland,2020-07-23,19
3235,Karen Evans,karen.evans3235@mail.com,Consumer,USA,California,2024-07-08,1
3236,Priya Clarke,priya.clarke3236@mail.com,Consumer,USA,California,2023-05-25,1
3237,Susan Evans,susan.evans3237@mail.com,Consumer,UK,Northern Ireland,2019-10-01,12
3238,Noah Moore,noah.moore3238@mail.com,Corporate,India,Delhi,2019-09-05,27
3239,Sunita Miller,sunita.miller3239@mail.com,Consumer,India,Karnataka,2024-11-07,26
3240,James Kapoor,james.kapoor3240@mail.com,Consumer,India,Maharashtra,2025-08-29,25
3241,Joseph Anderson,joseph.anderson3241@mail.com,Small Business,India,Maharashtra,2020-11-01,25
3242,Sunita Jones,sunita.jones3242@mail.com,Consumer,Canada,Ontario,2023-10-29,13
3243,David Murphy,david.murphy3243@mail.com,Consumer,UK,England,2019-09-09,9
3244,Mary Jackson,mary.jackson3244@mail.com,Corporate,Australia,Western Australia,2019-03-19,20
3245,Amit Moore,amit.moore3245@mail.com,Small Business,UK,Northern Ireland,2019-12-13,12
3246,Karen Martinez,karen.martinez3246@mail.com,Consumer,USA,Texas,2020-03-15,2
3247,Karen Kapoor,karen.kapoor3247@mail.com,Small Business,UK,England,2023-09-29,9
3248,Sarah Miller,sarah.miller3248@mail.com,Small Business,Canada,Ontario,2021-09-21,13
3249,Daniel Garcia,daniel.garcia3249@mail.com,Consumer,USA,Ohio,2020-08-09,8
3250,Karen Anderson,karen.anderson3250@mail.com,Consumer,India,Karnataka,2022-10-11,26
3251,Richard Iyer,richard.iyer3251@mail.com,Corporate,UK,Northern Ireland,2020-10-04,12
3252,Thomas Rodriguez,thomas.rodriguez3252@mail.com,Small Business,Germany,Bavaria,2020-02-29,21
3253,Sophie Hughes,sophie.hughes3253@mail.com,Small Business,Australia,Victoria,2019-02-07,18
3254,Nancy Cole,nancy.cole3254@mail.com,Consumer,Germany,Bavaria,2021-04-13,21
3255,Sophie Lee,sophie.lee3255@mail.com,Consumer,Germany,Bavaria,2022-11-27,21
3256,Jennifer Williams,jennifer.williams3256@mail.com,Consumer,USA,Florida,2021-11-03,4
3257,Charles Jones,charles.jones3257@mail.com,Corporate,Germany,Bavaria,2023-09-11,21
3258,Thomas Martinez,thomas.martinez3258@mail.com,Small Business,India,Gujarat,2020-09-16,29
3259,Liam Rodriguez,liam.rodriguez3259@mail.com,Corporate,India,Karnataka,2023-01-02,26
3260,Karen Anderson,karen.anderson3260@mail.com,Consumer,Canada,Quebec,2022-04-30,14
3261,Thomas Smith,thomas.smith3261@mail.com,Consumer,Australia,Western Australia,2019-12-21,20
3262,Oliver Sharma,oliver.sharma3262@mail.com,Consumer,USA,Ohio,2019-09-21,8
3263,Charles Taylor,charles.taylor3263@mail.com,Corporate,Australia,Victoria,2023-07-10,18
3264,Sunita Garcia,sunita.garcia3264@mail.com,Small Business,UK,Scotland,2023-12-30,10
3265,Noah Smith,noah.smith3265@mail.com,Consumer,Canada,British Columbia,2025-01-19,15
3266,Nancy Bennett,nancy.bennett3266@mail.com,Small Business,Canada,Alberta,2022-01-13,16
3267,Susan Clarke,susan.clarke3267@mail.com,Corporate,India,Maharashtra,2025-09-06,25
3268,Nancy Davis,nancy.davis3268@mail.com,Consumer,Germany,Berlin,2025-03-13,22
3269,Richard Iyer,richard.iyer3269@mail.com,Consumer,Canada,British Columbia,2020-04-22,15
3270,Robert Patel,robert.patel3270@mail.com,Consumer,UK,Northern Ireland,2023-01-01,12
3271,Karen Hughes,karen.hughes3271@mail.com,Small Business,Germany,North Rhine-Westphalia,2025-10-06,24
3272,Joseph Miller,joseph.miller3272@mail.com,Consumer,CANADA,Alberta,2019-04-29,16
3273,Charles Patel,charles.patel3273@mail.com,Small Business,India,Gujarat,2023-02-19,29
3274,Sarah Clarke,sarah.clarke3274@mail.com,Consumer,India,Maharashtra,2022-05-22,25
3275,Karen Jones,karen.jones3275@mail.com,Corporate,India,Tamil Nadu,2024-04-10,28
3276,Nancy Martinez,nancy.martinez3276@mail.com,Consumer,USA,Ohio,2021-02-02,8
3277,Richard Thomas,richard.thomas3277@mail.com,Small Business,Canada,Alberta,2023-07-17,16
3278,Priya Wilson,priya.wilson3278@mail.com,Consumer,Canada,Alberta,2020-12-02,16
3279,Patricia Brown,patricia.brown3279@mail.com,Corporate,Canada,Alberta,2020-08-28,16
3280,Charles Patel,charles.patel3280@mail.com,Consumer,United States,Ohio,2022-08-17,8
3281,Robert Johnson,robert.johnson3281@mail.com,Consumer,Australia,Queensland,2023-04-22,19
3282,Liam Jones,liam.jones3282@mail.com,Consumer,India,Delhi,2023-06-26,27
3283,Jennifer Bennett,jennifer.bennett3283@mail.com,Consumer,Australia,Western Australia,2019-01-01,20
3284,Mary Miller,mary.miller3284@mail.com,Consumer,Australia,Queensland,2025-05-23,19
3285,Patricia Jackson,patricia.jackson3285@mail.com,Small Business,UK,England,2020-08-07,9
3286,Michael Brown,michael.brown3286@mail.com,Corporate,USA,Georgia,2023-03-02,7
3287,Mary Perez,mary.perez3287@mail.com,Small Business,USA,Texas,2021-07-23,2
3288,Priya Hughes,priya.hughes3288@mail.com,Corporate,UK,Scotland,2019-06-08,10
3289,Joseph Patel,joseph.patel3289@mail.com,Consumer,USA,Illinois,2025-08-06,5
3290,Sarah Martin,sarah.martin3290@mail.com,Consumer,Australia,New South Wales,2020-12-20,17
3291,Nancy Kapoor,nancy.kapoor3291@mail.com,Consumer,India,Delhi,2023-10-25,27
3292,Daniel Rodriguez,daniel.rodriguez3292@mail.com,Corporate,USA,New York,2021-07-23,3
3293,Mary Anderson,mary.anderson3293@mail.com,Small Business,Australia,Victoria,2019-02-25,18
3294,Linda Thompson,linda.thompson3294@mail.com,Consumer,Canada,Quebec,2025-04-21,14
3295,Amit Williams,amit.williams3295@mail.com,Consumer,Canada,British Columbia,2020-09-22,15
3296,James Cole,,Consumer,USA,Georgia,2024-08-21,7
3297,Chloe Miller,chloe.miller3297@mail.com,Consumer,USA,Texas,2025-06-15,2
3298,Priya Jackson,priya.jackson3298@mail.com,Corporate,Germany,North Rhine-Westphalia,2020-03-29,24
3299,Chloe Murphy,chloe.murphy3299@mail.com,Corporate,DE,North Rhine-Westphalia,2021-08-20,24
3300,Liam Williams,liam.williams3300@mail.com,Consumer,USA,Illinois,2024-05-12,5
3301,Thomas Evans,thomas.evans3301@mail.com,Small Business,USA,California,2019-11-13,1
3302,Priya Johnson,priya.johnson3302@mail.com,Consumer,USA,Washington,2022-04-17,6
3303,Susan Lee,susan.lee3303@mail.com,Consumer,UK,Scotland,2021-06-26,10
3304,Sunita Murphy,sunita.murphy3304@mail.com,Consumer,USA,Washington,2023-09-10,6
3305,Jessica Hughes,jessica.hughes3305@mail.com,Consumer,Australia,Western Australia,2020-05-01,20
3306,Susan Evans,susan.evans3306@mail.com,Small Business,USA,California,2024-06-29,1
3307,Amit Johnson,amit.johnson3307@mail.com,Consumer,Canada,British Columbia,2021-01-16,15
3308,Liam Thompson,liam.thompson3308@mail.com,Corporate,UK,Wales,2020-12-21,11
3309,David Martin,david.martin3309@mail.com,Consumer,UK,England,2024-01-01,9
3310,Mary Iyer,mary.iyer3310@mail.com,Consumer,Germany,Bavaria,2019-08-25,21
3311,Robert Hughes,robert.hughes3311@mail.com,Consumer,usa,Washington,2020-01-18,6
3312,Barbara Williams,barbara.williams3312@mail.com,Consumer,USA,Washington,2025-10-25,6
3313,Michael Martin,michael.martin3313@mail.com,Consumer,UK,Wales,2020-01-09,11
3314,Patricia Brown,patricia.brown3314@mail.com,Consumer,Canada,Alberta,2025-05-29,16
3315,Sunita Davis,sunita.davis3315@mail.com,Consumer,Australia,Western Australia,2021-07-01,20
3316,Karen Taylor,karen.taylor3316@mail.com,Small Business,India,Tamil Nadu,2021-09-14,28
3317,Michael Miller,michael.miller3317@mail.com,Consumer,Germany,Hesse,2020-06-02,23
3318,Charles Patel,charles.patel3318@mail.com,Consumer,Canada,Quebec,2021-03-02,14
3319,Linda Perez,linda.perez3319@mail.com,Corporate,USA,Florida,2020-12-24,4
3320,Priya Garcia,priya.garcia3320@mail.com,Corporate,UK,England,2019-06-14,9
3321,Karen Iyer,karen.iyer3321@mail.com,Consumer,U.S.A,Florida,2021-10-15,4
3322,Karen Thomas,karen.thomas3322@mail.com,Small Business,UK,Northern Ireland,2021-08-01,12
3323,Sunita Brown,sunita.brown3323@mail.com,Corporate,USA,New York,2020-09-29,3
3324,Oliver Sharma,oliver.sharma3324@mail.com,Consumer,Germany,Hesse,2019-05-27,23
3325,Daniel Anderson,daniel.anderson3325@mail.com,Consumer,USA,New York,2020-01-30,3
3326,Raj Moore,raj.moore3326@mail.com,Consumer,Australia,Queensland,2024-03-16,19
3327,Amit Patel,amit.patel3327@mail.com,Consumer,U.S.A,Florida,2022-10-26,4
3328,Jessica Murphy,jessica.murphy3328@mail.com,Consumer,Australia,Western Australia,2022-06-20,20
3329,Patricia Garcia,patricia.garcia3329@mail.com,Corporate,USA,Georgia,2021-02-22,7
3330,Emma Garcia,emma.garcia3330@mail.com,Consumer,Germany,North Rhine-Westphalia,2024-01-08,24
3331,Karen Taylor,karen.taylor3331@mail.com,Small Business,Canada,Ontario,2020-04-26,13
3332,Charles Wilson,charles.wilson3332@mail.com,Consumer,Canada,Ontario,2025-02-22,13
3333,Raj Garcia,raj.garcia3333@mail.com,Consumer,Canada,Ontario,2022-10-10,13
3334,Karen Thompson,karen.thompson3334@mail.com,Consumer,Canada,Ontario,2019-11-11,13
3335,Thomas Cole,thomas.cole3335@mail.com,Corporate,USA,Georgia,2022-08-05,7
3336,Susan Murphy,susan.murphy3336@mail.com,Consumer,UK,England,2022-02-03,9
3337,Richard Lee,richard.lee3337@mail.com,Corporate,uk,Scotland,2023-01-16,10
3338,Richard Bennett,richard.bennett3338@mail.com,Consumer,USA,New York,2022-10-02,3
3339,Susan Thomas,susan.thomas3339@mail.com,Corporate,Germany,Berlin,2024-06-04,22
3340,Oliver Sharma,oliver.sharma3340@mail.com,Corporate,USA,Illinois,2020-01-17,5
3341,Jessica Hughes,jessica.hughes3341@mail.com,Corporate,UK,England,2023-08-21,9
3342,Sunita Wilson,sunita.wilson3342@mail.com,Consumer,USA,New York,2021-10-26,3
3343,Nancy Davis,nancy.davis3343@mail.com,Consumer,UK,Scotland,2023-08-01,10
3344,Daniel Lee,daniel.lee3344@mail.com,Consumer,Australia,Western Australia,2023-01-17,20
3345,Michael Taylor,michael.taylor3345@mail.com,Small Business,Germany,Bavaria,2024-06-17,21
3346,Oliver Lee,oliver.lee3346@mail.com,Small Business,UK,Wales,2025-09-12,11
3347,Chloe Iyer,chloe.iyer3347@mail.com,Consumer,U.S.A,California,2023-04-06,1
3348,David Anderson,david.anderson3348@mail.com,Consumer,Canada,British Columbia,2024-11-19,15
3349,Thomas Moore,thomas.moore3349@mail.com,Consumer,USA,Florida,2025-09-18,4
3350,Joseph Smith,joseph.smith3350@mail.com,Corporate,USA,California,2024-06-06,1
3351,Sunita Johnson,sunita.johnson3351@mail.com,Consumer,USA,Georgia,2020-04-03,7
3352,Barbara Thompson,barbara.thompson3352@mail.com,Corporate,Canada,Alberta,2019-02-24,16
3353,James Martin,james.martin3353@mail.com,Small Business,australia,New South Wales,2019-02-04,17
3354,John Murphy,john.murphy3354@mail.com,Corporate,USA,Florida,2021-07-01,4
3355,Barbara Smith,,Corporate,India,Maharashtra,2023-10-07,25
3356,Barbara Davis,barbara.davis3356@mail.com,Consumer,Canada,Quebec,2019-09-27,14
3357,Michael Bennett,michael.bennett3357@mail.com,Consumer,UK,England,2023-01-12,9
3358,Richard Smith,richard.smith3358@mail.com,Consumer,U.S.A,California,2024-01-30,1
3359,Oliver Hughes,oliver.hughes3359@mail.com,Consumer,Canada,Alberta,2021-11-22,16
3360,Amit Hughes,amit.hughes3360@mail.com,Consumer,India,Karnataka,2019-03-08,26
3361,David Cole,david.cole3361@mail.com,Consumer,U.K.,England,2025-09-06,9
3362,Karen Martin,karen.martin3362@mail.com,Small Business,Germany,North Rhine-Westphalia,2021-04-03,24
3363,Karen Perez,karen.perez3363@mail.com,Corporate,India,Karnataka,2024-10-19,26
3364,Chloe Perez,chloe.perez3364@mail.com,Consumer,India,Delhi,2019-02-14,27
3365,John Brown,john.brown3365@mail.com,Consumer,USA,Texas,2022-06-29,2
3366,Mary Moore,mary.moore3366@mail.com,Small Business,UK,Scotland,2023-09-30,10
3367,Susan Jones,susan.jones3367@mail.com,Consumer,India,Tamil Nadu,2020-04-18,28
3368,John Rodriguez,john.rodriguez3368@mail.com,Corporate,Germany,Bavaria,2024-10-04,21
3369,Susan Murphy,susan.murphy3369@mail.com,Corporate,Germany,Hesse,2023-05-31,23
3370,Daniel Davis,daniel.davis3370@mail.com,Consumer,UK,Northern Ireland,2024-09-02,12
3371,Linda Rodriguez,linda.rodriguez3371@mail.com,Corporate,India,Delhi,2020-10-09,27
3372,Emma Martinez,emma.martinez3372@mail.com,Corporate,India,Tamil Nadu,2020-06-21,28
3373,Robert Perez,robert.perez3373@mail.com,Consumer,India,Karnataka,2020-05-17,26
3374,Joseph Perez,joseph.perez3374@mail.com,Consumer,USA,Washington,2021-04-24,6
3375,Chloe Miller,chloe.miller3375@mail.com,Consumer,Australia,New South Wales,2022-06-25,17
3376,Sunita Williams,sunita.williams3376@mail.com,Consumer,Australia,Queensland,2020-11-07,19
3377,Sunita Wilson,sunita.wilson3377@mail.com,Consumer,India,Gujarat,2023-02-21,29
3378,Emma Jackson,emma.jackson3378@mail.com,Consumer,USA,Florida,2021-01-16,4
3379,Jennifer Jackson,jennifer.jackson3379@mail.com,Small Business,india,Delhi,2024-02-10,27
3380,Liam Murphy,liam.murphy3380@mail.com,Small Business,Germany,North Rhine-Westphalia,2022-05-22,24
3381,Amit Kapoor,amit.kapoor3381@mail.com,Consumer,USA,Texas,2023-10-07,2
3382,Daniel Hughes,daniel.hughes3382@mail.com,Consumer,Germany,Bavaria,2022-01-08,21
3383,Chloe Brown,chloe.brown3383@mail.com,Consumer,Germany,Berlin,2024-08-25,22
3384,Nancy Sharma,nancy.sharma3384@mail.com,Consumer,Canada,Quebec,2025-03-07,14
3385,Barbara Johnson,barbara.johnson3385@mail.com,Small Business,Canada,Alberta,2022-03-07,16
3386,Sunita Evans,sunita.evans3386@mail.com,Corporate,Canada,Quebec,2023-03-29,14
3387,Daniel Taylor,daniel.taylor3387@mail.com,Small Business,USA,Ohio,2021-12-15,8
3388,Robert Clarke,robert.clarke3388@mail.com,Corporate,USA,Florida,2022-03-02,4
3389,Mary Cole,mary.cole3389@mail.com,Small Business,Canada,British Columbia,2022-04-30,15
3390,Oliver Wilson,oliver.wilson3390@mail.com,Consumer,Canada,Quebec,2024-05-16,14
3391,Susan Murphy,susan.murphy3391@mail.com,Small Business,Canada,Ontario,2022-10-18,13
3392,Liam Thomas,liam.thomas3392@mail.com,Consumer,USA,Ohio,2022-03-15,8
3393,Jessica Cole,jessica.cole3393@mail.com,Small Business,Germany,Berlin,2024-02-26,22
3394,Sophie Brown,sophie.brown3394@mail.com,Small Business,Australia,Western Australia,2019-03-24,20
3395,Sophie Clarke,sophie.clarke3395@mail.com,Consumer,india,Gujarat,2023-06-05,29
3396,Linda Iyer,linda.iyer3396@mail.com,Small Business,USA,New York,2019-05-04,3
3397,Priya Bennett,priya.bennett3397@mail.com,Small Business,India,Delhi,2022-10-03,27
3398,Nancy Cole,nancy.cole3398@mail.com,Consumer,UK,England,2021-03-04,9
3399,James Sharma,james.sharma3399@mail.com,Consumer,Canada,Alberta,2022-08-20,16
3400,Oliver Sharma,oliver.sharma3400@mail.com,Consumer,India,Maharashtra,2020-02-01,25
3401,Joseph Johnson,joseph.johnson3401@mail.com,Small Business,UK,Northern Ireland,2019-11-28,12
3402,Barbara Martin,barbara.martin3402@mail.com,Consumer,Australia,Western Australia,2022-02-07,20
3403,Mary Wilson,mary.wilson3403@mail.com,Consumer,Australia,Western Australia,2024-03-24,20
3404,Karen Perez,karen.perez3404@mail.com,Consumer,UK,Northern Ireland,2024-05-28,12
3405,John Wilson,john.wilson3405@mail.com,Corporate,Australia,Victoria,2019-10-10,18
3406,Charles Kapoor,,Consumer,Germany,North Rhine-Westphalia,2021-12-28,24
3407,Linda Jones,linda.jones3407@mail.com,Consumer,USA,Washington,2024-02-02,6
3408,Mary Patel,mary.patel3408@mail.com,Corporate,Canada,Ontario,2021-08-28,13
3409,Sunita Taylor,sunita.taylor3409@mail.com,Consumer,United States,Illinois,2020-07-21,5
3410,Thomas Clarke,thomas.clarke3410@mail.com,Corporate,USA,California,2021-11-24,1
3411,Nancy Perez,nancy.perez3411@mail.com,Consumer,USA,Florida,2020-03-02,4
3412,Charles Williams,charles.williams3412@mail.com,Corporate,USA,Illinois,2024-11-01,5
3413,Linda Thomas,linda.thomas3413@mail.com,Consumer,USA,Ohio,2022-05-13,8
3414,Barbara Evans,barbara.evans3414@mail.com,Small Business,USA,Illinois,2021-04-13,5
3415,Joseph Jones,joseph.jones3415@mail.com,Corporate,Australia,Western Australia,2019-08-14,20
3416,John Wilson,john.wilson3416@mail.com,Corporate,USA,Georgia,2019-08-13,7
3417,Robert Jackson,,Small Business,India,Tamil Nadu,2023-11-25,28
3418,Daniel Iyer,daniel.iyer3418@mail.com,Corporate,India,Karnataka,2023-10-27,26
3419,Mary Lee,mary.lee3419@mail.com,Corporate,USA,California,2022-01-29,1
3420,Joseph Rodriguez,joseph.rodriguez3420@mail.com,Small Business,India,Maharashtra,2025-07-20,25
3421,Robert Taylor,robert.taylor3421@mail.com,Consumer,Germany,North Rhine-Westphalia,2025-05-17,24
3422,Charles Thomas,charles.thomas3422@mail.com,Corporate,USA,Washington,2022-09-07,6
3423,Oliver Kapoor,oliver.kapoor3423@mail.com,Consumer,UK,Northern Ireland,2020-06-07,12
3424,John Clarke,john.clarke3424@mail.com,Consumer,Canada,Ontario,2020-08-26,13
3425,John Jackson,john.jackson3425@mail.com,Consumer,Australia,Western Australia,2021-08-07,20
3426,Karen Miller,karen.miller3426@mail.com,Consumer,UK,England,2025-09-17,9
3427,Sarah Taylor,sarah.taylor3427@mail.com,Consumer,USA,Washington,2022-02-04,6
3428,Priya Perez,priya.perez3428@mail.com,Consumer,India,Karnataka,2019-04-30,26
3429,Michael Lee,michael.lee3429@mail.com,Corporate,UK,Northern Ireland,2022-11-27,12
3430,Nancy Iyer,nancy.iyer3430@mail.com,Corporate,India,Delhi,2020-01-10,27
3431,Charles Davis,charles.davis3431@mail.com,Corporate,India,Tamil Nadu,2020-09-26,28
3432,Linda Williams,linda.williams3432@mail.com,Consumer,Germany,Hesse,2019-01-29,23
3433,David Clarke,david.clarke3433@mail.com,Consumer,Australia,New South Wales,2021-02-12,17
3434,Jessica Wilson,jessica.wilson3434@mail.com,Consumer,UK,Wales,2025-09-30,11
3435,Raj Cole,raj.cole3435@mail.com,Consumer,USA,California,2019-11-22,1
3436,Daniel Williams,daniel.williams3436@mail.com,Consumer,india,Karnataka,2023-01-09,26
3437,Patricia Patel,patricia.patel3437@mail.com,Consumer,USA,Florida,2024-11-26,4
3438,Jessica Thomas,jessica.thomas3438@mail.com,Small Business,Germany,Bavaria,2020-09-08,21
3439,Susan Anderson,susan.anderson3439@mail.com,Consumer,Australia,Queensland,2019-02-25,19
3440,Michael Wilson,michael.wilson3440@mail.com,Corporate,USA,Florida,2021-10-31,4
3441,Susan Thompson,susan.thompson3441@mail.com,Consumer,Germany,Berlin,2020-06-01,22
3442,Priya Smith,priya.smith3442@mail.com,Corporate,UK,Scotland,2021-11-06,10
3443,Oliver Martinez,oliver.martinez3443@mail.com,Consumer,DE,Berlin,2023-09-19,22
3444,Jennifer Anderson,jennifer.anderson3444@mail.com,Corporate,USA,Georgia,2024-11-16,7
3445,Nancy Hughes,nancy.hughes3445@mail.com,Consumer,USA,California,2024-05-18,1
3446,Emma Moore,emma.moore3446@mail.com,Corporate,USA,Ohio,2019-10-15,8
3447,Nancy Jones,nancy.jones3447@mail.com,Corporate,USA,Illinois,2022-01-08,5
3448,Thomas Johnson,thomas.johnson3448@mail.com,Small Business,USA,Texas,2019-12-21,2
3449,Chloe Hughes,chloe.hughes3449@mail.com,Corporate,USA,Illinois,2021-08-12,5
3450,Linda Miller,linda.miller3450@mail.com,Small Business,Canada,Ontario,2021-04-04,13
3451,Raj Anderson,raj.anderson3451@mail.com,Small Business,India,Maharashtra,2025-03-03,25
3452,John Clarke,john.clarke3452@mail.com,Consumer,germany,Berlin,2024-07-01,22
3453,Sunita Bennett,sunita.bennett3453@mail.com,Small Business,Canada,Ontario,2020-09-23,13
3454,Robert Brown,robert.brown3454@mail.com,Consumer,Germany,Berlin,2022-07-24,22
3455,Sunita Johnson,sunita.johnson3455@mail.com,Consumer,Germany,North Rhine-Westphalia,2019-02-08,24
3456,Linda Thompson,linda.thompson3456@mail.com,Consumer,Canada,Ontario,2020-12-05,13
3457,Chloe Jones,,Consumer,UK,Scotland,2020-03-03,10
3458,Sophie Hughes,sophie.hughes3458@mail.com,Small Business,USA,Texas,2023-10-29,2
3459,Liam Martinez,liam.martinez3459@mail.com,Consumer,USA,Ohio,2023-06-14,8
3460,James Wilson,james.wilson3460@mail.com,Corporate,Canada,British Columbia,2025-07-18,15
3461,Amit Evans,amit.evans3461@mail.com,Consumer,USA,Florida,2020-09-11,4
3462,Patricia Martinez,patricia.martinez3462@mail.com,Small Business,UK,England,2025-05-19,9
3463,Thomas Jackson,thomas.jackson3463@mail.com,Corporate,usa,Texas,2024-03-29,2
3464,James Wilson,james.wilson3464@mail.com,Consumer,India,Karnataka,2022-07-08,26
3465,Michael Iyer,michael.iyer3465@mail.com,Consumer,Australia,Queensland,2020-03-29,19
3466,Karen Miller,karen.miller3466@mail.com,Small Business,USA,Ohio,2019-12-04,8
3467,Michael Lee,michael.lee3467@mail.com,Consumer,Germany,Berlin,2025-06-04,22
3468,Charles Clarke,charles.clarke3468@mail.com,Consumer,Germany,North Rhine-Westphalia,2025-09-10,24
3469,David Lee,david.lee3469@mail.com,Small Business,USA,Washington,2022-10-21,6
3470,Sarah Thompson,sarah.thompson3470@mail.com,Consumer,India,Gujarat,2021-03-01,29
3471,Sunita Jones,sunita.jones3471@mail.com,Consumer,USA,Washington,2021-02-12,6
3472,Amit Kapoor,amit.kapoor3472@mail.com,Consumer,India,Delhi,2025-08-27,27
3473,Raj Smith,raj.smith3473@mail.com,Consumer,Germany,Hesse,2024-01-08,23
3474,Joseph Perez,joseph.perez3474@mail.com,Consumer,Australia,New South Wales,2023-01-30,17
3475,Noah Patel,noah.patel3475@mail.com,Small Business,UK,Wales,2020-12-20,11
3476,Charles Johnson,charles.johnson3476@mail.com,Consumer,Canada,British Columbia,2023-06-18,15
3477,David Garcia,david.garcia3477@mail.com,Corporate,USA,Washington,2023-09-17,6
3478,Mary Martinez,mary.martinez3478@mail.com,Consumer,Germany,North Rhine-Westphalia,2020-09-22,24
3479,Michael Evans,michael.evans3479@mail.com,Small Business,USA,New York,2025-04-27,3
3480,Amit Thompson,amit.thompson3480@mail.com,Consumer,Germany,Hesse,2024-10-16,23
3481,David Johnson,david.johnson3481@mail.com,Consumer,Australia,Queensland,2021-11-26,19
3482,Thomas Sharma,thomas.sharma3482@mail.com,Consumer,India,Gujarat,2021-12-02,29
3483,James Williams,james.williams3483@mail.com,Consumer,USA,New York,2019-02-26,3
3484,Joseph Patel,joseph.patel3484@mail.com,Consumer,India,Delhi,2024-05-07,27
3485,David Patel,david.patel3485@mail.com,Corporate,Canada,British Columbia,2023-05-07,15
3486,Sophie Cole,sophie.cole3486@mail.com,Small Business,IND,Karnataka,2019-02-15,26
3487,Raj Anderson,raj.anderson3487@mail.com,Corporate,USA,Illinois,2024-05-22,5
3488,Sophie Brown,sophie.brown3488@mail.com,Consumer,USA,Washington,2021-03-20,6
3489,James Martinez,james.martinez3489@mail.com,Consumer,India,Gujarat,2025-01-27,29
3490,Sophie Murphy,sophie.murphy3490@mail.com,Consumer,USA,Ohio,2025-01-04,8
3491,Priya Taylor,priya.taylor3491@mail.com,Corporate,USA,New York,2023-08-13,3
3492,Linda Taylor,linda.taylor3492@mail.com,Small Business,India,Gujarat,2023-07-06,29
3493,Charles Kapoor,charles.kapoor3493@mail.com,Consumer,USA,Ohio,2022-07-08,8
3494,Patricia Murphy,patricia.murphy3494@mail.com,Small Business,Canada,British Columbia,2021-07-23,15
3495,Richard Jackson,richard.jackson3495@mail.com,Consumer,Germany,Hesse,2019-08-28,23
3496,Sophie Thompson,sophie.thompson3496@mail.com,Small Business,USA,New York,2019-08-16,3
3497,Karen Williams,,Corporate,UK,Northern Ireland,2021-10-29,12
3498,Jennifer Miller,jennifer.miller3498@mail.com,Consumer,USA,Illinois,2023-08-26,5
3499,Charles Moore,charles.moore3499@mail.com,Consumer,India,Karnataka,2023-01-24,26
3500,Karen Cole,karen.cole3500@mail.com,Corporate,Germany,Hesse,2024-09-01,23
3501,Amit Smith,amit.smith3501@mail.com,Consumer,Canada,British Columbia,2025-02-21,15
3502,Mary Davis,mary.davis3502@mail.com,Corporate,Australia,New South Wales,2025-01-13,17
3503,Chloe Martin,chloe.martin3503@mail.com,Consumer,USA,Washington,2022-09-17,6
3504,Barbara Wilson,barbara.wilson3504@mail.com,Small Business,Canada,Ontario,2025-02-27,13
3505,Sarah Taylor,sarah.taylor3505@mail.com,Consumer,India,Tamil Nadu,2020-11-17,28
3506,Sunita Garcia,sunita.garcia3506@mail.com,Consumer,Australia,New South Wales,2021-08-27,17
3507,James Anderson,james.anderson3507@mail.com,Consumer,Germany,Berlin,2020-11-02,22
3508,Raj Anderson,raj.anderson3508@mail.com,Small Business,Canada,Alberta,2019-06-24,16
3509,Susan Sharma,susan.sharma3509@mail.com,Corporate,Australia,Victoria,2020-03-08,18
3510,Barbara Davis,barbara.davis3510@mail.com,Consumer,Germany,Bavaria,2019-06-03,21
3511,Charles Rodriguez,charles.rodriguez3511@mail.com,Consumer,Canada,Quebec,2024-04-05,14
3512,Emma Johnson,emma.johnson3512@mail.com,Small Business,India,Maharashtra,2020-07-07,25
3513,Priya Rodriguez,priya.rodriguez3513@mail.com,Consumer,USA,Florida,2022-03-21,4
3514,Noah Taylor,noah.taylor3514@mail.com,Small Business,germany,Hesse,2024-03-21,23
3515,Noah Hughes,noah.hughes3515@mail.com,Consumer,Germany,Hesse,2023-08-04,23
3516,James Lee,james.lee3516@mail.com,Small Business,Germany,Bavaria,2019-01-24,21
3517,David Davis,david.davis3517@mail.com,Consumer,Australia,Western Australia,2025-03-18,20
3518,John Wilson,john.wilson3518@mail.com,Corporate,USA,Washington,2022-09-19,6
3519,Noah Taylor,noah.taylor3519@mail.com,Consumer,UK,Scotland,2021-05-19,10
3520,Raj Jones,raj.jones3520@mail.com,Consumer,Germany,Berlin,2023-06-27,22
3521,Robert Iyer,robert.iyer3521@mail.com,Consumer,UK,England,2023-11-21,9
3522,Joseph Martin,joseph.martin3522@mail.com,Small Business,India,Maharashtra,2020-01-22,25
3523,Raj Thompson,raj.thompson3523@mail.com,Consumer,India,Tamil Nadu,2021-10-17,28
3524,Sophie Sharma,sophie.sharma3524@mail.com,Corporate,UK,Wales,2020-09-16,11
3525,Raj Davis,raj.davis3525@mail.com,Corporate,USA,Georgia,2025-01-02,7
3526,Jessica Davis,jessica.davis3526@mail.com,Consumer,India,Maharashtra,2025-03-27,25
3527,Daniel Jones,daniel.jones3527@mail.com,Small Business,India,Delhi,2019-09-23,27
3528,Jessica Martinez,jessica.martinez3528@mail.com,Consumer,canada,Alberta,2025-07-03,16
3529,Chloe Thompson,chloe.thompson3529@mail.com,Small Business,USA,Washington,2019-09-02,6
3530,Richard Moore,richard.moore3530@mail.com,Consumer,India,Delhi,2020-02-07,27
3531,Karen Jones,karen.jones3531@mail.com,Small Business,UK,England,2020-03-25,9
3532,Michael Sharma,michael.sharma3532@mail.com,Consumer,UK,England,2024-10-22,9
3533,John Perez,john.perez3533@mail.com,Consumer,UK,England,2023-02-20,9
3534,Karen Patel,karen.patel3534@mail.com,Consumer,Germany,Berlin,2024-11-25,22
3535,Emma Miller,emma.miller3535@mail.com,Consumer,USA,Texas,2023-09-13,2
3536,Sophie Jones,,Corporate,USA,Florida,2020-07-07,4
3537,Barbara Kapoor,barbara.kapoor3537@mail.com,Consumer,UK,Scotland,2021-10-20,10
3538,Amit Murphy,amit.murphy3538@mail.com,Consumer,United States,California,2024-07-15,1
3539,Charles Cole,charles.cole3539@mail.com,Small Business,U.S.A,Illinois,2022-02-16,5
3540,John Thomas,john.thomas3540@mail.com,Corporate,Germany,Hesse,2023-02-19,23
3541,Chloe Clarke,chloe.clarke3541@mail.com,Small Business,india,Delhi,2021-11-28,27
3542,John Sharma,john.sharma3542@mail.com,Consumer,Germany,Hesse,2020-10-24,23
3543,Chloe Perez,chloe.perez3543@mail.com,Consumer,United States,Washington,2022-01-27,6
3544,Chloe Garcia,chloe.garcia3544@mail.com,Consumer,India,Maharashtra,2019-08-16,25
3545,Richard Williams,richard.williams3545@mail.com,Corporate,USA,Georgia,2020-06-18,7
3546,Karen Lee,karen.lee3546@mail.com,Consumer,Germany,Berlin,2021-10-28,22
3547,Sunita Brown,sunita.brown3547@mail.com,Consumer,Australia,Western Australia,2022-12-30,20
3548,Jennifer Wilson,jennifer.wilson3548@mail.com,Consumer,Canada,Alberta,2022-01-27,16
3549,Liam Murphy,liam.murphy3549@mail.com,Consumer,canada,Ontario,2020-05-23,13
3550,John Iyer,john.iyer3550@mail.com,Consumer,India,Karnataka,2025-01-10,26
3551,James Clarke,james.clarke3551@mail.com,Consumer,UK,Wales,2021-10-27,11
3552,Richard Murphy,richard.murphy3552@mail.com,Consumer,IND,Delhi,2022-05-29,27
3553,Jessica Thomas,jessica.thomas3553@mail.com,Corporate,United States,Washington,2022-10-29,6
3554,Barbara Moore,barbara.moore3554@mail.com,Corporate,Canada,Ontario,2020-03-19,13
3555,Sunita Cole,sunita.cole3555@mail.com,Consumer,Australia,Queensland,2024-07-19,19
3556,Liam Murphy,liam.murphy3556@mail.com,Small Business,USA,Texas,2019-12-06,2
3557,Priya Cole,priya.cole3557@mail.com,Consumer,USA,New York,2020-06-19,3
3558,Sunita Rodriguez,,Consumer,USA,Texas,2021-03-24,2
3559,John Clarke,john.clarke3559@mail.com,Consumer,Germany,Berlin,2023-11-10,22
3560,Michael Brown,michael.brown3560@mail.com,Consumer,Australia,Victoria,2019-12-26,18
3561,John Garcia,john.garcia3561@mail.com,Consumer,Canada,British Columbia,2024-07-13,15
3562,James Clarke,james.clarke3562@mail.com,Consumer,Australia,New South Wales,2023-02-24,17
3563,Nancy Thompson,nancy.thompson3563@mail.com,Consumer,UK,England,2023-01-03,9
3564,David Thompson,david.thompson3564@mail.com,Consumer,USA,Illinois,2019-08-06,5
3565,Daniel Thompson,daniel.thompson3565@mail.com,Consumer,India,Gujarat,2020-04-15,29
3566,Linda Thompson,linda.thompson3566@mail.com,Consumer,USA,New York,2023-07-04,3
3567,Linda Davis,linda.davis3567@mail.com,Consumer,Germany,Bavaria,2019-01-31,21
3568,Raj Smith,raj.smith3568@mail.com,Consumer,USA,Ohio,2023-02-23,8
3569,Susan Williams,susan.williams3569@mail.com,Small Business,USA,Texas,2023-01-13,2
3570,Amit Clarke,amit.clarke3570@mail.com,Consumer,UK,Scotland,2022-12-04,10
3571,Sarah Jones,sarah.jones3571@mail.com,Small Business,Australia,Queensland,2024-09-01,19
3572,Charles Bennett,charles.bennett3572@mail.com,Consumer,UK,Northern Ireland,2020-08-16,12
3573,Nancy Jackson,nancy.jackson3573@mail.com,Consumer,Canada,Alberta,2022-06-15,16
3574,Amit Sharma,amit.sharma3574@mail.com,Corporate,Australia,Queensland,2022-06-12,19
3575,Susan Garcia,susan.garcia3575@mail.com,Consumer,USA,California,2023-12-14,1
3576,Sophie Taylor,sophie.taylor3576@mail.com,Small Business,USA,Texas,2020-12-24,2
3577,Sarah Jackson,sarah.jackson3577@mail.com,Corporate,India,Uttar Pradesh,2021-12-02,30
3578,John Garcia,john.garcia3578@mail.com,Small Business,USA,New York,2024-10-14,3
3579,Michael Davis,michael.davis3579@mail.com,Consumer,Canada,Quebec,2023-09-25,14
3580,Mary Thomas,mary.thomas3580@mail.com,Small Business,Canada,British Columbia,2022-05-24,15
3581,Oliver Smith,oliver.smith3581@mail.com,Consumer,Canada,British Columbia,2024-02-28,15
3582,Chloe Rodriguez,chloe.rodriguez3582@mail.com,Consumer,India,Delhi,2021-08-29,27
3583,Jessica Davis,jessica.davis3583@mail.com,Small Business,UK,England,2023-12-17,9
3584,Sunita Patel,sunita.patel3584@mail.com,Consumer,UK,Northern Ireland,2020-06-20,12
3585,Michael Clarke,michael.clarke3585@mail.com,Consumer,UK,England,2020-12-11,9
3586,Michael Williams,michael.williams3586@mail.com,Consumer,USA,Georgia,2024-02-02,7
3587,Jennifer Cole,jennifer.cole3587@mail.com,Consumer,India,Delhi,2022-02-09,27
3588,Thomas Bennett,thomas.bennett3588@mail.com,Consumer,UK,Wales,2025-09-21,11
3589,Nancy Jackson,nancy.jackson3589@mail.com,Consumer,UK,Northern Ireland,2019-07-19,12
3590,Amit Wilson,amit.wilson3590@mail.com,Consumer,UK,England,2023-01-16,9
3591,Sophie Moore,sophie.moore3591@mail.com,Corporate,USA,California,2021-11-12,1
3592,Noah Davis,noah.davis3592@mail.com,Consumer,USA,Georgia,2019-05-15,7
3593,Jessica Taylor,jessica.taylor3593@mail.com,Consumer,UK,Wales,2022-06-15,11
3594,Oliver Johnson,oliver.johnson3594@mail.com,Consumer,CANADA,Alberta,2019-09-17,16
3595,Nancy Iyer,nancy.iyer3595@mail.com,Consumer,USA,Florida,2019-09-10,4
3596,Liam Taylor,liam.taylor3596@mail.com,Corporate,Canada,Quebec,2020-05-06,14
3597,Sunita Wilson,sunita.wilson3597@mail.com,Consumer,India,Maharashtra,2020-03-09,25
3598,Joseph Thompson,joseph.thompson3598@mail.com,Small Business,USA,Florida,2024-11-06,4
3599,Sunita Perez,sunita.perez3599@mail.com,Consumer,India,Uttar Pradesh,2021-03-29,30
3600,Nancy Lee,nancy.lee3600@mail.com,Consumer,Germany,Hesse,2022-05-14,23
3601,Charles Sharma,charles.sharma3601@mail.com,Consumer,UK,England,2023-08-06,9
3602,Noah Kapoor,noah.kapoor3602@mail.com,Consumer,USA,Florida,2025-02-24,4
3603,Emma Johnson,emma.johnson3603@mail.com,Consumer,India,Maharashtra,2024-07-03,25
3604,Charles Brown,charles.brown3604@mail.com,Corporate,Australia,New South Wales,2019-11-14,17
3605,Thomas Moore,thomas.moore3605@mail.com,Consumer,India,Gujarat,2020-03-01,29
3606,Liam Murphy,liam.murphy3606@mail.com,Consumer,india,Gujarat,2020-10-20,29
3607,Mary Murphy,mary.murphy3607@mail.com,Corporate,USA,New York,2021-10-25,3
3608,Linda Martin,,Small Business,Germany,Berlin,2019-11-12,22
3609,Karen Taylor,karen.taylor3609@mail.com,Small Business,UK,Wales,2020-07-30,11
3610,Sunita Johnson,sunita.johnson3610@mail.com,Corporate,India,Uttar Pradesh,2021-04-27,30
3611,Karen Taylor,karen.taylor3611@mail.com,Consumer,Canada,Ontario,2024-11-14,13
3612,Charles Clarke,charles.clarke3612@mail.com,Consumer,UK,Wales,2023-07-06,11
3613,Priya Johnson,priya.johnson3613@mail.com,Corporate,UK,Wales,2022-03-25,11
3614,Michael Martinez,michael.martinez3614@mail.com,Consumer,USA,California,2024-01-05,1
3615,Thomas Taylor,thomas.taylor3615@mail.com,Consumer,Canada,Ontario,2023-07-29,13
3616,Noah Martinez,noah.martinez3616@mail.com,Small Business,India,Karnataka,2019-05-25,26
3617,Oliver Hughes,oliver.hughes3617@mail.com,Consumer,USA,Illinois,2023-11-27,5
3618,Barbara Moore,barbara.moore3618@mail.com,Consumer,USA,Texas,2021-10-05,2
3619,Jennifer Thomas,jennifer.thomas3619@mail.com,Consumer,Germany,Berlin,2022-06-20,22
3620,Barbara Thompson,barbara.thompson3620@mail.com,Consumer,India,Karnataka,2022-04-06,26
3621,Chloe Johnson,chloe.johnson3621@mail.com,Corporate,Canada,Quebec,2020-10-07,14
3622,Amit Martin,amit.martin3622@mail.com,Consumer,USA,California,2025-10-16,1
3623,Noah Jones,noah.jones3623@mail.com,Corporate,Canada,Alberta,2024-10-04,16
3624,Thomas Hughes,thomas.hughes3624@mail.com,Consumer,India,Delhi,2024-04-03,27
3625,Priya Moore,priya.moore3625@mail.com,Consumer,USA,Ohio,2019-11-04,8
3626,Robert Iyer,robert.iyer3626@mail.com,Consumer,UK,Wales,2021-10-01,11
3627,Charles Brown,,Small Business,UK,England,2021-05-15,9
3628,Jennifer Clarke,jennifer.clarke3628@mail.com,Corporate,UK,Wales,2023-11-09,11
3629,Daniel Murphy,daniel.murphy3629@mail.com,Corporate,UK,Wales,2021-06-12,11
3630,Amit Lee,amit.lee3630@mail.com,Corporate,India,Maharashtra,2021-05-05,25
3631,John Taylor,john.taylor3631@mail.com,Consumer,IND,Delhi,2025-10-18,27
3632,Jessica Wilson,jessica.wilson3632@mail.com,Consumer,Australia,Queensland,2019-06-30,19
3633,Thomas Smith,thomas.smith3633@mail.com,Small Business,USA,Texas,2021-01-24,2
3634,Jennifer Moore,jennifer.moore3634@mail.com,Corporate,Australia,Queensland,2021-04-02,19
3635,Daniel Murphy,daniel.murphy3635@mail.com,Consumer,USA,Georgia,2020-10-17,7
3636,Amit Murphy,amit.murphy3636@mail.com,Consumer,Canada,Quebec,2021-10-23,14
3637,Michael Murphy,michael.murphy3637@mail.com,Corporate,Germany,North Rhine-Westphalia,2022-07-02,24
3638,Thomas Williams,thomas.williams3638@mail.com,Small Business,Australia,Victoria,2019-04-15,18
3639,David Wilson,david.wilson3639@mail.com,Consumer,Australia,New South Wales,2022-12-31,17
3640,Amit Sharma,amit.sharma3640@mail.com,Small Business,UK,England,2019-05-03,9
3641,Chloe Kapoor,chloe.kapoor3641@mail.com,Corporate,India,Tamil Nadu,2024-11-04,28
3642,Emma Garcia,emma.garcia3642@mail.com,Consumer,USA,Florida,2024-12-30,4
3643,Amit Iyer,amit.iyer3643@mail.com,Consumer,Australia,Western Australia,2024-01-06,20
3644,Patricia Williams,patricia.williams3644@mail.com,Small Business,USA,Illinois,2023-07-01,5
3645,Patricia Kapoor,patricia.kapoor3645@mail.com,Consumer,UK,Scotland,2019-04-23,10
3646,Thomas Sharma,thomas.sharma3646@mail.com,Small Business,UK,Northern Ireland,2022-03-21,12
3647,Susan Williams,susan.williams3647@mail.com,Consumer,Germany,North Rhine-Westphalia,2023-09-21,24
3648,Charles Kapoor,charles.kapoor3648@mail.com,Consumer,Australia,Western Australia,2019-11-07,20
3649,Joseph Iyer,joseph.iyer3649@mail.com,Consumer,India,Tamil Nadu,2019-06-11,28
3650,Emma Martin,emma.martin3650@mail.com,Corporate,India,Maharashtra,2023-04-05,25
3651,Nancy Garcia,nancy.garcia3651@mail.com,Consumer,Canada,British Columbia,2024-08-04,15
3652,Joseph Lee,joseph.lee3652@mail.com,Small Business,Germany,North Rhine-Westphalia,2023-03-20,24
3653,Joseph Johnson,joseph.johnson3653@mail.com,Consumer,India,Tamil Nadu,2023-10-05,28
3654,Oliver Garcia,oliver.garcia3654@mail.com,Consumer,India,Gujarat,2022-11-14,29
3655,Chloe Wilson,chloe.wilson3655@mail.com,Corporate,USA,California,2021-05-25,1
3656,Daniel Bennett,daniel.bennett3656@mail.com,Small Business,Australia,Victoria,2019-12-01,18
3657,Raj Bennett,raj.bennett3657@mail.com,Corporate,USA,Florida,2019-01-11,4
3658,John Garcia,john.garcia3658@mail.com,Small Business,USA,Texas,2019-10-09,2
3659,Sophie Jones,sophie.jones3659@mail.com,Consumer,USA,Georgia,2021-04-12,7
3660,Jennifer Clarke,jennifer.clarke3660@mail.com,Consumer,India,Karnataka,2020-06-19,26
3661,Amit Johnson,amit.johnson3661@mail.com,Corporate,Germany,Hesse,2022-01-12,23
3662,Jessica Martinez,jessica.martinez3662@mail.com,Consumer,Canada,Quebec,2021-03-10,14
3663,Barbara Iyer,barbara.iyer3663@mail.com,Small Business,Canada,Quebec,2023-09-21,14
3664,Oliver Moore,oliver.moore3664@mail.com,Corporate,USA,Ohio,2023-10-12,8
3665,Barbara Sharma,barbara.sharma3665@mail.com,Consumer,USA,Washington,2019-09-07,6
3666,Jennifer Brown,jennifer.brown3666@mail.com,Consumer,CANADA,British Columbia,2024-09-10,15
3667,Noah Jones,noah.jones3667@mail.com,Small Business,CANADA,British Columbia,2022-05-19,15
3668,Michael Smith,michael.smith3668@mail.com,Consumer,Canada,British Columbia,2019-12-17,15
3669,Nancy Clarke,nancy.clarke3669@mail.com,Consumer,Australia,Queensland,2022-12-17,19
3670,David Smith,david.smith3670@mail.com,Consumer,India,Delhi,2025-06-16,27
3671,Thomas Jackson,thomas.jackson3671@mail.com,Consumer,australia,Victoria,2025-03-31,18
3672,Sophie Jackson,sophie.jackson3672@mail.com,Corporate,UK,Wales,2024-03-03,11
3673,Karen Evans,karen.evans3673@mail.com,Corporate,Germany,Hesse,2023-04-16,23
3674,James Thompson,james.thompson3674@mail.com,Corporate,Germany,North Rhine-Westphalia,2023-04-21,24
3675,Noah Jackson,noah.jackson3675@mail.com,Corporate,USA,New York,2025-10-02,3
3676,Linda Miller,linda.miller3676@mail.com,Corporate,India,Maharashtra,2024-04-26,25
3677,Daniel Patel,daniel.patel3677@mail.com,Small Business,India,Maharashtra,2020-06-23,25
3678,Sarah Moore,sarah.moore3678@mail.com,Consumer,Canada,British Columbia,2022-04-22,15
3679,Jessica Moore,jessica.moore3679@mail.com,Consumer,USA,Texas,2024-09-03,2
3680,Robert Thompson,robert.thompson3680@mail.com,Consumer,Australia,Victoria,2022-11-28,18
3681,Nancy Smith,nancy.smith3681@mail.com,Consumer,Australia,New South Wales,2019-04-06,17
3682,Linda Murphy,linda.murphy3682@mail.com,Corporate,USA,Illinois,2024-09-01,5
3683,Karen Rodriguez,karen.rodriguez3683@mail.com,Consumer,U.S.A,Ohio,2023-01-25,8
3684,Nancy Sharma,nancy.sharma3684@mail.com,Corporate,India,Maharashtra,2020-02-15,25
3685,Karen Hughes,karen.hughes3685@mail.com,Consumer,UK,Wales,2025-09-16,11
3686,Liam Miller,liam.miller3686@mail.com,Consumer,U.K.,Northern Ireland,2020-07-22,12
3687,Mary Garcia,mary.garcia3687@mail.com,Consumer,U.S.A,Ohio,2023-07-28,8
3688,John Johnson,john.johnson3688@mail.com,Corporate,Germany,Hesse,2023-05-28,23
3689,Priya Anderson,priya.anderson3689@mail.com,Consumer,Australia,Victoria,2025-02-11,18
3690,Mary Jones,mary.jones3690@mail.com,Consumer,USA,Texas,2021-02-22,2
3691,Sophie Johnson,sophie.johnson3691@mail.com,Consumer,India,Gujarat,2021-09-02,29
3692,Raj Perez,raj.perez3692@mail.com,Small Business,UK,England,2025-05-12,9
3693,Liam Thompson,liam.thompson3693@mail.com,Consumer,United States,Ohio,2024-11-29,8
3694,Barbara Wilson,barbara.wilson3694@mail.com,Corporate,Canada,Ontario,2025-05-16,13
3695,Chloe Williams,chloe.williams3695@mail.com,Consumer,USA,Texas,2022-12-13,2
3696,Mary Brown,mary.brown3696@mail.com,Consumer,Australia,Queensland,2024-08-22,19
3697,Jessica Garcia,jessica.garcia3697@mail.com,Consumer,USA,Illinois,2022-11-13,5
3698,Jennifer Patel,jennifer.patel3698@mail.com,Consumer,USA,Washington,2021-03-17,6
3699,Barbara Thompson,barbara.thompson3699@mail.com,Corporate,Germany,North Rhine-Westphalia,2024-10-29,24
3700,Raj Kapoor,raj.kapoor3700@mail.com,Corporate,Germany,Hesse,2024-11-02,23
3701,Amit Thompson,amit.thompson3701@mail.com,Consumer,India,Uttar Pradesh,2022-07-22,30
3702,Daniel Evans,daniel.evans3702@mail.com,Consumer,india,Gujarat,2019-01-30,29
3703,Karen Garcia,karen.garcia3703@mail.com,Corporate,USA,New York,2023-07-12,3
3704,Thomas Iyer,thomas.iyer3704@mail.com,Corporate,Australia,Western Australia,2024-01-15,20
3705,Daniel Anderson,daniel.anderson3705@mail.com,Corporate,India,Gujarat,2019-06-16,29
3706,Chloe Johnson,chloe.johnson3706@mail.com,Consumer,USA,Washington,2023-01-31,6
3707,Robert Clarke,robert.clarke3707@mail.com,Consumer,Germany,Berlin,2019-07-19,22
3708,Barbara Wilson,barbara.wilson3708@mail.com,Consumer,Germany,Hesse,2022-10-17,23
3709,Susan Murphy,susan.murphy3709@mail.com,Consumer,Canada,Alberta,2023-12-07,16
3710,Joseph Hughes,joseph.hughes3710@mail.com,Corporate,USA,New York,2021-04-12,3
3711,Robert Clarke,robert.clarke3711@mail.com,Corporate,Australia,Western Australia,2023-06-10,20
3712,Jessica Hughes,jessica.hughes3712@mail.com,Corporate,Germany,Bavaria,2022-10-15,21
3713,Karen Williams,karen.williams3713@mail.com,Consumer,USA,Texas,2023-10-08,2
3714,Barbara Jackson,barbara.jackson3714@mail.com,Consumer,USA,Illinois,2025-06-14,5
3715,John Brown,john.brown3715@mail.com,Small Business,Germany,Hesse,2023-01-09,23
3716,Amit Bennett,amit.bennett3716@mail.com,Consumer,Canada,Quebec,2020-05-24,14
3717,David Wilson,david.wilson3717@mail.com,Consumer,canada,Quebec,2022-04-06,14
3718,Charles Thomas,charles.thomas3718@mail.com,Consumer,U.S.A,Georgia,2022-07-11,7
3719,Charles Miller,charles.miller3719@mail.com,Consumer,USA,Florida,2025-09-10,4
3720,Amit Miller,amit.miller3720@mail.com,Consumer,USA,Florida,2025-05-18,4
3721,Nancy Johnson,nancy.johnson3721@mail.com,Small Business,Canada,Ontario,2022-08-06,13
3722,Patricia Perez,patricia.perez3722@mail.com,Corporate,UK,England,2021-12-26,9
3723,Sunita Sharma,sunita.sharma3723@mail.com,Corporate,USA,Washington,2021-05-01,6
3724,Charles Williams,charles.williams3724@mail.com,Consumer,USA,Washington,2022-12-16,6
3725,Sarah Iyer,sarah.iyer3725@mail.com,Consumer,USA,Washington,2022-12-19,6
3726,Amit Thompson,amit.thompson3726@mail.com,Consumer,Canada,British Columbia,2021-07-06,15
3727,Chloe Evans,chloe.evans3727@mail.com,Consumer,USA,New York,2019-05-11,3
3728,Amit Martinez,amit.martinez3728@mail.com,Consumer,CANADA,Alberta,2019-07-05,16
3729,Jessica Thompson,jessica.thompson3729@mail.com,Consumer,Australia,Western Australia,2024-07-25,20
3730,Sophie Wilson,sophie.wilson3730@mail.com,Consumer,Germany,North Rhine-Westphalia,2023-07-06,24
3731,David Martin,david.martin3731@mail.com,Consumer,UK,Scotland,2024-12-18,10
3732,Daniel Thompson,daniel.thompson3732@mail.com,Consumer,Australia,Queensland,2021-02-02,19
3733,Susan Cole,susan.cole3733@mail.com,Consumer,India,Gujarat,2021-08-12,29
3734,John Thompson,john.thompson3734@mail.com,Corporate,India,Delhi,2019-10-14,27
3735,Daniel Jackson,daniel.jackson3735@mail.com,Small Business,USA,Illinois,2021-11-29,5
3736,Charles Iyer,charles.iyer3736@mail.com,Consumer,Canada,Alberta,2023-11-11,16
3737,Priya Jackson,priya.jackson3737@mail.com,Consumer,USA,California,2024-09-14,1
3738,Sarah Evans,sarah.evans3738@mail.com,Consumer,Canada,Quebec,2023-12-04,14
3739,Jennifer Murphy,jennifer.murphy3739@mail.com,Consumer,canada,British Columbia,2024-10-16,15
3740,Nancy Davis,nancy.davis3740@mail.com,Corporate,uk,England,2020-06-13,9
3741,Amit Martinez,amit.martinez3741@mail.com,Consumer,Australia,New South Wales,2021-03-01,17
3742,Michael Smith,michael.smith3742@mail.com,Small Business,Canada,Quebec,2020-10-04,14
3743,Patricia Smith,patricia.smith3743@mail.com,Consumer,USA,Ohio,2019-03-17,8
3744,Thomas Sharma,thomas.sharma3744@mail.com,Consumer,USA,California,2022-11-29,1
3745,Emma Brown,emma.brown3745@mail.com,Small Business,Canada,Ontario,2022-07-15,13
3746,Sunita Bennett,sunita.bennett3746@mail.com,Small Business,Canada,Alberta,2022-09-29,16
3747,Michael Evans,michael.evans3747@mail.com,Consumer,India,Gujarat,2021-02-26,29
3748,Nancy Thomas,nancy.thomas3748@mail.com,Corporate,Germany,Bavaria,2025-07-04,21
3749,Jessica Johnson,jessica.johnson3749@mail.com,Small Business,USA,Georgia,2020-07-24,7
3750,Richard Anderson,richard.anderson3750@mail.com,Consumer,Australia,Western Australia,2020-05-17,20
3751,Karen Evans,karen.evans3751@mail.com,Small Business,Germany,Hesse,2024-11-01,23
3752,Priya Miller,priya.miller3752@mail.com,Corporate,Australia,New South Wales,2021-09-08,17
3753,James Sharma,james.sharma3753@mail.com,Consumer,UK,England,2022-03-06,9
3754,Michael Kapoor,michael.kapoor3754@mail.com,Consumer,Australia,Queensland,2022-06-16,19
3755,Barbara Rodriguez,barbara.rodriguez3755@mail.com,Consumer,USA,California,2019-11-26,1
3756,Emma Williams,emma.williams3756@mail.com,Small Business,UK,Scotland,2024-02-23,10
3757,Barbara Martinez,barbara.martinez3757@mail.com,Consumer,UK,England,2022-07-16,9
3758,Charles Lee,charles.lee3758@mail.com,Consumer,Canada,Alberta,2024-01-26,16
3759,Richard Clarke,richard.clarke3759@mail.com,Corporate,UK,Scotland,2024-03-23,10
3760,James Brown,james.brown3760@mail.com,Corporate,Canada,British Columbia,2020-05-26,15
3761,Raj Wilson,raj.wilson3761@mail.com,Consumer,Australia,Western Australia,2022-03-20,20
3762,Richard Taylor,richard.taylor3762@mail.com,Consumer,Australia,Queensland,2024-03-02,19
3763,Sunita Perez,sunita.perez3763@mail.com,Consumer,UK,Northern Ireland,2019-12-12,12
3764,Nancy Smith,nancy.smith3764@mail.com,Consumer,India,Karnataka,2025-09-15,26
3765,Liam Garcia,liam.garcia3765@mail.com,Consumer,USA,Ohio,2023-03-11,8
3766,Michael Wilson,michael.wilson3766@mail.com,Consumer,India,Gujarat,2019-06-27,29
3767,Liam Wilson,liam.wilson3767@mail.com,Consumer,USA,California,2023-10-22,1
3768,Chloe Patel,chloe.patel3768@mail.com,Consumer,UK,Wales,2024-12-20,11
3769,Sarah Cole,sarah.cole3769@mail.com,Consumer,USA,Ohio,2019-08-04,8
3770,Sarah Evans,sarah.evans3770@mail.com,Small Business,U.S.A,Florida,2021-08-03,4
3771,Mary Sharma,mary.sharma3771@mail.com,Corporate,USA,Ohio,2024-06-03,8
3772,John Jackson,john.jackson3772@mail.com,Consumer,India,Maharashtra,2023-11-26,25
3773,John Sharma,john.sharma3773@mail.com,Consumer,USA,Florida,2020-12-29,4
3774,Thomas Murphy,thomas.murphy3774@mail.com,Consumer,UK,Northern Ireland,2024-07-21,12
3775,Sophie Lee,sophie.lee3775@mail.com,Consumer,India,Maharashtra,2023-11-29,25
3776,Noah Wilson,noah.wilson3776@mail.com,Small Business,India,Karnataka,2022-08-12,26
3777,Thomas Evans,thomas.evans3777@mail.com,Consumer,UK,England,2022-02-26,9
3778,Liam Thomas,liam.thomas3778@mail.com,Consumer,UK,England,2022-04-04,9
3779,Chloe Iyer,chloe.iyer3779@mail.com,Corporate,USA,Washington,2025-09-30,6
3780,Mary Hughes,mary.hughes3780@mail.com,Small Business,Canada,Ontario,2024-11-25,13
3781,Charles Martinez,charles.martinez3781@mail.com,Small Business,Canada,British Columbia,2022-03-15,15
3782,Daniel Iyer,daniel.iyer3782@mail.com,Corporate,India,Gujarat,2025-02-15,29
3783,Raj Wilson,raj.wilson3783@mail.com,Consumer,Germany,North Rhine-Westphalia,2025-08-01,24
3784,Karen Lee,karen.lee3784@mail.com,Consumer,Canada,British Columbia,2023-02-11,15
3785,James Miller,james.miller3785@mail.com,Corporate,Germany,Bavaria,2025-07-04,21
3786,Daniel Patel,daniel.patel3786@mail.com,Consumer,USA,Washington,2024-02-09,6
3787,Richard Evans,richard.evans3787@mail.com,Consumer,Germany,Hesse,2020-11-02,23
3788,Chloe Murphy,chloe.murphy3788@mail.com,Corporate,UK,Scotland,2022-10-12,10
3789,Emma Anderson,emma.anderson3789@mail.com,Corporate,UK,Scotland,2021-03-18,10
3790,Robert Jones,robert.jones3790@mail.com,Consumer,Australia,Victoria,2023-03-24,18
3791,David Hughes,david.hughes3791@mail.com,Consumer,USA,Illinois,2020-05-10,5
3792,James Wilson,james.wilson3792@mail.com,Small Business,USA,Florida,2022-07-02,4
3793,Joseph Sharma,joseph.sharma3793@mail.com,Corporate,UK,Northern Ireland,2021-10-24,12
3794,Karen Hughes,karen.hughes3794@mail.com,Consumer,India,Karnataka,2021-10-14,26
3795,Jennifer Perez,jennifer.perez3795@mail.com,Consumer,Canada,Ontario,2022-09-22,13
3796,Nancy Taylor,nancy.taylor3796@mail.com,Consumer,USA,California,2022-05-27,1
3797,Jennifer Thompson,jennifer.thompson3797@mail.com,Consumer,Australia,Victoria,2022-05-25,18
3798,Patricia Bennett,patricia.bennett3798@mail.com,Consumer,UK,Northern Ireland,2019-11-12,12
3799,Emma Clarke,emma.clarke3799@mail.com,Small Business,UK,Scotland,2023-02-21,10
3800,Barbara Kapoor,barbara.kapoor3800@mail.com,Corporate,Germany,North Rhine-Westphalia,2021-10-01,24
3801,Sophie Wilson,sophie.wilson3801@mail.com,Small Business,India,Gujarat,2023-05-14,29
3802,Amit Johnson,amit.johnson3802@mail.com,Corporate,USA,Georgia,2021-07-10,7
3803,David Thomas,david.thomas3803@mail.com,Small Business,India,Delhi,2024-08-13,27
3804,Robert Jackson,robert.jackson3804@mail.com,Small Business,USA,Illinois,2020-03-06,5
3805,Noah Davis,noah.davis3805@mail.com,Consumer,USA,Florida,2020-12-15,4
3806,Susan Moore,susan.moore3806@mail.com,Consumer,Germany,Berlin,2024-11-08,22
3807,Liam Martinez,liam.martinez3807@mail.com,Consumer,Germany,Hesse,2019-07-10,23
3808,Michael Martin,michael.martin3808@mail.com,Consumer,USA,Texas,2020-05-14,2
3809,Barbara Garcia,barbara.garcia3809@mail.com,Consumer,India,Uttar Pradesh,2024-06-17,30
3810,Patricia Anderson,patricia.anderson3810@mail.com,Corporate,USA,Florida,2019-01-15,4
3811,Emma Johnson,emma.johnson3811@mail.com,Consumer,USA,California,2021-10-16,1
3812,Oliver Miller,oliver.miller3812@mail.com,Consumer,Canada,Ontario,2023-08-18,13
3813,Chloe Williams,chloe.williams3813@mail.com,Corporate,Australia,Western Australia,2023-12-08,20
3814,Thomas Martin,thomas.martin3814@mail.com,Corporate,USA,California,2019-01-01,1
3815,James Evans,james.evans3815@mail.com,Small Business,Germany,Bavaria,2024-07-28,21
3816,Sarah Murphy,sarah.murphy3816@mail.com,Small Business,USA,Florida,2019-02-09,4
3817,Charles Jones,charles.jones3817@mail.com,Small Business,USA,New York,2024-07-17,3
3818,Michael Wilson,michael.wilson3818@mail.com,Small Business,USA,Washington,2019-08-22,6
3819,Chloe Jackson,chloe.jackson3819@mail.com,Corporate,USA,California,2025-07-27,1
3820,Sunita Bennett,sunita.bennett3820@mail.com,Corporate,USA,New York,2022-11-27,3
3821,Charles Martinez,charles.martinez3821@mail.com,Small Business,USA,Washington,2022-01-12,6
3822,Oliver Wilson,oliver.wilson3822@mail.com,Corporate,IND,Maharashtra,2022-04-05,25
3823,John Clarke,john.clarke3823@mail.com,Small Business,India,Gujarat,2019-07-10,29
3824,Sophie Brown,sophie.brown3824@mail.com,Consumer,India,Karnataka,2023-09-14,26
3825,Liam Martin,liam.martin3825@mail.com,Corporate,USA,Illinois,2022-12-28,5
3826,Raj Jones,raj.jones3826@mail.com,Small Business,UK,England,2025-06-12,9
3827,Michael Iyer,michael.iyer3827@mail.com,Consumer,UK,England,2021-10-02,9
3828,Mary Moore,mary.moore3828@mail.com,Consumer,India,Delhi,2021-04-03,27
3829,Joseph Kapoor,joseph.kapoor3829@mail.com,Consumer,India,Uttar Pradesh,2025-03-26,30
3830,Sophie Martin,,Small Business,India,Uttar Pradesh,2019-11-15,30
3831,Patricia Smith,patricia.smith3831@mail.com,Consumer,UK,Wales,2023-01-13,11
3832,Barbara Cole,barbara.cole3832@mail.com,Consumer,India,Tamil Nadu,2020-10-27,28
3833,Mary Patel,mary.patel3833@mail.com,Small Business,UK,Northern Ireland,2025-05-07,12
3834,Sophie Thompson,sophie.thompson3834@mail.com,Consumer,Canada,British Columbia,2025-02-03,15
3835,Sophie Williams,sophie.williams3835@mail.com,Consumer,India,Karnataka,2024-01-17,26
3836,Richard Moore,richard.moore3836@mail.com,Consumer,India,Tamil Nadu,2019-11-03,28
3837,Noah Johnson,noah.johnson3837@mail.com,Small Business,UK,Wales,2022-02-09,11
3838,Patricia Martin,patricia.martin3838@mail.com,Corporate,USA,Illinois,2021-07-06,5
3839,Oliver Patel,oliver.patel3839@mail.com,Consumer,UK,Wales,2019-09-09,11
3840,Sunita Martinez,sunita.martinez3840@mail.com,Consumer,Germany,North Rhine-Westphalia,2023-09-21,24
3841,James Perez,james.perez3841@mail.com,Consumer,India,Delhi,2023-10-05,27
3842,Oliver Martinez,oliver.martinez3842@mail.com,Corporate,Germany,Hesse,2023-10-26,23
3843,Priya Murphy,priya.murphy3843@mail.com,Consumer,Germany,Berlin,2025-04-06,22
3844,Michael Wilson,michael.wilson3844@mail.com,Consumer,India,Gujarat,2022-01-30,29
3845,Michael Miller,michael.miller3845@mail.com,Consumer,India,Tamil Nadu,2021-02-08,28
3846,Barbara Rodriguez,barbara.rodriguez3846@mail.com,Consumer,UK,Scotland,2023-05-03,10
3847,Karen Wilson,karen.wilson3847@mail.com,Consumer,India,Gujarat,2021-01-30,29
3848,Oliver Moore,oliver.moore3848@mail.com,Corporate,Canada,British Columbia,2021-03-29,15
3849,Raj Brown,raj.brown3849@mail.com,Consumer,Germany,Hesse,2020-02-27,23
3850,David Jones,david.jones3850@mail.com,Corporate,India,Gujarat,2019-11-21,29
3851,Jennifer Rodriguez,jennifer.rodriguez3851@mail.com,Consumer,India,Tamil Nadu,2022-06-21,28
3852,Patricia Smith,patricia.smith3852@mail.com,Corporate,USA,Ohio,2023-05-03,8
3853,Nancy Lee,nancy.lee3853@mail.com,Small Business,India,Gujarat,2019-04-22,29
3854,Charles Brown,charles.brown3854@mail.com,Consumer,USA,Texas,2020-12-01,2
3855,Michael Lee,michael.lee3855@mail.com,Consumer,USA,Florida,2020-12-23,4
3856,Susan Lee,susan.lee3856@mail.com,Consumer,India,Tamil Nadu,2022-07-28,28
3857,Richard Rodriguez,richard.rodriguez3857@mail.com,Corporate,Germany,Hesse,2021-08-10,23
3858,John Kapoor,,Corporate,Australia,Queensland,2021-04-20,19
3859,Emma Martinez,emma.martinez3859@mail.com,Consumer,USA,Ohio,2022-09-14,8
3860,Daniel Davis,daniel.davis3860@mail.com,Consumer,Germany,Berlin,2019-07-19,22
3861,Jennifer Williams,jennifer.williams3861@mail.com,Consumer,Australia,Queensland,2025-06-15,19
3862,Barbara Thompson,barbara.thompson3862@mail.com,Corporate,canada,Ontario,2019-08-09,13
3863,Noah Wilson,noah.wilson3863@mail.com,Small Business,Germany,Hesse,2024-01-05,23
3864,Karen Moore,karen.moore3864@mail.com,Corporate,Australia,New South Wales,2024-08-12,17
3865,Mary Jones,mary.jones3865@mail.com,Consumer,Australia,New South Wales,2020-07-07,17
3866,James Jackson,james.jackson3866@mail.com,Consumer,Australia,Victoria,2022-10-04,18
3867,Noah Patel,noah.patel3867@mail.com,Consumer,UK,Northern Ireland,2022-11-13,12
3868,Mary Brown,mary.brown3868@mail.com,Small Business,UK,Northern Ireland,2025-03-05,12
3869,Joseph Johnson,joseph.johnson3869@mail.com,Small Business,Canada,British Columbia,2024-06-26,15
3870,Robert Thomas,robert.thomas3870@mail.com,Small Business,USA,California,2019-09-04,1
3871,Joseph Garcia,joseph.garcia3871@mail.com,Consumer,USA,Ohio,2022-05-22,8
3872,Amit Thompson,amit.thompson3872@mail.com,Small Business,UK,Scotland,2022-06-16,10
3873,Noah Perez,noah.perez3873@mail.com,Corporate,India,Maharashtra,2019-12-14,25
3874,Priya Hughes,priya.hughes3874@mail.com,Consumer,Australia,Victoria,2024-01-04,18
3875,Amit Kapoor,amit.kapoor3875@mail.com,Consumer,Canada,Ontario,2021-05-28,13
3876,Thomas Thompson,thomas.thompson3876@mail.com,Consumer,India,Uttar Pradesh,2021-05-24,30
3877,Susan Martinez,susan.martinez3877@mail.com,Corporate,USA,Georgia,2021-07-08,7
3878,Richard Hughes,richard.hughes3878@mail.com,Corporate,USA,Ohio,2019-09-07,8
3879,Michael Kapoor,michael.kapoor3879@mail.com,Small Business,Canada,Alberta,2021-07-13,16
3880,Oliver Patel,oliver.patel3880@mail.com,Corporate,Canada,Alberta,2023-12-19,16
3881,Emma Lee,emma.lee3881@mail.com,Consumer,USA,Ohio,2025-01-20,8
3882,Robert Cole,robert.cole3882@mail.com,Corporate,UK,Wales,2021-12-07,11
3883,Oliver Clarke,oliver.clarke3883@mail.com,Consumer,UK,Northern Ireland,2025-06-13,12
3884,Thomas Perez,thomas.perez3884@mail.com,Corporate,U.S.A,Florida,2020-06-04,4
3885,John Williams,john.williams3885@mail.com,Consumer,USA,Ohio,2024-07-17,8
3886,Liam Evans,,Corporate,Australia,New South Wales,2024-03-29,17
3887,Chloe Kapoor,chloe.kapoor3887@mail.com,Consumer,Canada,British Columbia,2023-11-27,15
3888,Thomas Brown,thomas.brown3888@mail.com,Consumer,UK,Scotland,2020-06-12,10
3889,Thomas Martinez,thomas.martinez3889@mail.com,Corporate,USA,Texas,2025-09-06,2
3890,Raj Sharma,raj.sharma3890@mail.com,Consumer,Australia,New South Wales,2022-02-26,17
3891,Amit Clarke,amit.clarke3891@mail.com,Corporate,Canada,Quebec,2022-09-15,14
3892,Thomas Jackson,thomas.jackson3892@mail.com,Small Business,australia,Queensland,2024-03-19,19
3893,Linda Davis,linda.davis3893@mail.com,Consumer,UK,Scotland,2025-11-01,10
3894,John Bennett,john.bennett3894@mail.com,Corporate,Canada,Alberta,2024-11-29,16
3895,Noah Thompson,noah.thompson3895@mail.com,Corporate,Canada,British Columbia,2024-11-10,15
3896,David Cole,,Consumer,UK,Wales,2021-05-19,11
3897,Susan Taylor,susan.taylor3897@mail.com,Small Business,Australia,New South Wales,2020-05-19,17
3898,Jennifer Kapoor,jennifer.kapoor3898@mail.com,Consumer,Germany,Hesse,2024-05-24,23
3899,Chloe Patel,chloe.patel3899@mail.com,Small Business,Canada,Quebec,2020-02-11,14
3900,Richard Evans,richard.evans3900@mail.com,Small Business,Germany,Berlin,2023-09-13,22
3901,Sophie Murphy,sophie.murphy3901@mail.com,Consumer,UK,Wales,2024-09-06,11
3902,Richard Moore,richard.moore3902@mail.com,Consumer,USA,Texas,2020-04-29,2
3903,Sarah Smith,sarah.smith3903@mail.com,Consumer,Canada,Ontario,2022-06-16,13
3904,Robert Jackson,robert.jackson3904@mail.com,Consumer,USA,Illinois,2024-07-06,5
3905,Patricia Anderson,patricia.anderson3905@mail.com,Corporate,USA,New York,2022-12-24,3
3906,Sarah Moore,sarah.moore3906@mail.com,Corporate,Canada,Ontario,2020-04-24,13
3907,Sophie Garcia,sophie.garcia3907@mail.com,Consumer,UK,England,2024-12-24,9
3908,Barbara Clarke,barbara.clarke3908@mail.com,Consumer,Germany,Berlin,2020-09-08,22
3909,Susan Thompson,susan.thompson3909@mail.com,Corporate,UK,Wales,2021-10-20,11
3910,Daniel Jones,daniel.jones3910@mail.com,Small Business,IND,Tamil Nadu,2021-01-14,28
3911,Charles Brown,charles.brown3911@mail.com,Consumer,UK,Scotland,2021-01-21,10
3912,Joseph Hughes,joseph.hughes3912@mail.com,Corporate,Canada,British Columbia,2021-07-28,15
3913,Amit Evans,amit.evans3913@mail.com,Consumer,India,Maharashtra,2024-12-31,25
3914,Patricia Wilson,patricia.wilson3914@mail.com,Small Business,USA,Georgia,2020-10-26,7
3915,Karen Sharma,karen.sharma3915@mail.com,Consumer,USA,Ohio,2022-10-04,8
3916,Robert Evans,robert.evans3916@mail.com,Small Business,USA,California,2025-11-01,1
3917,Barbara Lee,barbara.lee3917@mail.com,Consumer,Canada,Quebec,2023-12-23,14
3918,Thomas Taylor,thomas.taylor3918@mail.com,Consumer,India,Tamil Nadu,2019-01-21,28
3919,Daniel Thomas,daniel.thomas3919@mail.com,Consumer,USA,Georgia,2022-02-25,7
3920,Linda Thompson,linda.thompson3920@mail.com,Consumer,UK,Scotland,2019-02-26,10
3921,Linda Lee,linda.lee3921@mail.com,Corporate,India,Delhi,2021-01-05,27
3922,Jennifer Jackson,jennifer.jackson3922@mail.com,Corporate,Canada,Quebec,2021-01-22,14
3923,Joseph Williams,joseph.williams3923@mail.com,Consumer,Canada,Quebec,2021-10-14,14
3924,Richard Miller,richard.miller3924@mail.com,Consumer,UK,England,2022-08-30,9
3925,Liam Kapoor,liam.kapoor3925@mail.com,Consumer,UK,Wales,2022-06-25,11
3926,Daniel Thomas,daniel.thomas3926@mail.com,Consumer,UK,Scotland,2023-08-05,10
3927,Emma Thomas,emma.thomas3927@mail.com,Corporate,Australia,Queensland,2019-10-03,19
3928,Daniel Evans,daniel.evans3928@mail.com,Consumer,USA,New York,2019-06-27,3
3929,Richard Lee,richard.lee3929@mail.com,Corporate,USA,Florida,2020-10-23,4
3930,Amit Davis,amit.davis3930@mail.com,Consumer,UK,England,2022-07-17,9
3931,Jennifer Patel,jennifer.patel3931@mail.com,Small Business,India,Gujarat,2022-10-04,29
3932,Raj Williams,raj.williams3932@mail.com,Corporate,USA,Ohio,2021-10-01,8
3933,Sunita Cole,sunita.cole3933@mail.com,Small Business,Germany,Bavaria,2024-04-26,21
3934,Amit Perez,amit.perez3934@mail.com,Consumer,USA,Illinois,2024-10-11,5
3935,Liam Jackson,liam.jackson3935@mail.com,Consumer,Germany,Hesse,2024-09-02,23
3936,Patricia Perez,patricia.perez3936@mail.com,Small Business,USA,Georgia,2020-04-17,7
3937,Nancy Moore,nancy.moore3937@mail.com,Corporate,Australia,Queensland,2020-12-27,19
3938,Richard Lee,,Consumer,Germany,Hesse,2021-01-10,23
3939,Patricia Hughes,patricia.hughes3939@mail.com,Corporate,USA,Georgia,2020-07-28,7
3940,Thomas Garcia,thomas.garcia3940@mail.com,Consumer,India,Uttar Pradesh,2023-11-24,30
3941,Barbara Taylor,barbara.taylor3941@mail.com,Consumer,UK,Scotland,2019-09-19,10
3942,Robert Thompson,robert.thompson3942@mail.com,Consumer,Canada,Ontario,2021-08-07,13
3943,Patricia Patel,patricia.patel3943@mail.com,Consumer,U.S.A,Texas,2019-04-22,2
3944,Liam Thompson,liam.thompson3944@mail.com,Small Business,Australia,Western Australia,2023-11-26,20
3945,Oliver Hughes,oliver.hughes3945@mail.com,Consumer,UK,Wales,2021-03-07,11
3946,Joseph Wilson,joseph.wilson3946@mail.com,Consumer,USA,New York,2023-04-15,3
3947,Sarah Sharma,sarah.sharma3947@mail.com,Consumer,Canada,British Columbia,2020-04-17,15
3948,Raj Johnson,raj.johnson3948@mail.com,Small Business,USA,New York,2020-10-02,3
3949,Robert Miller,robert.miller3949@mail.com,Consumer,India,Maharashtra,2024-12-18,25
3950,Liam Jones,liam.jones3950@mail.com,Corporate,U.S.A,Texas,2021-05-04,2
3951,Noah Perez,noah.perez3951@mail.com,Corporate,Australia,Western Australia,2019-02-19,20
3952,Noah Clarke,noah.clarke3952@mail.com,Corporate,India,Uttar Pradesh,2022-05-02,30
3953,Priya Evans,priya.evans3953@mail.com,Small Business,Australia,Queensland,2025-07-14,19
3954,James Clarke,james.clarke3954@mail.com,Small Business,Canada,Ontario,2025-03-23,13
3955,John Patel,john.patel3955@mail.com,Consumer,India,Maharashtra,2021-06-19,25
3956,John Moore,john.moore3956@mail.com,Consumer,USA,Ohio,2023-09-21,8
3957,Karen Martinez,karen.martinez3957@mail.com,Small Business,USA,Georgia,2020-06-01,7
3958,Joseph Thompson,joseph.thompson3958@mail.com,Small Business,India,Karnataka,2024-07-30,26
3959,Daniel Moore,daniel.moore3959@mail.com,Small Business,India,Karnataka,2025-01-09,26
3960,Michael Miller,michael.miller3960@mail.com,Consumer,Australia,New South Wales,2019-09-22,17
3961,Raj Murphy,raj.murphy3961@mail.com,Consumer,Germany,North Rhine-Westphalia,2020-12-29,24
3962,Richard Martinez,richard.martinez3962@mail.com,Corporate,USA,Georgia,2024-07-03,7
3963,Daniel Evans,daniel.evans3963@mail.com,Small Business,USA,Georgia,2023-04-09,7
3964,Chloe Patel,chloe.patel3964@mail.com,Consumer,USA,Georgia,2020-04-10,7
3965,Barbara Cole,barbara.cole3965@mail.com,Consumer,india,Delhi,2021-06-27,27
3966,Chloe Thomas,chloe.thomas3966@mail.com,Consumer,USA,New York,2019-04-19,3
3967,Amit Cole,,Consumer,Canada,Ontario,2020-03-23,13
3968,Susan Williams,susan.williams3968@mail.com,Corporate,India,Maharashtra,2022-03-06,25
3969,Daniel Smith,daniel.smith3969@mail.com,Consumer,Germany,Hesse,2021-12-05,23
3970,Nancy Martin,nancy.martin3970@mail.com,Small Business,Germany,Berlin,2020-06-20,22
3971,Joseph Bennett,joseph.bennett3971@mail.com,Consumer,Canada,Quebec,2024-01-15,14
3972,John Bennett,john.bennett3972@mail.com,Corporate,canada,Quebec,2025-05-11,14
3973,Barbara Johnson,barbara.johnson3973@mail.com,Consumer,India,Maharashtra,2022-03-05,25
3974,Susan Murphy,susan.murphy3974@mail.com,Consumer,DE,Hesse,2023-03-03,23
3975,Karen Johnson,karen.johnson3975@mail.com,Consumer,India,Uttar Pradesh,2020-02-05,30
3976,James Kapoor,james.kapoor3976@mail.com,Consumer,USA,Illinois,2022-08-23,5
3977,Karen Hughes,karen.hughes3977@mail.com,Consumer,Australia,New South Wales,2023-10-12,17
3978,Susan Brown,susan.brown3978@mail.com,Corporate,USA,Illinois,2020-04-17,5
3979,Sophie Martinez,sophie.martinez3979@mail.com,Consumer,USA,Florida,2023-12-06,4
3980,Sophie Smith,sophie.smith3980@mail.com,Consumer,India,Delhi,2021-09-15,27
3981,Linda Thomas,linda.thomas3981@mail.com,Consumer,Canada,British Columbia,2023-03-06,15
3982,Amit Perez,amit.perez3982@mail.com,Small Business,Germany,Bavaria,2023-08-07,21
3983,Joseph Sharma,joseph.sharma3983@mail.com,Consumer,Canada,Ontario,2022-02-25,13
3984,Richard Kapoor,richard.kapoor3984@mail.com,Small Business,Germany,Bavaria,2019-08-25,21
3985,Joseph Taylor,joseph.taylor3985@mail.com,Small Business,India,Delhi,2025-06-30,27
3986,Joseph Thomas,joseph.thomas3986@mail.com,Consumer,Australia,Western Australia,2025-05-22,20
3987,Karen Miller,karen.miller3987@mail.com,Consumer,Australia,New South Wales,2024-10-12,17
3988,Raj Garcia,raj.garcia3988@mail.com,Consumer,USA,Ohio,2022-01-07,8
3989,Sarah Jones,sarah.jones3989@mail.com,Corporate,UK,Wales,2024-04-20,11
3990,Michael Lee,michael.lee3990@mail.com,Consumer,India,Gujarat,2023-01-22,29
3991,Joseph Hughes,joseph.hughes3991@mail.com,Consumer,India,Uttar Pradesh,2021-05-14,30
3992,Chloe Anderson,chloe.anderson3992@mail.com,Consumer,UK,Scotland,2022-03-18,10
3993,Liam Thomas,liam.thomas3993@mail.com,Consumer,India,Tamil Nadu,2019-09-26,28
3994,John Martinez,john.martinez3994@mail.com,Consumer,Australia,Queensland,2019-03-25,19
3995,Sophie Patel,sophie.patel3995@mail.com,Consumer,CANADA,Ontario,2025-07-14,13
3996,John Jones,john.jones3996@mail.com,Consumer,Canada,British Columbia,2025-06-23,15
3997,James Williams,james.williams3997@mail.com,Corporate,USA,Texas,2023-05-13,2
3998,Priya Smith,priya.smith3998@mail.com,Corporate,Canada,British Columbia,2024-08-28,15
3999,John Iyer,john.iyer3999@mail.com,Consumer,canada,Quebec,2022-06-15,14
4000,Noah Jackson,noah.jackson4000@mail.com,Corporate,USA,Washington,2023-01-07,6
4001,Raj Thomas,raj.thomas4001@mail.com,Small Business,UK,Scotland,2019-06-30,10
4002,John Williams,john.williams4002@mail.com,Corporate,Canada,Ontario,2022-08-28,13
4003,John Sharma,john.sharma4003@mail.com,Consumer,usa,New York,2021-04-30,3
4004,Emma Thomas,emma.thomas4004@mail.com,Corporate,Canada,Alberta,2025-02-05,16
4005,Sophie Moore,sophie.moore4005@mail.com,Consumer,UK,England,2024-08-23,9
4006,Noah Evans,noah.evans4006@mail.com,Consumer,India,Tamil Nadu,2019-09-13,28
4007,Amit Thompson,amit.thompson4007@mail.com,Consumer,Germany,North Rhine-Westphalia,2019-05-09,24
4008,Chloe Thomas,chloe.thomas4008@mail.com,Consumer,USA,Georgia,2021-04-23,7
4009,Nancy Garcia,nancy.garcia4009@mail.com,Corporate,Germany,Hesse,2024-02-01,23
4010,Thomas Martin,thomas.martin4010@mail.com,Consumer,USA,Texas,2020-07-06,2
4011,Jessica Lee,jessica.lee4011@mail.com,Consumer,India,Karnataka,2022-10-01,26
4012,Liam Moore,liam.moore4012@mail.com,Consumer,Germany,Berlin,2019-12-01,22
4013,Joseph Anderson,joseph.anderson4013@mail.com,Small Business,USA,Georgia,2024-07-03,7
4014,Linda Garcia,linda.garcia4014@mail.com,Consumer,Germany,Bavaria,2021-10-13,21
4015,Jessica Thompson,jessica.thompson4015@mail.com,Consumer,india,Karnataka,2024-05-31,26
4016,James Perez,,Consumer,india,Karnataka,2019-11-16,26
4017,Sarah Bennett,sarah.bennett4017@mail.com,Corporate,Germany,Berlin,2021-09-19,22
4018,Sunita Davis,sunita.davis4018@mail.com,Consumer,India,Delhi,2021-07-27,27
4019,Amit Martin,amit.martin4019@mail.com,Consumer,uk,Wales,2021-05-07,11
4020,David Thomas,david.thomas4020@mail.com,Consumer,USA,Illinois,2021-09-23,5
4021,Chloe Lee,chloe.lee4021@mail.com,Consumer,USA,Ohio,2024-04-15,8
4022,Daniel Anderson,daniel.anderson4022@mail.com,Consumer,Australia,New South Wales,2019-04-20,17
4023,Mary Johnson,mary.johnson4023@mail.com,Corporate,Australia,New South Wales,2024-04-18,17
4024,Daniel Jackson,daniel.jackson4024@mail.com,Small Business,India,Tamil Nadu,2022-05-18,28
4025,Amit Anderson,amit.anderson4025@mail.com,Consumer,USA,California,2024-01-18,1
4026,Patricia Perez,patricia.perez4026@mail.com,Corporate,UK,Northern Ireland,2020-09-07,12
4027,Sarah Kapoor,sarah.kapoor4027@mail.com,Small Business,Germany,Bavaria,2019-09-18,21
4028,Robert Jones,robert.jones4028@mail.com,Small Business,Canada,Ontario,2024-11-20,13
4029,Sunita Iyer,sunita.iyer4029@mail.com,Corporate,USA,Georgia,2025-06-04,7
4030,Charles Bennett,charles.bennett4030@mail.com,Corporate,USA,Illinois,2020-04-21,5
4031,Oliver Clarke,oliver.clarke4031@mail.com,Consumer,UK,England,2019-06-28,9
4032,David Moore,david.moore4032@mail.com,Consumer,Australia,Western Australia,2024-01-29,20
4033,Charles Williams,charles.williams4033@mail.com,Consumer,Germany,Bavaria,2021-04-05,21
4034,Charles Murphy,charles.murphy4034@mail.com,Corporate,India,Gujarat,2024-12-20,29
4035,Nancy Williams,nancy.williams4035@mail.com,Consumer,India,Karnataka,2021-08-21,26
4036,Linda Jackson,linda.jackson4036@mail.com,Consumer,Germany,North Rhine-Westphalia,2023-10-05,24
4037,Priya Iyer,priya.iyer4037@mail.com,Consumer,Canada,British Columbia,2023-07-21,15
4038,Raj Patel,raj.patel4038@mail.com,Consumer,USA,Ohio,2020-05-12,8
4039,Robert Patel,robert.patel4039@mail.com,Small Business,Australia,Western Australia,2019-02-16,20
4040,Priya Lee,priya.lee4040@mail.com,Consumer,Germany,Hesse,2019-02-24,23
4041,Emma Perez,emma.perez4041@mail.com,Consumer,USA,Illinois,2022-06-06,5
4042,Barbara Thompson,barbara.thompson4042@mail.com,Consumer,UK,England,2019-11-27,9
4043,Mary Murphy,mary.murphy4043@mail.com,Consumer,UK,England,2023-08-08,9
4044,Richard Lee,richard.lee4044@mail.com,Corporate,UK,Northern Ireland,2022-08-19,12
4045,Oliver Smith,oliver.smith4045@mail.com,Corporate,UK,Scotland,2020-05-16,10
4046,Sarah Moore,sarah.moore4046@mail.com,Consumer,India,Karnataka,2020-02-09,26
4047,Charles Murphy,charles.murphy4047@mail.com,Consumer,AUS,Victoria,2020-07-16,18
4048,Sarah Perez,sarah.perez4048@mail.com,Consumer,USA,New York,2022-11-07,3
4049,Sunita Wilson,sunita.wilson4049@mail.com,Small Business,Australia,Queensland,2020-05-03,19
4050,Jessica Anderson,jessica.anderson4050@mail.com,Corporate,Australia,New South Wales,2024-08-05,17
4051,Emma Martinez,emma.martinez4051@mail.com,Corporate,India,Karnataka,2020-09-29,26
4052,Barbara Garcia,barbara.garcia4052@mail.com,Consumer,Germany,Hesse,2019-04-09,23
4053,Mary Kapoor,mary.kapoor4053@mail.com,Consumer,UK,England,2024-02-05,9
4054,Chloe Thompson,chloe.thompson4054@mail.com,Consumer,Germany,Berlin,2020-07-02,22
4055,Sunita Martinez,sunita.martinez4055@mail.com,Corporate,UK,Wales,2024-05-10,11
4056,Sunita Evans,sunita.evans4056@mail.com,Consumer,USA,Ohio,2023-10-12,8
4057,Daniel Rodriguez,daniel.rodriguez4057@mail.com,Consumer,USA,Florida,2020-02-04,4
4058,Mary Sharma,mary.sharma4058@mail.com,Consumer,USA,Ohio,2022-12-20,8
4059,Sarah Perez,sarah.perez4059@mail.com,Small Business,DE,North Rhine-Westphalia,2019-06-21,24
4060,Jennifer Perez,jennifer.perez4060@mail.com,Consumer,USA,Ohio,2021-04-02,8
4061,Mary Patel,mary.patel4061@mail.com,Consumer,USA,Washington,2019-03-01,6
4062,Barbara Evans,barbara.evans4062@mail.com,Consumer,Germany,Berlin,2024-08-11,22
4063,Sunita Thompson,sunita.thompson4063@mail.com,Corporate,india,Delhi,2022-01-31,27
4064,James Martinez,james.martinez4064@mail.com,Consumer,India,Uttar Pradesh,2021-01-15,30
4065,Sarah Williams,sarah.williams4065@mail.com,Consumer,Australia,Victoria,2024-09-19,18
4066,John Martin,john.martin4066@mail.com,Small Business,USA,Ohio,2022-01-01,8
4067,Robert Bennett,robert.bennett4067@mail.com,Consumer,Germany,Hesse,2024-10-17,23
4068,Emma Rodriguez,emma.rodriguez4068@mail.com,Consumer,Germany,Bavaria,2022-10-12,21
4069,David Jones,david.jones4069@mail.com,Consumer,UK,Wales,2024-02-02,11
4070,Nancy Rodriguez,nancy.rodriguez4070@mail.com,Consumer,India,Karnataka,2024-07-15,26
4071,David Bennett,david.bennett4071@mail.com,Corporate,USA,New York,2020-06-21,3
4072,David Smith,david.smith4072@mail.com,Corporate,Canada,British Columbia,2024-06-23,15
4073,Sunita Brown,sunita.brown4073@mail.com,Consumer,USA,Florida,2020-03-07,4
4074,Nancy Garcia,nancy.garcia4074@mail.com,Consumer,uk,Northern Ireland,2022-02-01,12
4075,Chloe Perez,chloe.perez4075@mail.com,Consumer,UK,England,2022-10-19,9
4076,Sunita Jones,sunita.jones4076@mail.com,Consumer,USA,Georgia,2024-11-19,7
4077,Raj Moore,raj.moore4077@mail.com,Consumer,DE,Berlin,2020-07-20,22
4078,Susan Evans,susan.evans4078@mail.com,Consumer,Canada,Alberta,2022-06-01,16
4079,Jennifer Rodriguez,jennifer.rodriguez4079@mail.com,Consumer,Germany,Hesse,2020-11-10,23
4080,Emma Kapoor,emma.kapoor4080@mail.com,Consumer,Canada,Ontario,2023-12-02,13
4081,Linda Jackson,linda.jackson4081@mail.com,Corporate,Canada,Quebec,2022-03-01,14
4082,Jennifer Evans,jennifer.evans4082@mail.com,Corporate,Australia,Queensland,2024-01-14,19
4083,Charles Bennett,charles.bennett4083@mail.com,Consumer,USA,Texas,2025-08-12,2
4084,Mary Wilson,mary.wilson4084@mail.com,Small Business,india,Maharashtra,2020-05-26,25
4085,Robert Jones,robert.jones4085@mail.com,Consumer,USA,Washington,2019-11-11,6
4086,Nancy Cole,nancy.cole4086@mail.com,Consumer,USA,Ohio,2024-02-14,8
4087,Liam Jones,liam.jones4087@mail.com,Consumer,India,Uttar Pradesh,2024-05-11,30
4088,Liam Jackson,liam.jackson4088@mail.com,Corporate,USA,California,2023-02-20,1
4089,Oliver Thomas,oliver.thomas4089@mail.com,Corporate,Australia,Western Australia,2019-02-15,20
4090,Oliver Taylor,oliver.taylor4090@mail.com,Consumer,UK,England,2023-05-14,9
4091,Linda Patel,linda.patel4091@mail.com,Consumer,UK,Scotland,2019-03-24,10
4092,Thomas Iyer,thomas.iyer4092@mail.com,Small Business,United States,Florida,2023-09-07,4
4093,Priya Garcia,priya.garcia4093@mail.com,Consumer,USA,Ohio,2023-09-16,8
4094,Michael Perez,michael.perez4094@mail.com,Corporate,Canada,Quebec,2021-02-05,14
4095,Sunita Hughes,sunita.hughes4095@mail.com,Consumer,Canada,British Columbia,2025-05-20,15
4096,Susan Johnson,susan.johnson4096@mail.com,Consumer,India,Maharashtra,2019-09-24,25
4097,Priya Rodriguez,priya.rodriguez4097@mail.com,Consumer,Germany,North Rhine-Westphalia,2024-04-05,24
4098,Oliver Hughes,oliver.hughes4098@mail.com,Consumer,UK,Scotland,2020-11-04,10
4099,Patricia Johnson,patricia.johnson4099@mail.com,Consumer,India,Uttar Pradesh,2025-10-15,30
4100,Jennifer Moore,jennifer.moore4100@mail.com,Consumer,India,Tamil Nadu,2022-12-09,28
4101,Joseph Jackson,joseph.jackson4101@mail.com,Small Business,UK,Northern Ireland,2020-01-03,12
4102,Barbara Jackson,barbara.jackson4102@mail.com,Small Business,USA,Washington,2025-06-26,6
4103,Sunita Clarke,sunita.clarke4103@mail.com,Small Business,Australia,Victoria,2020-06-20,18
4104,Chloe Lee,chloe.lee4104@mail.com,Corporate,U.S.A,Ohio,2024-03-17,8
4105,Linda Taylor,linda.taylor4105@mail.com,Small Business,United States,Texas,2020-03-27,2
4106,Raj Kapoor,raj.kapoor4106@mail.com,Corporate,USA,Florida,2021-04-27,4
4107,Joseph Jackson,joseph.jackson4107@mail.com,Consumer,USA,Illinois,2021-11-19,5
4108,David Jones,david.jones4108@mail.com,Corporate,USA,Texas,2022-03-08,2
4109,Charles Bennett,charles.bennett4109@mail.com,Consumer,Germany,Hesse,2025-10-23,23
4110,Jessica Smith,jessica.smith4110@mail.com,Consumer,U.S.A,Georgia,2023-03-19,7
4111,Barbara Cole,barbara.cole4111@mail.com,Consumer,Australia,Victoria,2021-09-08,18
4112,Emma Moore,emma.moore4112@mail.com,Corporate,USA,Georgia,2025-06-02,7
4113,Joseph Patel,joseph.patel4113@mail.com,Consumer,USA,Illinois,2024-04-04,5
4114,Richard Martin,richard.martin4114@mail.com,Consumer,India,Maharashtra,2020-06-11,25
4115,Raj Johnson,,Consumer,UK,England,2019-02-20,9
4116,Patricia Cole,patricia.cole4116@mail.com,Consumer,Canada,Alberta,2022-07-17,16
4117,Karen Sharma,karen.sharma4117@mail.com,Consumer,UK,Northern Ireland,2020-10-23,12
4118,Susan Bennett,susan.bennett4118@mail.com,Consumer,India,Uttar Pradesh,2022-12-03,30
4119,Jessica Thompson,jessica.thompson4119@mail.com,Small Business,Canada,British Columbia,2023-06-02,15
4120,Chloe Sharma,chloe.sharma4120@mail.com,Consumer,germany,Berlin,2025-05-14,22
4121,Sophie Rodriguez,sophie.rodriguez4121@mail.com,Corporate,Germany,Bavaria,2020-05-15,21
4122,Richard Rodriguez,richard.rodriguez4122@mail.com,Consumer,Canada,British Columbia,2023-08-17,15
4123,David Evans,david.evans4123@mail.com,Corporate,USA,Georgia,2024-05-28,7
4124,Patricia Rodriguez,patricia.rodriguez4124@mail.com,Corporate,Germany,Bavaria,2023-04-13,21
4125,Priya Perez,priya.perez4125@mail.com,Small Business,India,Gujarat,2022-08-26,29
4126,Joseph Moore,joseph.moore4126@mail.com,Consumer,UK,Northern Ireland,2024-09-01,12
4127,Oliver Patel,oliver.patel4127@mail.com,Consumer,Canada,Quebec,2024-04-27,14
4128,Sunita Davis,sunita.davis4128@mail.com,Small Business,UK,England,2023-10-08,9
4129,Sunita Patel,sunita.patel4129@mail.com,Corporate,Germany,Bavaria,2022-02-24,21
4130,Daniel Clarke,daniel.clarke4130@mail.com,Consumer,IND,Uttar Pradesh,2021-06-01,30
4131,Michael Martin,michael.martin4131@mail.com,Corporate,USA,Illinois,2024-02-22,5
4132,Richard Patel,richard.patel4132@mail.com,Corporate,UK,Scotland,2020-05-11,10
4133,Amit Garcia,amit.garcia4133@mail.com,Consumer,UK,Northern Ireland,2024-06-02,12
4134,Richard Lee,richard.lee4134@mail.com,Consumer,Canada,Alberta,2022-09-03,16
4135,James Patel,james.patel4135@mail.com,Corporate,Canada,Quebec,2023-07-12,14
4136,James Hughes,james.hughes4136@mail.com,Consumer,UK,Wales,2025-02-16,11
4137,Robert Smith,robert.smith4137@mail.com,Consumer,UK,Northern Ireland,2025-10-24,12
4138,Jessica Brown,jessica.brown4138@mail.com,Consumer,Canada,Ontario,2019-02-07,13
4139,Charles Brown,charles.brown4139@mail.com,Small Business,Canada,British Columbia,2020-09-04,15
4140,Raj Moore,raj.moore4140@mail.com,Corporate,UK,England,2024-07-20,9
4141,Susan Davis,susan.davis4141@mail.com,Small Business,UK,Scotland,2025-10-14,10
4142,Sunita Martinez,,Consumer,USA,Texas,2023-11-11,2
4143,David Miller,david.miller4143@mail.com,Consumer,Australia,New South Wales,2021-10-14,17
4144,Mary Smith,mary.smith4144@mail.com,Small Business,Australia,Western Australia,2021-07-08,20
4145,Nancy Williams,nancy.williams4145@mail.com,Corporate,United Kingdom,Wales,2022-06-13,11
4146,Mary Thompson,mary.thompson4146@mail.com,Corporate,UK,England,2025-08-29,9
4147,Raj Murphy,raj.murphy4147@mail.com,Consumer,Australia,Western Australia,2022-12-05,20
4148,Liam Miller,liam.miller4148@mail.com,Small Business,Australia,Western Australia,2022-04-18,20
4149,Nancy Sharma,nancy.sharma4149@mail.com,Consumer,USA,Texas,2022-11-02,2
4150,Patricia Kapoor,patricia.kapoor4150@mail.com,Consumer,Canada,Alberta,2020-01-23,16
4151,Patricia Williams,patricia.williams4151@mail.com,Small Business,USA,Ohio,2022-07-27,8
4152,Sophie Thompson,sophie.thompson4152@mail.com,Small Business,Canada,Ontario,2024-07-08,13
4153,John Taylor,john.taylor4153@mail.com,Corporate,India,Tamil Nadu,2019-01-13,28
4154,Raj Clarke,raj.clarke4154@mail.com,Consumer,USA,Illinois,2020-05-08,5
4155,Noah Sharma,noah.sharma4155@mail.com,Small Business,UK,England,2020-03-12,9
4156,Daniel Evans,daniel.evans4156@mail.com,Consumer,USA,Illinois,2022-07-16,5
4157,Jennifer Murphy,jennifer.murphy4157@mail.com,Consumer,Australia,New South Wales,2020-06-08,17
4158,Patricia Kapoor,patricia.kapoor4158@mail.com,Corporate,U.K.,England,2019-08-11,9
4159,Jennifer Rodriguez,jennifer.rodriguez4159@mail.com,Consumer,CANADA,Quebec,2021-07-19,14
4160,Barbara Moore,barbara.moore4160@mail.com,Corporate,Canada,Ontario,2022-10-19,13
4161,Raj Cole,raj.cole4161@mail.com,Consumer,UK,England,2022-11-15,9
4162,Robert Sharma,robert.sharma4162@mail.com,Consumer,Germany,North Rhine-Westphalia,2025-05-29,24
4163,Thomas Cole,thomas.cole4163@mail.com,Consumer,India,Gujarat,2023-08-11,29
4164,David Clarke,david.clarke4164@mail.com,Small Business,India,Uttar Pradesh,2024-07-02,30
4165,Jessica Kapoor,jessica.kapoor4165@mail.com,Consumer,Germany,North Rhine-Westphalia,2021-01-09,24
4166,Noah Patel,noah.patel4166@mail.com,Corporate,Australia,Queensland,2019-07-30,19
4167,Oliver Clarke,oliver.clarke4167@mail.com,Small Business,USA,Illinois,2023-12-03,5
4168,Richard Rodriguez,richard.rodriguez4168@mail.com,Corporate,UK,Wales,2019-09-08,11
4169,Jennifer Clarke,jennifer.clarke4169@mail.com,Corporate,USA,Florida,2023-08-27,4
4170,Robert Rodriguez,robert.rodriguez4170@mail.com,Small Business,Australia,Queensland,2019-04-14,19
4171,Oliver Johnson,oliver.johnson4171@mail.com,Consumer,Canada,Alberta,2021-07-21,16
4172,Joseph Taylor,joseph.taylor4172@mail.com,Consumer,Canada,Ontario,2022-10-27,13
4173,Richard Johnson,richard.johnson4173@mail.com,Small Business,UK,England,2021-09-05,9
4174,David Hughes,david.hughes4174@mail.com,Small Business,Canada,Quebec,2019-01-01,14
4175,David Garcia,david.garcia4175@mail.com,Consumer,Canada,Alberta,2019-03-18,16
4176,Thomas Williams,thomas.williams4176@mail.com,Consumer,India,Uttar Pradesh,2025-03-20,30
4177,Sarah Cole,sarah.cole4177@mail.com,Consumer,USA,California,2023-02-25,1
4178,Michael Thompson,michael.thompson4178@mail.com,Consumer,Canada,Quebec,2025-06-04,14
4179,Joseph Garcia,joseph.garcia4179@mail.com,Consumer,UK,Northern Ireland,2020-06-14,12
4180,Priya Jackson,priya.jackson4180@mail.com,Consumer,India,Delhi,2021-12-20,27
4181,Patricia Jones,patricia.jones4181@mail.com,Consumer,usa,California,2024-12-14,1
4182,Karen Clarke,karen.clarke4182@mail.com,Corporate,Canada,Alberta,2023-03-16,16
4183,Jessica Miller,jessica.miller4183@mail.com,Consumer,USA,Illinois,2019-08-18,5
4184,Nancy Sharma,nancy.sharma4184@mail.com,Consumer,India,Gujarat,2025-11-03,29
4185,Patricia Cole,patricia.cole4185@mail.com,Small Business,India,Maharashtra,2025-02-11,25
4186,Thomas Kapoor,thomas.kapoor4186@mail.com,Small Business,India,Karnataka,2019-09-15,26
4187,David Brown,david.brown4187@mail.com,Consumer,Canada,Quebec,2019-01-08,14
4188,Mary Williams,mary.williams4188@mail.com,Consumer,IND,Maharashtra,2019-09-29,25
4189,Robert Perez,robert.perez4189@mail.com,Consumer,USA,Texas,2023-08-20,2
4190,Sunita Rodriguez,sunita.rodriguez4190@mail.com,Small Business,UK,England,2024-02-17,9
4191,Oliver Moore,oliver.moore4191@mail.com,Small Business,UK,Northern Ireland,2019-05-15,12
4192,James Murphy,james.murphy4192@mail.com,Consumer,Germany,North Rhine-Westphalia,2023-07-12,24
4193,Sarah Jones,sarah.jones4193@mail.com,Consumer,USA,Illinois,2020-09-25,5
4194,Priya Sharma,priya.sharma4194@mail.com,Consumer,Canada,British Columbia,2020-11-05,15
4195,James Cole,james.cole4195@mail.com,Consumer,USA,California,2022-01-05,1
4196,Mary Patel,mary.patel4196@mail.com,Consumer,Germany,North Rhine-Westphalia,2023-08-09,24
4197,Joseph Rodriguez,joseph.rodriguez4197@mail.com,Consumer,Australia,Queensland,2020-09-20,19
4198,John Kapoor,john.kapoor4198@mail.com,Consumer,USA,Washington,2021-05-23,6
4199,Richard Murphy,richard.murphy4199@mail.com,Corporate,uk,Northern Ireland,2024-03-06,12
4200,Joseph Perez,joseph.perez4200@mail.com,Corporate,UK,Northern Ireland,2020-08-08,12
4201,James Martin,james.martin4201@mail.com,Corporate,USA,Florida,2022-11-27,4
4202,Amit Clarke,amit.clarke4202@mail.com,Consumer,UK,Wales,2022-10-06,11
4203,Sarah Jackson,sarah.jackson4203@mail.com,Consumer,India,Tamil Nadu,2022-11-14,28
4204,Jessica Taylor,jessica.taylor4204@mail.com,Corporate,germany,North Rhine-Westphalia,2019-10-02,24
4205,Sophie Iyer,sophie.iyer4205@mail.com,Corporate,USA,New York,2019-12-06,3
4206,Oliver Evans,oliver.evans4206@mail.com,Consumer,Germany,North Rhine-Westphalia,2025-09-06,24
4207,Emma Williams,emma.williams4207@mail.com,Small Business,USA,California,2019-06-01,1
4208,Karen Davis,karen.davis4208@mail.com,Consumer,Germany,North Rhine-Westphalia,2020-04-10,24
4209,James Taylor,james.taylor4209@mail.com,Consumer,Canada,Alberta,2024-09-06,16
4210,Amit Hughes,amit.hughes4210@mail.com,Small Business,Canada,Alberta,2023-05-05,16
4211,Oliver Jackson,oliver.jackson4211@mail.com,Consumer,India,Maharashtra,2023-02-17,25
4212,Patricia Perez,patricia.perez4212@mail.com,Consumer,India,Delhi,2025-03-24,27
4213,Karen Cole,karen.cole4213@mail.com,Small Business,India,Karnataka,2022-10-27,26
4214,Susan Wilson,susan.wilson4214@mail.com,Consumer,Germany,Bavaria,2021-01-03,21
4215,Raj Martinez,raj.martinez4215@mail.com,Consumer,India,Delhi,2024-08-01,27
4216,Joseph Johnson,,Consumer,Australia,Western Australia,2021-03-23,20
4217,Priya Sharma,priya.sharma4217@mail.com,Consumer,USA,New York,2024-08-08,3
4218,Robert Anderson,robert.anderson4218@mail.com,Consumer,USA,New York,2024-11-14,3
4219,Karen Bennett,karen.bennett4219@mail.com,Small Business,India,Uttar Pradesh,2025-06-24,30
4220,Richard Williams,richard.williams4220@mail.com,Consumer,India,Uttar Pradesh,2020-06-26,30
4221,Liam Moore,liam.moore4221@mail.com,Consumer,uk,England,2021-04-12,9
4222,Oliver Clarke,oliver.clarke4222@mail.com,Consumer,Australia,Queensland,2023-02-27,19
4223,Barbara Sharma,barbara.sharma4223@mail.com,Consumer,USA,Ohio,2024-12-04,8
4224,Michael Garcia,michael.garcia4224@mail.com,Consumer,United States,Washington,2023-05-29,6
4225,Karen Johnson,karen.johnson4225@mail.com,Corporate,UK,Wales,2024-03-13,11
4226,Joseph Patel,joseph.patel4226@mail.com,Small Business,UK,England,2023-12-28,9
4227,Michael Martinez,michael.martinez4227@mail.com,Small Business,Australia,Victoria,2021-04-11,18
4228,Amit Taylor,amit.taylor4228@mail.com,Consumer,Germany,Bavaria,2019-02-05,21
4229,Noah Brown,noah.brown4229@mail.com,Consumer,UK,Scotland,2020-08-23,10
4230,Priya Kapoor,priya.kapoor4230@mail.com,Consumer,USA,Ohio,2020-10-12,8
4231,Susan Jackson,susan.jackson4231@mail.com,Consumer,India,Delhi,2019-03-13,27
4232,Robert Murphy,robert.murphy4232@mail.com,Small Business,UK,Wales,2019-01-21,11
4233,Priya Moore,priya.moore4233@mail.com,Corporate,Australia,Victoria,2020-01-16,18
4234,Sunita Miller,sunita.miller4234@mail.com,Small Business,India,Uttar Pradesh,2025-02-09,30
4235,John Johnson,john.johnson4235@mail.com,Corporate,India,Delhi,2023-08-08,27
4236,Michael Smith,michael.smith4236@mail.com,Consumer,UK,Scotland,2025-09-28,10
4237,Sunita Perez,sunita.perez4237@mail.com,Small Business,India,Tamil Nadu,2025-02-15,28
4238,Linda Jackson,linda.jackson4238@mail.com,Corporate,UK,Scotland,2021-05-11,10
4239,Joseph Williams,joseph.williams4239@mail.com,Small Business,India,Tamil Nadu,2020-12-29,28
4240,Emma Lee,emma.lee4240@mail.com,Corporate,USA,Illinois,2019-09-07,5
4241,Priya Martinez,priya.martinez4241@mail.com,Small Business,UK,England,2019-12-18,9
4242,Sarah Lee,sarah.lee4242@mail.com,Consumer,USA,Ohio,2022-10-27,8
4243,Liam Evans,liam.evans4243@mail.com,Corporate,Australia,Queensland,2023-03-29,19
4244,Thomas Smith,thomas.smith4244@mail.com,Consumer,USA,Illinois,2019-01-03,5
4245,Mary Wilson,mary.wilson4245@mail.com,Corporate,Germany,North Rhine-Westphalia,2025-09-29,24
4246,Mary Wilson,mary.wilson4246@mail.com,Small Business,India,Delhi,2022-02-24,27
4247,Emma Iyer,emma.iyer4247@mail.com,Small Business,Canada,Quebec,2021-10-21,14
4248,Mary Taylor,mary.taylor4248@mail.com,Consumer,USA,Ohio,2022-04-07,8
4249,Patricia Miller,patricia.miller4249@mail.com,Consumer,Germany,Berlin,2024-04-21,22
4250,Emma Sharma,emma.sharma4250@mail.com,Consumer,IND,Gujarat,2021-03-02,29
4251,Raj Martin,raj.martin4251@mail.com,Consumer,Australia,Victoria,2019-04-05,18
4252,Thomas Patel,thomas.patel4252@mail.com,Corporate,IND,Delhi,2020-07-28,27
4253,Sophie Bennett,sophie.bennett4253@mail.com,Consumer,Australia,New South Wales,2023-06-23,17
4254,Karen Jones,karen.jones4254@mail.com,Corporate,USA,Texas,2024-02-24,2
4255,Sunita Perez,,Consumer,USA,California,2025-02-13,1
4256,Linda Cole,linda.cole4256@mail.com,Small Business,Germany,North Rhine-Westphalia,2024-07-11,24
4257,Robert Johnson,robert.johnson4257@mail.com,Corporate,germany,Bavaria,2021-01-29,21
4258,Sunita Jones,sunita.jones4258@mail.com,Small Business,UK,Scotland,2020-11-16,10
4259,Sarah Sharma,sarah.sharma4259@mail.com,Consumer,UK,Scotland,2022-01-10,10
4260,James Jackson,james.jackson4260@mail.com,Consumer,UK,Wales,2025-09-12,11
4261,Chloe Cole,chloe.cole4261@mail.com,Corporate,usa,Illinois,2022-10-24,5
4262,Nancy Johnson,nancy.johnson4262@mail.com,Corporate,UK,Wales,2022-05-27,11
4263,Linda Kapoor,linda.kapoor4263@mail.com,Consumer,India,Gujarat,2023-03-11,29
4264,Priya Jones,priya.jones4264@mail.com,Corporate,USA,Florida,2021-11-07,4
4265,James Garcia,james.garcia4265@mail.com,Corporate,USA,Washington,2020-07-21,6
4266,Priya Johnson,priya.johnson4266@mail.com,Consumer,UK,Wales,2020-02-08,11
4267,Noah Martinez,noah.martinez4267@mail.com,Consumer,India,Gujarat,2024-10-18,29
4268,Liam Evans,liam.evans4268@mail.com,Small Business,India,Karnataka,2021-08-15,26
4269,Patricia Moore,patricia.moore4269@mail.com,Corporate,UK,England,2023-12-08,9
4270,Nancy Garcia,nancy.garcia4270@mail.com,Consumer,UK,England,2020-02-25,9
4271,Liam Perez,liam.perez4271@mail.com,Small Business,USA,Texas,2023-03-24,2
4272,Robert Hughes,robert.hughes4272@mail.com,Small Business,USA,California,2021-04-24,1
4273,Liam Brown,liam.brown4273@mail.com,Corporate,Germany,Hesse,2020-07-10,23
4274,Patricia Jackson,patricia.jackson4274@mail.com,Consumer,Germany,Berlin,2022-07-03,22
4275,Nancy Evans,nancy.evans4275@mail.com,Consumer,United States,New York,2020-02-24,3
4276,Nancy Davis,nancy.davis4276@mail.com,Consumer,USA,Ohio,2019-03-31,8
4277,Robert Evans,,Corporate,USA,New York,2022-05-15,3
4278,Michael Thomas,michael.thomas4278@mail.com,Consumer,uk,Scotland,2020-03-05,10
4279,Richard Evans,richard.evans4279@mail.com,Consumer,India,Karnataka,2023-03-12,26
4280,Liam Iyer,liam.iyer4280@mail.com,Consumer,Canada,Ontario,2024-02-29,13
4281,Raj Taylor,raj.taylor4281@mail.com,Consumer,Canada,Alberta,2020-09-15,16
4282,Richard Brown,richard.brown4282@mail.com,Small Business,UK,Wales,2023-12-02,11
4283,Raj Perez,raj.perez4283@mail.com,Consumer,USA,Texas,2024-08-14,2
4284,Karen Jones,karen.jones4284@mail.com,Consumer,Canada,Quebec,2024-10-17,14
4285,Richard Hughes,richard.hughes4285@mail.com,Corporate,USA,California,2023-09-01,1
4286,Emma Miller,emma.miller4286@mail.com,Small Business,UK,Northern Ireland,2020-08-03,12
4287,Oliver Johnson,oliver.johnson4287@mail.com,Corporate,Germany,Berlin,2022-02-24,22
4288,Daniel Garcia,daniel.garcia4288@mail.com,Consumer,USA,Texas,2019-02-06,2
4289,Richard Williams,richard.williams4289@mail.com,Consumer,Australia,Western Australia,2023-06-11,20
4290,Patricia Rodriguez,patricia.rodriguez4290@mail.com,Corporate,Germany,Hesse,2022-10-15,23
4291,John Clarke,john.clarke4291@mail.com,Consumer,DE,North Rhine-Westphalia,2022-03-19,24
4292,Jessica Garcia,jessica.garcia4292@mail.com,Small Business,Germany,Bavaria,2021-09-20,21
4293,Amit Anderson,amit.anderson4293@mail.com,Corporate,germany,Bavaria,2024-05-03,21
4294,Karen Garcia,karen.garcia4294@mail.com,Corporate,USA,Ohio,2022-07-22,8
4295,Thomas Davis,thomas.davis4295@mail.com,Small Business,India,Maharashtra,2021-09-05,25
4296,Chloe Perez,chloe.perez4296@mail.com,Small Business,Canada,Quebec,2020-08-23,14
4297,Mary Jones,mary.jones4297@mail.com,Consumer,India,Tamil Nadu,2019-05-13,28
4298,Patricia Evans,patricia.evans4298@mail.com,Corporate,Germany,Berlin,2021-11-08,22
4299,Sophie Sharma,sophie.sharma4299@mail.com,Consumer,Germany,Bavaria,2020-08-02,21
4300,Nancy Taylor,nancy.taylor4300@mail.com,Small Business,Germany,Berlin,2024-09-15,22
4301,Oliver Garcia,oliver.garcia4301@mail.com,Corporate,USA,Georgia,2023-03-21,7
4302,James Murphy,james.murphy4302@mail.com,Consumer,United Kingdom,Northern Ireland,2021-09-06,12
4303,Sarah Williams,sarah.williams4303@mail.com,Small Business,India,Tamil Nadu,2019-11-11,28
4304,James Smith,,Consumer,UK,Scotland,2021-05-11,10
4305,Jennifer Cole,jennifer.cole4305@mail.com,Consumer,Australia,Queensland,2022-02-18,19
4306,Robert Kapoor,robert.kapoor4306@mail.com,Consumer,USA,California,2019-12-16,1
4307,Priya Perez,priya.perez4307@mail.com,Consumer,Australia,Western Australia,2020-08-29,20
4308,Noah Martinez,noah.martinez4308@mail.com,Consumer,Australia,Queensland,2019-06-12,19
4309,Jessica Kapoor,jessica.kapoor4309@mail.com,Corporate,USA,Texas,2021-12-04,2
4310,Emma Evans,emma.evans4310@mail.com,Corporate,UK,Scotland,2023-12-24,10
4311,Oliver Jackson,,Corporate,UK,England,2022-03-22,9
4312,Amit Jones,amit.jones4312@mail.com,Consumer,IND,Uttar Pradesh,2021-07-28,30
4313,Michael Jones,michael.jones4313@mail.com,Corporate,U.S.A,Georgia,2022-05-21,7
4314,Priya Rodriguez,priya.rodriguez4314@mail.com,Small Business,Australia,Victoria,2024-12-26,18
4315,Charles Moore,charles.moore4315@mail.com,Consumer,Germany,North Rhine-Westphalia,2019-12-07,24
4316,Jessica Davis,jessica.davis4316@mail.com,Corporate,Germany,Hesse,2021-01-23,23
4317,Jennifer Thompson,jennifer.thompson4317@mail.com,Consumer,IND,Karnataka,2025-01-30,26
4318,Amit Johnson,amit.johnson4318@mail.com,Consumer,UK,England,2025-05-12,9
4319,Nancy Garcia,nancy.garcia4319@mail.com,Corporate,Germany,North Rhine-Westphalia,2024-03-21,24
4320,Amit Jackson,amit.jackson4320@mail.com,Consumer,United States,Washington,2020-08-08,6
4321,Nancy Williams,nancy.williams4321@mail.com,Consumer,Australia,New South Wales,2020-03-06,17
4322,Priya Hughes,priya.hughes4322@mail.com,Consumer,Canada,British Columbia,2021-03-14,15
4323,Emma Martinez,emma.martinez4323@mail.com,Consumer,Germany,Bavaria,2020-05-27,21
4324,Susan Thomas,susan.thomas4324@mail.com,Corporate,Canada,Alberta,2020-02-22,16
4325,James Lee,james.lee4325@mail.com,Consumer,India,Uttar Pradesh,2023-04-23,30
4326,Linda Miller,linda.miller4326@mail.com,Small Business,Australia,New South Wales,2021-04-08,17
4327,Patricia Martin,patricia.martin4327@mail.com,Consumer,UK,Scotland,2022-11-26,10
4328,Patricia Thompson,patricia.thompson4328@mail.com,Small Business,canada,Alberta,2024-05-14,16
4329,Susan Bennett,susan.bennett4329@mail.com,Corporate,USA,Texas,2021-02-26,2
4330,Oliver Lee,oliver.lee4330@mail.com,Consumer,Australia,Victoria,2019-08-17,18
4331,Charles Davis,charles.davis4331@mail.com,Corporate,UK,Northern Ireland,2023-12-18,12
4332,Thomas Clarke,thomas.clarke4332@mail.com,Small Business,Australia,Victoria,2020-10-12,18
4333,Priya Patel,priya.patel4333@mail.com,Consumer,UK,Scotland,2022-09-26,10
4334,Michael Rodriguez,michael.rodriguez4334@mail.com,Corporate,Australia,New South Wales,2024-05-30,17
4335,Mary Miller,mary.miller4335@mail.com,Consumer,India,Uttar Pradesh,2020-10-16,30
4336,Patricia Evans,patricia.evans4336@mail.com,Consumer,Germany,Bavaria,2021-04-06,21
4337,John Patel,john.patel4337@mail.com,Small Business,UK,Wales,2022-03-30,11
4338,Sophie Cole,sophie.cole4338@mail.com,Corporate,Canada,British Columbia,2022-12-22,15
4339,Sarah Jackson,sarah.jackson4339@mail.com,Corporate,USA,New York,2021-04-11,3
4340,Jennifer Garcia,jennifer.garcia4340@mail.com,Small Business,India,Maharashtra,2020-11-17,25
4341,Raj Cole,raj.cole4341@mail.com,Consumer,UK,Wales,2020-06-19,11
4342,Mary Johnson,mary.johnson4342@mail.com,Consumer,india,Maharashtra,2021-03-06,25
4343,Priya Anderson,priya.anderson4343@mail.com,Consumer,India,Karnataka,2025-08-14,26
4344,Barbara Miller,barbara.miller4344@mail.com,Consumer,USA,Washington,2024-05-22,6
4345,Jessica Rodriguez,jessica.rodriguez4345@mail.com,Small Business,UK,England,2019-02-19,9
4346,Richard Thompson,richard.thompson4346@mail.com,Corporate,USA,New York,2020-09-24,3
4347,Emma Murphy,emma.murphy4347@mail.com,Consumer,canada,British Columbia,2021-10-04,15
4348,Oliver Moore,oliver.moore4348@mail.com,Small Business,Australia,New South Wales,2019-01-30,17
4349,Mary Brown,mary.brown4349@mail.com,Corporate,UK,England,2022-06-07,9
4350,Sunita Johnson,sunita.johnson4350@mail.com,Small Business,Canada,Alberta,2019-07-30,16
4351,Chloe Lee,chloe.lee4351@mail.com,Corporate,India,Karnataka,2023-08-28,26
4352,Jennifer Garcia,jennifer.garcia4352@mail.com,Corporate,Canada,Ontario,2025-06-13,13
4353,Emma Smith,emma.smith4353@mail.com,Small Business,UK,Northern Ireland,2019-04-15,12
4354,Sarah Martin,sarah.martin4354@mail.com,Consumer,Germany,Hesse,2021-09-21,23
4355,Patricia Williams,patricia.williams4355@mail.com,Consumer,USA,Washington,2022-02-02,6
4356,Noah Davis,noah.davis4356@mail.com,Consumer,Australia,Victoria,2021-12-16,18
4357,Sunita Moore,sunita.moore4357@mail.com,Small Business,India,Maharashtra,2019-08-10,25
4358,Daniel Perez,daniel.perez4358@mail.com,Small Business,India,Uttar Pradesh,2022-04-15,30
4359,Richard Thomas,richard.thomas4359@mail.com,Corporate,USA,Illinois,2024-09-06,5
4360,Michael Iyer,michael.iyer4360@mail.com,Consumer,uk,Scotland,2021-12-12,10
4361,Raj Murphy,raj.murphy4361@mail.com,Consumer,India,Delhi,2021-07-25,27
4362,Richard Davis,,Small Business,India,Delhi,2024-09-03,27
4363,Oliver Brown,oliver.brown4363@mail.com,Consumer,UK,England,2019-09-28,9
4364,Richard Davis,richard.davis4364@mail.com,Consumer,UK,England,2019-09-04,9
4365,Patricia Davis,patricia.davis4365@mail.com,Corporate,India,Gujarat,2019-12-26,29
4366,Sunita Thomas,sunita.thomas4366@mail.com,Consumer,Germany,North Rhine-Westphalia,2019-01-19,24
4367,Sophie Miller,sophie.miller4367@mail.com,Consumer,USA,Washington,2023-08-20,6
4368,Joseph Murphy,joseph.murphy4368@mail.com,Consumer,Germany,Berlin,2025-09-11,22
4369,Linda Williams,linda.williams4369@mail.com,Small Business,USA,Ohio,2021-06-16,8
4370,Sarah Perez,,Consumer,India,Delhi,2024-10-15,27
4371,Sarah Johnson,sarah.johnson4371@mail.com,Small Business,USA,Ohio,2024-08-13,8
4372,Noah Thomas,noah.thomas4372@mail.com,Consumer,India,Delhi,2025-10-30,27
4373,John Miller,john.miller4373@mail.com,Consumer,India,Uttar Pradesh,2023-12-16,30
4374,Chloe Thompson,chloe.thompson4374@mail.com,Small Business,USA,Florida,2020-08-12,4
4375,Thomas Garcia,thomas.garcia4375@mail.com,Small Business,United States,Washington,2021-02-12,6
4376,Joseph Anderson,joseph.anderson4376@mail.com,Small Business,USA,Illinois,2020-12-04,5
4377,John Moore,john.moore4377@mail.com,Small Business,India,Karnataka,2019-05-14,26
4378,Sunita Miller,sunita.miller4378@mail.com,Corporate,USA,California,2022-08-23,1
4379,Priya Anderson,priya.anderson4379@mail.com,Consumer,India,Uttar Pradesh,2020-07-12,30
4380,David Miller,david.miller4380@mail.com,Corporate,UK,Wales,2020-04-22,11
4381,Richard Jones,richard.jones4381@mail.com,Corporate,USA,Washington,2020-09-25,6
4382,Mary Kapoor,mary.kapoor4382@mail.com,Small Business,Canada,Ontario,2019-03-13,13
4383,Daniel Johnson,daniel.johnson4383@mail.com,Consumer,India,Delhi,2020-08-28,27
4384,David Jones,david.jones4384@mail.com,Consumer,Australia,Victoria,2020-08-04,18
4385,Patricia Bennett,patricia.bennett4385@mail.com,Consumer,India,Tamil Nadu,2024-12-21,28
4386,Thomas Moore,thomas.moore4386@mail.com,Corporate,USA,New York,2022-12-20,3
4387,Jessica Garcia,jessica.garcia4387@mail.com,Consumer,USA,Georgia,2023-10-01,7
4388,Oliver Wilson,oliver.wilson4388@mail.com,Consumer,Australia,Queensland,2024-05-19,19
4389,Linda Murphy,linda.murphy4389@mail.com,Consumer,usa,Georgia,2021-11-08,7
4390,Barbara Thompson,barbara.thompson4390@mail.com,Consumer,UK,Northern Ireland,2024-11-17,12
4391,Jennifer Evans,jennifer.evans4391@mail.com,Consumer,Germany,Bavaria,2022-11-15,21
4392,Emma Sharma,emma.sharma4392@mail.com,Consumer,UK,England,2023-10-28,9
4393,Nancy Murphy,,Small Business,Germany,Berlin,2021-12-22,22
4394,Jennifer Perez,jennifer.perez4394@mail.com,Consumer,India,Uttar Pradesh,2025-05-07,30
4395,Karen Bennett,karen.bennett4395@mail.com,Consumer,UK,Scotland,2022-05-03,10
4396,Linda Williams,linda.williams4396@mail.com,Corporate,USA,Florida,2023-09-20,4
4397,Jessica Bennett,jessica.bennett4397@mail.com,Consumer,Canada,Quebec,2024-08-14,14
4398,Charles Jackson,charles.jackson4398@mail.com,Consumer,Germany,Berlin,2019-06-30,22
4399,Sophie Miller,sophie.miller4399@mail.com,Corporate,USA,Florida,2021-07-31,4
4400,Daniel Jackson,daniel.jackson4400@mail.com,Consumer,United Kingdom,Scotland,2023-05-04,10
4401,Liam Moore,liam.moore4401@mail.com,Small Business,USA,California,2025-01-28,1
4402,David Smith,david.smith4402@mail.com,Small Business,India,Gujarat,2024-12-09,29
4403,Sunita Thomas,sunita.thomas4403@mail.com,Consumer,USA,New York,2021-08-08,3
4404,Sunita Bennett,sunita.bennett4404@mail.com,Small Business,India,Gujarat,2021-07-04,29
4405,Linda Davis,linda.davis4405@mail.com,Corporate,India,Gujarat,2023-02-24,29
4406,Richard Thomas,richard.thomas4406@mail.com,Consumer,Canada,Alberta,2025-03-11,16
4407,Daniel Davis,daniel.davis4407@mail.com,Consumer,Canada,Quebec,2022-03-07,14
4408,Noah Cole,noah.cole4408@mail.com,Small Business,Germany,North Rhine-Westphalia,2022-05-18,24
4409,Daniel Jones,daniel.jones4409@mail.com,Consumer,Australia,Queensland,2022-07-06,19
4410,Chloe Perez,chloe.perez4410@mail.com,Small Business,UK,England,2024-04-26,9
4411,Noah Smith,noah.smith4411@mail.com,Corporate,USA,Texas,2023-11-06,2
4412,Jessica Johnson,jessica.johnson4412@mail.com,Consumer,UK,Scotland,2024-11-25,10
4413,Mary Jackson,mary.jackson4413@mail.com,Small Business,Australia,New South Wales,2020-04-30,17
4414,Sunita Clarke,sunita.clarke4414@mail.com,Consumer,Canada,Ontario,2025-09-05,13
4415,Charles Johnson,charles.johnson4415@mail.com,Small Business,India,Gujarat,2025-02-11,29
4416,Jessica Martin,jessica.martin4416@mail.com,Small Business,USA,Illinois,2022-09-16,5
4417,Joseph Jackson,joseph.jackson4417@mail.com,Corporate,India,Karnataka,2022-09-25,26
4418,Emma Evans,emma.evans4418@mail.com,Consumer,USA,New York,2024-02-07,3
4419,Amit Hughes,amit.hughes4419@mail.com,Consumer,Australia,New South Wales,2023-06-08,17
4420,Patricia Moore,patricia.moore4420@mail.com,Consumer,U.S.A,New York,2022-05-14,3
4421,Sarah Davis,sarah.davis4421@mail.com,Consumer,USA,Washington,2020-11-27,6
4422,Robert Lee,robert.lee4422@mail.com,Consumer,Canada,Ontario,2020-05-04,13
4423,Oliver Smith,oliver.smith4423@mail.com,Small Business,USA,Washington,2020-01-18,6
4424,Amit Iyer,amit.iyer4424@mail.com,Consumer,Germany,Bavaria,2023-01-16,21
4425,Jessica Miller,jessica.miller4425@mail.com,Corporate,USA,Texas,2020-01-20,2
4426,John Anderson,john.anderson4426@mail.com,Corporate,CANADA,Alberta,2024-05-17,16
4427,Barbara Davis,barbara.davis4427@mail.com,Consumer,Australia,Victoria,2020-12-22,18
4428,Priya Williams,priya.williams4428@mail.com,Small Business,UK,Wales,2024-08-26,11
4429,James Jackson,james.jackson4429@mail.com,Corporate,Canada,British Columbia,2019-07-25,15
4430,Raj Martinez,raj.martinez4430@mail.com,Consumer,Germany,North Rhine-Westphalia,2022-10-30,24
4431,Jennifer Kapoor,jennifer.kapoor4431@mail.com,Consumer,UK,Scotland,2022-01-25,10
4432,Thomas Bennett,thomas.bennett4432@mail.com,Corporate,USA,Georgia,2021-03-29,7
4433,Daniel Iyer,daniel.iyer4433@mail.com,Corporate,USA,California,2024-10-02,1
4434,Daniel Smith,daniel.smith4434@mail.com,Consumer,USA,Washington,2024-09-27,6
4435,Thomas Moore,thomas.moore4435@mail.com,Consumer,UK,Northern Ireland,2024-09-25,12
4436,Oliver Jones,oliver.jones4436@mail.com,Consumer,UK,Northern Ireland,2019-07-27,12
4437,Sophie Kapoor,sophie.kapoor4437@mail.com,Corporate,Germany,Bavaria,2022-03-25,21
4438,Joseph Garcia,joseph.garcia4438@mail.com,Small Business,Canada,Ontario,2021-06-26,13
4439,Emma Bennett,emma.bennett4439@mail.com,Consumer,USA,Georgia,2022-06-05,7
4440,Susan Sharma,susan.sharma4440@mail.com,Consumer,USA,Florida,2021-05-11,4
4441,Thomas Kapoor,thomas.kapoor4441@mail.com,Corporate,USA,Ohio,2024-03-13,8
4442,Priya Smith,,Small Business,Canada,British Columbia,2025-08-29,15
4443,Sophie Sharma,sophie.sharma4443@mail.com,Consumer,Canada,Alberta,2023-11-26,16
4444,Robert Taylor,robert.taylor4444@mail.com,Consumer,IND,Tamil Nadu,2023-08-20,28
4445,Noah Kapoor,noah.kapoor4445@mail.com,Consumer,USA,Ohio,2025-10-20,8
4446,Richard Martin,richard.martin4446@mail.com,Corporate,USA,Georgia,2025-07-09,7
4447,Mary Martinez,mary.martinez4447@mail.com,Small Business,USA,New York,2025-03-07,3
4448,Jessica Clarke,jessica.clarke4448@mail.com,Small Business,Germany,Bavaria,2022-02-21,21
4449,David Kapoor,david.kapoor4449@mail.com,Consumer,Canada,Alberta,2021-07-14,16
4450,Nancy Lee,nancy.lee4450@mail.com,Consumer,UK,Wales,2022-08-02,11
4451,Daniel Evans,,Consumer,Canada,Quebec,2022-08-06,14
4452,Michael Evans,michael.evans4452@mail.com,Small Business,Australia,Queensland,2025-03-28,19
4453,Raj Williams,raj.williams4453@mail.com,Consumer,USA,New York,2021-07-11,3
4454,Nancy Murphy,nancy.murphy4454@mail.com,Consumer,UK,England,2021-06-20,9
4455,Richard Iyer,richard.iyer4455@mail.com,Corporate,USA,California,2022-08-03,1
4456,Chloe Johnson,chloe.johnson4456@mail.com,Corporate,Canada,Alberta,2024-11-02,16
4457,Charles Cole,charles.cole4457@mail.com,Small Business,Australia,Western Australia,2019-11-27,20
4458,Raj Anderson,raj.anderson4458@mail.com,Corporate,Canada,British Columbia,2021-12-24,15
4459,Noah Johnson,noah.johnson4459@mail.com,Consumer,India,Uttar Pradesh,2019-05-06,30
4460,Patricia Taylor,patricia.taylor4460@mail.com,Consumer,USA,Georgia,2021-06-07,7
4461,Susan Moore,susan.moore4461@mail.com,Consumer,UK,Northern Ireland,2023-10-03,12
4462,Nancy Johnson,nancy.johnson4462@mail.com,Corporate,India,Gujarat,2020-09-03,29
4463,Susan Anderson,susan.anderson4463@mail.com,Consumer,DE,Berlin,2024-10-22,22
4464,Jennifer Sharma,jennifer.sharma4464@mail.com,Consumer,UK,Scotland,2025-05-31,10
4465,Karen Kapoor,karen.kapoor4465@mail.com,Corporate,India,Karnataka,2021-03-15,26
4466,Robert Lee,robert.lee4466@mail.com,Consumer,Germany,Berlin,2019-01-23,22
4467,Amit Clarke,amit.clarke4467@mail.com,Consumer,India,Tamil Nadu,2019-12-11,28
4468,Michael Jones,michael.jones4468@mail.com,Corporate,Australia,New South Wales,2020-02-21,17
4469,Richard Davis,richard.davis4469@mail.com,Consumer,USA,California,2023-01-15,1
4470,Karen Brown,karen.brown4470@mail.com,Consumer,India,Maharashtra,2019-03-29,25
4471,Priya Jackson,priya.jackson4471@mail.com,Consumer,UK,England,2019-03-07,9
4472,Sunita Clarke,sunita.clarke4472@mail.com,Corporate,Australia,New South Wales,2021-03-06,17
4473,Daniel Bennett,daniel.bennett4473@mail.com,Corporate,Germany,Hesse,2021-12-15,23
4474,Amit Miller,amit.miller4474@mail.com,Consumer,India,Tamil Nadu,2022-07-06,28
4475,Oliver Iyer,oliver.iyer4475@mail.com,Corporate,UK,Northern Ireland,2020-11-14,12
4476,Oliver Davis,oliver.davis4476@mail.com,Consumer,USA,Georgia,2022-10-22,7
4477,Richard Anderson,richard.anderson4477@mail.com,Consumer,UK,Wales,2022-01-11,11
4478,Noah Rodriguez,noah.rodriguez4478@mail.com,Corporate,USA,Texas,2022-05-20,2
4479,Charles Patel,charles.patel4479@mail.com,Corporate,USA,Georgia,2022-09-22,7
4480,Jessica Rodriguez,jessica.rodriguez4480@mail.com,Corporate,Germany,North Rhine-Westphalia,2023-10-31,24
4481,Mary Williams,mary.williams4481@mail.com,Consumer,UK,England,2023-08-25,9
4482,Susan Anderson,,Small Business,Australia,New South Wales,2021-12-16,17
4483,Thomas Jackson,thomas.jackson4483@mail.com,Consumer,USA,Florida,2024-03-25,4
4484,Charles Martin,charles.martin4484@mail.com,Corporate,Australia,Western Australia,2019-06-27,20
4485,Liam Brown,liam.brown4485@mail.com,Small Business,USA,Ohio,2019-03-18,8
4486,Sarah Kapoor,sarah.kapoor4486@mail.com,Corporate,UK,Northern Ireland,2024-03-11,12
4487,Karen Patel,karen.patel4487@mail.com,Small Business,Canada,Alberta,2019-05-16,16
4488,Liam Lee,liam.lee4488@mail.com,Corporate,Canada,Alberta,2021-12-05,16
4489,Noah Martinez,,Consumer,UK,Scotland,2019-08-14,10
4490,Thomas Thompson,thomas.thompson4490@mail.com,Corporate,India,Delhi,2022-04-12,27
4491,Susan Evans,susan.evans4491@mail.com,Consumer,USA,California,2023-03-12,1
4492,Raj Kapoor,raj.kapoor4492@mail.com,Corporate,UK,Northern Ireland,2024-04-02,12
4493,Emma Murphy,,Small Business,India,Karnataka,2021-10-20,26
4494,Robert Miller,,Small Business,Australia,Queensland,2024-12-03,19
4495,Noah Murphy,noah.murphy4495@mail.com,Consumer,Australia,Western Australia,2020-02-03,20
4496,Thomas Williams,thomas.williams4496@mail.com,Consumer,Canada,Ontario,2021-10-01,13
4497,Robert Taylor,robert.taylor4497@mail.com,Corporate,Germany,Berlin,2022-12-29,22
4498,Noah Garcia,noah.garcia4498@mail.com,Corporate,India,Gujarat,2022-06-28,29
4499,Barbara Williams,barbara.williams4499@mail.com,Consumer,Australia,Victoria,2024-11-15,18
4500,Patricia Garcia,patricia.garcia4500@mail.com,Consumer,UK,Wales,2025-08-25,11
4501,David Brown,david.brown4501@mail.com,Consumer,Canada,Quebec,2025-07-23,14
4502,Amit Jones,amit.jones4502@mail.com,Consumer,Australia,Victoria,2020-07-31,18
4503,Sarah Jones,sarah.jones4503@mail.com,Consumer,AUS,Queensland,2023-10-29,19
4504,Sophie Miller,sophie.miller4504@mail.com,Small Business,Canada,Ontario,2021-12-21,13
4505,Charles Sharma,charles.sharma4505@mail.com,Small Business,India,Maharashtra,2023-01-15,25
4506,James Martinez,james.martinez4506@mail.com,Corporate,India,Gujarat,2024-10-14,29
4507,Jessica Patel,jessica.patel4507@mail.com,Consumer,USA,Washington,2021-06-04,6
4508,Karen Cole,,Small Business,Germany,Hesse,2025-03-02,23
4509,John Jackson,john.jackson4509@mail.com,Small Business,USA,Georgia,2025-03-04,7
4510,Susan Thomas,,Consumer,Australia,Queensland,2024-08-21,19
4511,Thomas Iyer,thomas.iyer4511@mail.com,Consumer,Germany,Bavaria,2025-10-13,21
4512,Priya Smith,priya.smith4512@mail.com,Consumer,Canada,Quebec,2022-10-16,14
4513,Barbara Miller,barbara.miller4513@mail.com,Consumer,australia,New South Wales,2021-03-15,17
4514,Robert Smith,robert.smith4514@mail.com,Consumer,USA,Illinois,2025-02-17,5
4515,Sophie Evans,sophie.evans4515@mail.com,Small Business,Australia,Western Australia,2019-12-15,20
4516,Linda Hughes,,Corporate,Germany,Berlin,2023-04-14,22
4517,Charles Sharma,charles.sharma4517@mail.com,Consumer,Germany,North Rhine-Westphalia,2020-09-27,24
4518,Richard Thomas,richard.thomas4518@mail.com,Small Business,UK,Northern Ireland,2023-10-17,12
4519,Daniel Wilson,daniel.wilson4519@mail.com,Consumer,Australia,Western Australia,2023-03-04,20
4520,Priya Sharma,priya.sharma4520@mail.com,Consumer,India,Maharashtra,2022-03-30,25
4521,Emma Wilson,emma.wilson4521@mail.com,Consumer,USA,Texas,2020-06-04,2
4522,Sarah Perez,sarah.perez4522@mail.com,Corporate,USA,Florida,2025-03-28,4
4523,Raj Kapoor,raj.kapoor4523@mail.com,Consumer,Canada,Alberta,2020-06-03,16
4524,Charles Hughes,charles.hughes4524@mail.com,Corporate,Australia,Queensland,2024-12-17,19
4525,Karen Moore,karen.moore4525@mail.com,Corporate,USA,California,2024-12-11,1
4526,Thomas Martinez,thomas.martinez4526@mail.com,Consumer,Canada,Quebec,2024-02-23,14
4527,Daniel Jones,daniel.jones4527@mail.com,Consumer,Canada,Ontario,2021-05-20,13
4528,Noah Evans,noah.evans4528@mail.com,Consumer,USA,Georgia,2022-07-02,7
4529,Barbara Garcia,barbara.garcia4529@mail.com,Small Business,Canada,Quebec,2024-12-25,14
4530,Emma Rodriguez,emma.rodriguez4530@mail.com,Consumer,Germany,Hesse,2020-03-07,23
4531,Linda Jackson,linda.jackson4531@mail.com,Consumer,USA,Illinois,2020-12-27,5
4532,Susan Martinez,susan.martinez4532@mail.com,Corporate,AUS,New South Wales,2025-03-06,17
4533,Oliver Bennett,oliver.bennett4533@mail.com,Small Business,USA,Georgia,2023-06-23,7
4534,Mary Jones,mary.jones4534@mail.com,Small Business,USA,New York,2022-08-06,3
4535,Susan Martinez,susan.martinez4535@mail.com,Consumer,India,Maharashtra,2022-08-04,25
4536,Thomas Garcia,thomas.garcia4536@mail.com,Corporate,USA,Florida,2024-01-31,4
4537,Nancy Cole,nancy.cole4537@mail.com,Consumer,India,Delhi,2021-07-09,27
4538,Jennifer Kapoor,jennifer.kapoor4538@mail.com,Consumer,USA,Illinois,2025-07-26,5
4539,Karen Martinez,karen.martinez4539@mail.com,Consumer,Canada,Ontario,2024-03-02,13
4540,Jennifer Garcia,jennifer.garcia4540@mail.com,Corporate,USA,Georgia,2020-10-25,7
4541,Liam Kapoor,liam.kapoor4541@mail.com,Corporate,Canada,Quebec,2025-02-13,14
4542,Amit Murphy,amit.murphy4542@mail.com,Consumer,USA,New York,2025-06-20,3
4543,Raj Evans,raj.evans4543@mail.com,Consumer,India,Tamil Nadu,2019-07-05,28
4544,John Garcia,john.garcia4544@mail.com,Small Business,USA,Florida,2024-10-20,4
4545,Linda Brown,linda.brown4545@mail.com,Small Business,Germany,Bavaria,2023-08-26,21
4546,Mary Wilson,mary.wilson4546@mail.com,Small Business,UK,Scotland,2024-08-29,10
4547,Daniel Jones,daniel.jones4547@mail.com,Small Business,India,Delhi,2022-11-23,27
4548,Thomas Rodriguez,thomas.rodriguez4548@mail.com,Consumer,UK,Northern Ireland,2025-05-25,12
4549,Susan Garcia,susan.garcia4549@mail.com,Consumer,India,Gujarat,2022-09-09,29
4550,Michael Lee,michael.lee4550@mail.com,Consumer,India,Uttar Pradesh,2022-11-13,30
4551,Amit Johnson,amit.johnson4551@mail.com,Consumer,Germany,North Rhine-Westphalia,2019-04-30,24
4552,Raj Wilson,raj.wilson4552@mail.com,Small Business,Australia,Victoria,2022-01-15,18
4553,Susan Jones,susan.jones4553@mail.com,Corporate,USA,Illinois,2019-12-14,5
4554,Susan Moore,susan.moore4554@mail.com,Consumer,India,Delhi,2020-09-05,27
4555,Karen Garcia,karen.garcia4555@mail.com,Corporate,India,Tamil Nadu,2019-09-05,28
4556,Karen Martinez,karen.martinez4556@mail.com,Small Business,USA,New York,2020-06-21,3
4557,Patricia Cole,patricia.cole4557@mail.com,Consumer,India,Tamil Nadu,2020-03-29,28
4558,James Taylor,james.taylor4558@mail.com,Consumer,USA,Florida,2024-04-13,4
4559,Chloe Jackson,chloe.jackson4559@mail.com,Small Business,USA,New York,2023-03-16,3
4560,Oliver Jones,oliver.jones4560@mail.com,Consumer,Canada,Alberta,2020-12-14,16
4561,Thomas Cole,thomas.cole4561@mail.com,Consumer,IND,Tamil Nadu,2025-07-13,28
4562,Richard Jones,richard.jones4562@mail.com,Consumer,uk,Northern Ireland,2024-01-04,12
4563,James Iyer,james.iyer4563@mail.com,Consumer,Australia,Western Australia,2021-01-14,20
4564,Karen Martin,karen.martin4564@mail.com,Consumer,Germany,Bavaria,2019-06-28,21
4565,Richard Sharma,richard.sharma4565@mail.com,Corporate,UK,England,2020-08-31,9
4566,Amit Martinez,amit.martinez4566@mail.com,Corporate,India,Gujarat,2019-06-20,29
4567,Sarah Murphy,sarah.murphy4567@mail.com,Small Business,Germany,Berlin,2020-04-27,22
4568,Barbara Clarke,,Small Business,Germany,Hesse,2024-07-16,23
4569,Daniel Patel,daniel.patel4569@mail.com,Small Business,Canada,Alberta,2022-04-09,16
4570,John Evans,john.evans4570@mail.com,Corporate,India,Maharashtra,2021-07-15,25
4571,Daniel Iyer,daniel.iyer4571@mail.com,Consumer,India,Delhi,2022-01-12,27
4572,Chloe Cole,chloe.cole4572@mail.com,Consumer,USA,Illinois,2025-09-21,5
4573,Thomas Wilson,,Consumer,USA,Texas,2023-01-13,2
4574,Amit Brown,amit.brown4574@mail.com,Corporate,Germany,North Rhine-Westphalia,2022-09-07,24
4575,Sunita Jackson,sunita.jackson4575@mail.com,Corporate,UK,Scotland,2019-10-18,10
4576,Noah Johnson,noah.johnson4576@mail.com,Corporate,USA,Texas,2020-12-19,2
4577,John Patel,john.patel4577@mail.com,Small Business,Canada,Alberta,2024-03-20,16
4578,Karen Brown,karen.brown4578@mail.com,Small Business,india,Gujarat,2019-04-04,29
4579,Barbara Smith,barbara.smith4579@mail.com,Consumer,India,Gujarat,2020-05-03,29
4580,Joseph Thompson,joseph.thompson4580@mail.com,Consumer,Germany,Hesse,2020-08-28,23
4581,Liam Davis,liam.davis4581@mail.com,Corporate,USA,Washington,2020-07-31,6
4582,Thomas Anderson,thomas.anderson4582@mail.com,Consumer,USA,New York,2025-01-28,3
4583,Robert Wilson,robert.wilson4583@mail.com,Corporate,Germany,Hesse,2021-09-13,23
4584,Mary Thompson,mary.thompson4584@mail.com,Consumer,Australia,Victoria,2022-02-13,18
4585,Priya Miller,priya.miller4585@mail.com,Consumer,India,Gujarat,2023-05-05,29
4586,Daniel Martin,daniel.martin4586@mail.com,Consumer,India,Tamil Nadu,2024-10-31,28
4587,Linda Evans,linda.evans4587@mail.com,Corporate,Canada,British Columbia,2023-03-07,15
4588,Chloe Clarke,chloe.clarke4588@mail.com,Consumer,IND,Delhi,2020-06-08,27
4589,David Miller,david.miller4589@mail.com,Corporate,USA,California,2022-05-01,1
4590,James Williams,,Consumer,Germany,North Rhine-Westphalia,2020-05-02,24
4591,Karen Bennett,karen.bennett4591@mail.com,Consumer,Germany,Bavaria,2024-04-26,21
4592,Thomas Patel,thomas.patel4592@mail.com,Consumer,Germany,Bavaria,2022-08-09,21
4593,Raj Williams,raj.williams4593@mail.com,Consumer,U.S.A,New York,2022-12-20,3
4594,Charles Taylor,charles.taylor4594@mail.com,Small Business,usa,Ohio,2024-12-09,8
4595,Michael Jackson,michael.jackson4595@mail.com,Consumer,Australia,Victoria,2019-02-08,18
4596,Richard Thompson,richard.thompson4596@mail.com,Consumer,India,Delhi,2023-02-24,27
4597,Nancy Martin,nancy.martin4597@mail.com,Corporate,australia,Western Australia,2023-06-17,20
4598,Mary Cole,mary.cole4598@mail.com,Consumer,USA,California,2023-06-05,1
4599,Raj Anderson,raj.anderson4599@mail.com,Consumer,UK,England,2024-02-20,9
4600,Joseph Jones,,Consumer,India,Delhi,2023-11-10,27
4601,Amit Bennett,amit.bennett4601@mail.com,Consumer,Germany,Berlin,2021-10-16,22
4602,Jessica Anderson,jessica.anderson4602@mail.com,Corporate,Canada,Alberta,2020-07-21,16
4603,Joseph Anderson,joseph.anderson4603@mail.com,Corporate,USA,New York,2023-04-26,3
4604,James Martinez,james.martinez4604@mail.com,Corporate,USA,Ohio,2021-06-02,8
4605,Susan Anderson,susan.anderson4605@mail.com,Consumer,Germany,Berlin,2023-02-02,22
4606,Barbara Moore,barbara.moore4606@mail.com,Consumer,India,Tamil Nadu,2023-10-12,28
4607,Sophie Lee,sophie.lee4607@mail.com,Consumer,USA,Washington,2020-05-20,6
4608,Robert Miller,,Consumer,USA,Ohio,2019-01-15,8
4609,Sunita Murphy,sunita.murphy4609@mail.com,Consumer,USA,Florida,2024-02-16,4
4610,Thomas Iyer,,Corporate,India,Tamil Nadu,2020-05-21,28
4611,Jessica Evans,,Small Business,USA,Florida,2022-06-10,4
4612,Thomas Martinez,thomas.martinez4612@mail.com,Small Business,USA,Ohio,2023-11-02,8
4613,Jennifer Evans,jennifer.evans4613@mail.com,Corporate,Australia,New South Wales,2019-08-01,17
4614,Sunita Murphy,sunita.murphy4614@mail.com,Consumer,USA,Florida,2019-01-23,4
4615,Jessica Iyer,jessica.iyer4615@mail.com,Corporate,U.S.A,Washington,2021-05-11,6
4616,Noah Thomas,noah.thomas4616@mail.com,Corporate,UK,England,2021-04-27,9
4617,John Hughes,john.hughes4617@mail.com,Small Business,Canada,Alberta,2019-11-23,16
4618,Daniel Thompson,daniel.thompson4618@mail.com,Consumer,India,Uttar Pradesh,2021-05-02,30
4619,Robert Jones,robert.jones4619@mail.com,Consumer,Australia,Victoria,2021-05-21,18
4620,Michael Martinez,michael.martinez4620@mail.com,Corporate,Germany,Bavaria,2019-08-31,21
4621,Sarah Bennett,,Consumer,Canada,Alberta,2024-09-24,16
4622,Charles Wilson,charles.wilson4622@mail.com,Consumer,USA,Washington,2025-06-13,6
4623,Robert Cole,robert.cole4623@mail.com,Small Business,USA,Texas,2019-08-10,2
4624,Daniel Clarke,daniel.clarke4624@mail.com,Consumer,India,Uttar Pradesh,2021-07-20,30
4625,Joseph Williams,joseph.williams4625@mail.com,Corporate,Canada,Quebec,2023-01-29,14
4626,James Thomas,james.thomas4626@mail.com,Corporate,India,Uttar Pradesh,2024-03-08,30
4627,Priya Cole,priya.cole4627@mail.com,Consumer,AUS,Queensland,2024-09-14,19
4628,David Thomas,david.thomas4628@mail.com,Corporate,USA,Washington,2022-12-14,6
4629,Jennifer Lee,jennifer.lee4629@mail.com,Small Business,U.S.A,Florida,2023-10-17,4
4630,Thomas Kapoor,thomas.kapoor4630@mail.com,Consumer,Canada,Ontario,2021-12-10,13
4631,Daniel Clarke,daniel.clarke4631@mail.com,Consumer,Germany,Bavaria,2019-05-19,21
4632,Chloe Jones,chloe.jones4632@mail.com,Small Business,India,Maharashtra,2019-11-18,25
4633,Michael Garcia,michael.garcia4633@mail.com,Corporate,UK,Scotland,2022-06-19,10
4634,Liam Taylor,liam.taylor4634@mail.com,Consumer,Germany,North Rhine-Westphalia,2025-04-30,24
4635,Barbara Lee,barbara.lee4635@mail.com,Small Business,USA,Washington,2022-08-03,6
4636,Sarah Johnson,sarah.johnson4636@mail.com,Consumer,India,Karnataka,2019-11-01,26
4637,Liam Hughes,liam.hughes4637@mail.com,Consumer,Australia,Western Australia,2020-09-30,20
4638,Barbara Hughes,barbara.hughes4638@mail.com,Consumer,usa,Ohio,2025-08-13,8
4639,Daniel Martinez,daniel.martinez4639@mail.com,Corporate,UK,England,2025-02-02,9
4640,Sarah Lee,sarah.lee4640@mail.com,Corporate,Canada,Alberta,2022-04-03,16
4641,Sunita Moore,sunita.moore4641@mail.com,Small Business,Germany,North Rhine-Westphalia,2022-03-24,24
4642,Linda Smith,linda.smith4642@mail.com,Small Business,Australia,Victoria,2020-12-29,18
4643,Emma Smith,emma.smith4643@mail.com,Consumer,Australia,New South Wales,2024-11-08,17
4644,John Rodriguez,john.rodriguez4644@mail.com,Corporate,United Kingdom,Scotland,2025-01-31,10
4645,Barbara Sharma,barbara.sharma4645@mail.com,Small Business,UK,Northern Ireland,2019-05-15,12
4646,Liam Sharma,liam.sharma4646@mail.com,Consumer,Canada,Alberta,2021-07-26,16
4647,Sarah Brown,sarah.brown4647@mail.com,Corporate,IND,Karnataka,2024-06-06,26
4648,Priya Patel,priya.patel4648@mail.com,Consumer,India,Tamil Nadu,2022-10-23,28
4649,Noah Martinez,noah.martinez4649@mail.com,Corporate,India,Uttar Pradesh,2019-12-03,30
4650,Jessica Garcia,jessica.garcia4650@mail.com,Small Business,Germany,Berlin,2023-02-24,22
4651,Sarah Cole,sarah.cole4651@mail.com,Small Business,USA,Illinois,2021-04-28,5
4652,Amit Sharma,amit.sharma4652@mail.com,Consumer,Australia,Western Australia,2022-06-20,20
4653,Linda Smith,linda.smith4653@mail.com,Consumer,India,Tamil Nadu,2025-08-20,28
4654,Patricia Clarke,patricia.clarke4654@mail.com,Consumer,Canada,Alberta,2024-02-27,16
4655,David Jackson,david.jackson4655@mail.com,Consumer,UK,Scotland,2021-07-10,10
4656,Robert Thompson,robert.thompson4656@mail.com,Consumer,USA,Florida,2023-04-05,4
4657,Sunita Anderson,sunita.anderson4657@mail.com,Corporate,Germany,Bavaria,2020-12-03,21
4658,Daniel Jackson,daniel.jackson4658@mail.com,Small Business,Germany,Bavaria,2021-01-30,21
4659,Daniel Thomas,daniel.thomas4659@mail.com,Consumer,India,Uttar Pradesh,2022-09-21,30
4660,Sophie Rodriguez,sophie.rodriguez4660@mail.com,Consumer,India,Tamil Nadu,2025-05-19,28
4661,Priya Patel,priya.patel4661@mail.com,Consumer,UK,Wales,2019-07-21,11
4662,Sarah Kapoor,sarah.kapoor4662@mail.com,Consumer,USA,Georgia,2023-02-09,7
4663,Liam Brown,liam.brown4663@mail.com,Consumer,USA,Georgia,2023-10-03,7
4664,Susan Martin,,Consumer,USA,Texas,2020-12-12,2
4665,Sunita Perez,sunita.perez4665@mail.com,Small Business,USA,Georgia,2019-07-19,7
4666,James Bennett,james.bennett4666@mail.com,Small Business,India,Gujarat,2019-08-18,29
4667,David Garcia,david.garcia4667@mail.com,Small Business,USA,California,2021-06-20,1
4668,Daniel Johnson,daniel.johnson4668@mail.com,Corporate,UK,Scotland,2020-01-18,10
4669,John Wilson,john.wilson4669@mail.com,Consumer,India,Gujarat,2020-06-23,29
4670,Thomas Murphy,thomas.murphy4670@mail.com,Consumer,India,Gujarat,2021-02-20,29
4671,Amit Jones,amit.jones4671@mail.com,Consumer,UK,England,2023-01-11,9
4672,Susan Garcia,susan.garcia4672@mail.com,Corporate,Germany,Bavaria,2023-06-29,21
4673,Mary Rodriguez,mary.rodriguez4673@mail.com,Corporate,Canada,Ontario,2021-10-26,13
4674,Susan Thomas,susan.thomas4674@mail.com,Consumer,India,Karnataka,2021-11-02,26
4675,Priya Cole,priya.cole4675@mail.com,Small Business,UK,Scotland,2020-07-29,10
4676,Susan Johnson,susan.johnson4676@mail.com,Consumer,Australia,Victoria,2023-06-17,18
4677,Barbara Martinez,barbara.martinez4677@mail.com,Consumer,Germany,Bavaria,2025-02-03,21
4678,Charles Sharma,charles.sharma4678@mail.com,Small Business,USA,Ohio,2019-07-11,8
4679,Chloe Williams,chloe.williams4679@mail.com,Consumer,USA,Ohio,2022-05-22,8
4680,Charles Miller,charles.miller4680@mail.com,Corporate,Canada,Alberta,2020-11-18,16
4681,Oliver Sharma,oliver.sharma4681@mail.com,Corporate,UK,Wales,2023-01-27,11
4682,Jennifer Clarke,jennifer.clarke4682@mail.com,Consumer,Germany,Berlin,2019-03-05,22
4683,Patricia Thompson,patricia.thompson4683@mail.com,Corporate,India,Uttar Pradesh,2020-06-20,30
4684,Oliver Garcia,oliver.garcia4684@mail.com,Small Business,Australia,New South Wales,2021-11-16,17
4685,Karen Wilson,karen.wilson4685@mail.com,Corporate,USA,Georgia,2024-12-22,7
4686,Sophie Wilson,sophie.wilson4686@mail.com,Small Business,India,Karnataka,2021-07-17,26
4687,Liam Bennett,liam.bennett4687@mail.com,Consumer,USA,Texas,2024-04-21,2
4688,Raj Evans,raj.evans4688@mail.com,Consumer,usa,Florida,2020-04-25,4
4689,Barbara Rodriguez,barbara.rodriguez4689@mail.com,Small Business,UK,Scotland,2020-05-10,10
4690,Raj Kapoor,raj.kapoor4690@mail.com,Consumer,Germany,Hesse,2019-02-20,23
4691,Amit Anderson,amit.anderson4691@mail.com,Corporate,USA,Illinois,2023-07-13,5
4692,Patricia Lee,patricia.lee4692@mail.com,Consumer,UK,Northern Ireland,2021-03-11,12
4693,Daniel Anderson,daniel.anderson4693@mail.com,Consumer,Canada,Alberta,2023-08-28,16
4694,Liam Jones,liam.jones4694@mail.com,Consumer,USA,California,2025-05-11,1
4695,James Jones,james.jones4695@mail.com,Consumer,Germany,Berlin,2025-11-04,22
4696,Charles Martinez,charles.martinez4696@mail.com,Consumer,India,Karnataka,2024-04-12,26
4697,Susan Clarke,susan.clarke4697@mail.com,Consumer,USA,Florida,2019-07-22,4
4698,Sarah Thomas,sarah.thomas4698@mail.com,Small Business,Germany,Bavaria,2024-11-16,21
4699,Richard Cole,richard.cole4699@mail.com,Consumer,India,Tamil Nadu,2023-10-22,28
4700,Chloe Garcia,chloe.garcia4700@mail.com,Corporate,U.S.A,Illinois,2024-11-02,5
4701,Patricia Miller,patricia.miller4701@mail.com,Consumer,USA,California,2022-08-02,1
4702,John Martin,john.martin4702@mail.com,Consumer,USA,Georgia,2021-06-03,7
4703,Linda Hughes,linda.hughes4703@mail.com,Small Business,India,Gujarat,2020-02-19,29
4704,Michael Evans,michael.evans4704@mail.com,Consumer,USA,Washington,2022-12-13,6
4705,Noah Lee,noah.lee4705@mail.com,Corporate,Australia,Victoria,2020-05-01,18
4706,Nancy Kapoor,nancy.kapoor4706@mail.com,Consumer,India,Maharashtra,2025-06-24,25
4707,Liam Martin,liam.martin4707@mail.com,Consumer,DE,Bavaria,2023-07-29,21
4708,Sophie Lee,sophie.lee4708@mail.com,Corporate,Canada,Ontario,2022-01-25,13
4709,Amit Lee,amit.lee4709@mail.com,Small Business,Canada,Alberta,2024-01-16,16
4710,Amit Clarke,amit.clarke4710@mail.com,Consumer,Germany,Bavaria,2022-11-24,21
4711,Emma Brown,emma.brown4711@mail.com,Corporate,UK,Scotland,2023-01-20,10
4712,Jessica Moore,jessica.moore4712@mail.com,Small Business,Germany,Bavaria,2021-06-11,21
4713,Chloe Williams,chloe.williams4713@mail.com,Consumer,AUS,New South Wales,2020-06-18,17
4714,Patricia Hughes,patricia.hughes4714@mail.com,Consumer,UK,Scotland,2019-04-18,10
4715,John Cole,john.cole4715@mail.com,Small Business,India,Tamil Nadu,2023-08-23,28
4716,James Jackson,james.jackson4716@mail.com,Corporate,India,Delhi,2023-03-17,27
4717,Susan Martinez,susan.martinez4717@mail.com,Small Business,Germany,Hesse,2022-04-15,23
4718,Amit Anderson,amit.anderson4718@mail.com,Small Business,AUS,Victoria,2021-06-17,18
4719,John Hughes,john.hughes4719@mail.com,Small Business,Australia,New South Wales,2023-10-13,17
4720,Thomas Murphy,thomas.murphy4720@mail.com,Consumer,United Kingdom,Northern Ireland,2022-11-11,12
4721,Nancy Martin,nancy.martin4721@mail.com,Consumer,India,Karnataka,2019-12-11,26
4722,Oliver Wilson,oliver.wilson4722@mail.com,Corporate,Germany,Berlin,2021-02-25,22
4723,Jennifer Kapoor,jennifer.kapoor4723@mail.com,Consumer,Germany,Hesse,2025-06-29,23
4724,Barbara Smith,barbara.smith4724@mail.com,Corporate,India,Karnataka,2025-01-01,26
4725,Sunita Hughes,sunita.hughes4725@mail.com,Corporate,Germany,Bavaria,2021-06-11,21
4726,Patricia Davis,patricia.davis4726@mail.com,Consumer,Germany,Hesse,2023-08-17,23
4727,John Bennett,john.bennett4727@mail.com,Small Business,Germany,Hesse,2020-09-26,23
4728,Amit Jones,amit.jones4728@mail.com,Small Business,UK,Scotland,2025-04-29,10
4729,Amit Davis,amit.davis4729@mail.com,Corporate,India,Maharashtra,2025-05-17,25
4730,Barbara Jones,barbara.jones4730@mail.com,Consumer,UK,Northern Ireland,2025-07-10,12
4731,Michael Jones,michael.jones4731@mail.com,Corporate,Canada,British Columbia,2019-04-16,15
4732,Robert Thomas,robert.thomas4732@mail.com,Small Business,U.S.A,Georgia,2022-04-26,7
4733,Amit Clarke,amit.clarke4733@mail.com,Consumer,India,Gujarat,2022-11-17,29
4734,Emma Brown,emma.brown4734@mail.com,Consumer,usa,New York,2022-03-18,3
4735,Robert Smith,robert.smith4735@mail.com,Small Business,USA,Washington,2019-02-08,6
4736,Oliver Jackson,oliver.jackson4736@mail.com,Consumer,USA,Ohio,2019-01-07,8
4737,Oliver Thomas,oliver.thomas4737@mail.com,Consumer,Australia,Victoria,2023-12-26,18
4738,Mary Miller,mary.miller4738@mail.com,Corporate,UK,Scotland,2025-06-20,10
4739,Patricia Johnson,patricia.johnson4739@mail.com,Corporate,Germany,North Rhine-Westphalia,2020-09-28,24
4740,Emma Patel,emma.patel4740@mail.com,Small Business,India,Delhi,2024-04-22,27
4741,Charles Perez,charles.perez4741@mail.com,Corporate,Germany,North Rhine-Westphalia,2023-10-06,24
4742,Mary Jackson,mary.jackson4742@mail.com,Small Business,India,Maharashtra,2023-11-16,25
4743,Patricia Cole,patricia.cole4743@mail.com,Consumer,USA,New York,2023-11-18,3
4744,David Johnson,david.johnson4744@mail.com,Consumer,India,Uttar Pradesh,2021-08-24,30
4745,Robert Martinez,robert.martinez4745@mail.com,Consumer,UK,England,2020-02-22,9
4746,Raj Smith,raj.smith4746@mail.com,Consumer,Canada,Ontario,2019-11-30,13
4747,Oliver Brown,oliver.brown4747@mail.com,Corporate,USA,Georgia,2024-06-28,7
4748,Emma Brown,emma.brown4748@mail.com,Small Business,Germany,Hesse,2021-05-15,23
4749,Chloe Thompson,chloe.thompson4749@mail.com,Corporate,Germany,North Rhine-Westphalia,2025-05-31,24
4750,Michael Perez,michael.perez4750@mail.com,Consumer,Canada,Alberta,2023-11-30,16
4751,Noah Miller,noah.miller4751@mail.com,Corporate,USA,Florida,2019-08-11,4
4752,Jennifer Patel,jennifer.patel4752@mail.com,Small Business,USA,Washington,2024-07-25,6
4753,Susan Smith,susan.smith4753@mail.com,Consumer,India,Gujarat,2019-08-16,29
4754,Robert Jones,robert.jones4754@mail.com,Consumer,Canada,Ontario,2021-04-16,13
4755,Sophie Iyer,sophie.iyer4755@mail.com,Consumer,Canada,British Columbia,2022-08-23,15
4756,David Perez,david.perez4756@mail.com,Consumer,UK,Wales,2025-03-28,11
4757,Susan Anderson,susan.anderson4757@mail.com,Consumer,India,Karnataka,2019-04-24,26
4758,Jennifer Bennett,jennifer.bennett4758@mail.com,Consumer,India,Tamil Nadu,2022-08-20,28
4759,Charles Clarke,charles.clarke4759@mail.com,Consumer,India,Tamil Nadu,2020-11-15,28
4760,Sunita Thompson,sunita.thompson4760@mail.com,Consumer,India,Tamil Nadu,2024-08-09,28
4761,Linda Martin,linda.martin4761@mail.com,Small Business,USA,Illinois,2021-04-03,5
4762,Daniel Williams,,Consumer,U.K.,England,2023-03-26,9
4763,Patricia Hughes,patricia.hughes4763@mail.com,Corporate,AUS,New South Wales,2021-09-07,17
4764,Daniel Clarke,daniel.clarke4764@mail.com,Small Business,Canada,Ontario,2022-11-01,13
4765,James Martin,james.martin4765@mail.com,Consumer,Canada,British Columbia,2023-06-05,15
4766,Michael Kapoor,michael.kapoor4766@mail.com,Small Business,uk,Scotland,2024-06-09,10
4767,Michael Martinez,michael.martinez4767@mail.com,Consumer,Australia,Western Australia,2021-04-10,20
4768,Jennifer Murphy,jennifer.murphy4768@mail.com,Consumer,UK,Northern Ireland,2021-02-25,12
4769,Oliver Lee,oliver.lee4769@mail.com,Corporate,USA,Florida,2024-08-27,4
4770,James Iyer,james.iyer4770@mail.com,Corporate,Canada,Ontario,2025-10-09,13
4771,Patricia Cole,patricia.cole4771@mail.com,Consumer,Australia,Queensland,2024-12-27,19
4772,Michael Cole,michael.cole4772@mail.com,Corporate,Australia,Victoria,2021-06-24,18
4773,Charles Bennett,charles.bennett4773@mail.com,Corporate,USA,Georgia,2019-09-18,7
4774,Amit Jackson,amit.jackson4774@mail.com,Corporate,India,Delhi,2022-08-23,27
4775,Susan Kapoor,susan.kapoor4775@mail.com,Consumer,India,Delhi,2023-06-28,27
4776,Daniel Garcia,daniel.garcia4776@mail.com,Corporate,UK,Scotland,2020-06-07,10
4777,Thomas Patel,thomas.patel4777@mail.com,Consumer,CANADA,Quebec,2021-12-20,14
4778,Patricia Garcia,patricia.garcia4778@mail.com,Corporate,Germany,Hesse,2024-12-31,23
4779,Liam Anderson,liam.anderson4779@mail.com,Small Business,Germany,Bavaria,2022-08-15,21
4780,Joseph Thomas,joseph.thomas4780@mail.com,Corporate,USA,Illinois,2022-01-03,5
4781,Michael Martin,michael.martin4781@mail.com,Corporate,Australia,Western Australia,2020-05-27,20
4782,Linda Thomas,linda.thomas4782@mail.com,Consumer,UK,Wales,2023-05-05,11
4783,Patricia Clarke,patricia.clarke4783@mail.com,Consumer,UK,England,2023-12-12,9
4784,Richard Brown,richard.brown4784@mail.com,Small Business,Germany,North Rhine-Westphalia,2021-09-24,24
4785,Thomas Brown,thomas.brown4785@mail.com,Consumer,Germany,Berlin,2024-10-29,22
4786,Charles Jones,charles.jones4786@mail.com,Corporate,India,Maharashtra,2020-12-21,25
4787,Sarah Clarke,sarah.clarke4787@mail.com,Consumer,Germany,Hesse,2023-08-25,23
4788,Susan Kapoor,susan.kapoor4788@mail.com,Corporate,Canada,Quebec,2020-02-10,14
4789,Barbara Lee,barbara.lee4789@mail.com,Consumer,India,Maharashtra,2025-02-27,25
4790,Sunita Johnson,sunita.johnson4790@mail.com,Corporate,Germany,Bavaria,2025-09-30,21
4791,Robert Wilson,robert.wilson4791@mail.com,Corporate,India,Uttar Pradesh,2025-06-12,30
4792,Sarah Brown,sarah.brown4792@mail.com,Consumer,Canada,Alberta,2024-04-12,16
4793,Joseph Martinez,,Consumer,USA,Illinois,2023-08-04,5
4794,Thomas Thompson,thomas.thompson4794@mail.com,Consumer,Canada,Quebec,2021-05-16,14
4795,Sunita Martinez,sunita.martinez4795@mail.com,Small Business,UK,Northern Ireland,2024-11-05,12
4796,Raj Hughes,raj.hughes4796@mail.com,Consumer,India,Gujarat,2023-03-04,29
4797,Thomas Davis,thomas.davis4797@mail.com,Consumer,India,Uttar Pradesh,2021-11-05,30
4798,Karen Thomas,karen.thomas4798@mail.com,Small Business,USA,Florida,2021-02-13,4
4799,Barbara Bennett,barbara.bennett4799@mail.com,Small Business,Australia,Western Australia,2020-03-25,20
4800,Jessica Miller,jessica.miller4800@mail.com,Corporate,Germany,North Rhine-Westphalia,2023-08-08,24
4801,Sophie Williams,sophie.williams4801@mail.com,Consumer,India,Delhi,2021-03-22,27
4802,Noah Hughes,noah.hughes4802@mail.com,Small Business,United Kingdom,England,2024-03-19,9
4803,Emma Jackson,emma.jackson4803@mail.com,Consumer,DE,Hesse,2022-08-27,23
4804,Raj Anderson,raj.anderson4804@mail.com,Consumer,UK,Wales,2020-06-05,11
4805,Jennifer Smith,jennifer.smith4805@mail.com,Consumer,India,Maharashtra,2019-08-03,25
4806,Raj Jackson,raj.jackson4806@mail.com,Small Business,UK,England,2023-12-01,9
4807,Raj Brown,raj.brown4807@mail.com,Small Business,Germany,Hesse,2023-09-30,23
4808,Joseph Moore,joseph.moore4808@mail.com,Small Business,UK,Northern Ireland,2022-10-18,12
4809,Charles Patel,charles.patel4809@mail.com,Corporate,UK,Wales,2025-09-08,11
4810,Raj Williams,raj.williams4810@mail.com,Corporate,India,Delhi,2019-03-18,27
4811,Patricia Jones,,Corporate,canada,British Columbia,2025-03-13,15
4812,Joseph Taylor,joseph.taylor4812@mail.com,Corporate,USA,Georgia,2022-12-30,7
4813,Amit Perez,amit.perez4813@mail.com,Corporate,USA,New York,2025-10-11,3
4814,Patricia Iyer,patricia.iyer4814@mail.com,Consumer,India,Delhi,2023-07-27,27
4815,Chloe Murphy,chloe.murphy4815@mail.com,Consumer,India,Tamil Nadu,2023-05-20,28
4816,Jennifer Williams,jennifer.williams4816@mail.com,Corporate,Germany,Bavaria,2020-01-19,21
4817,Susan Miller,susan.miller4817@mail.com,Consumer,UK,Scotland,2023-04-04,10
4818,Richard Miller,richard.miller4818@mail.com,Consumer,Australia,Queensland,2020-10-24,19
4819,Nancy Bennett,nancy.bennett4819@mail.com,Small Business,UK,England,2021-03-28,9
4820,Joseph Brown,joseph.brown4820@mail.com,Consumer,U.S.A,Texas,2025-06-10,2
4821,Linda Hughes,linda.hughes4821@mail.com,Consumer,India,Gujarat,2021-09-01,29
4822,Jessica Iyer,jessica.iyer4822@mail.com,Corporate,Germany,Bavaria,2024-03-03,21
4823,Sarah Rodriguez,sarah.rodriguez4823@mail.com,Small Business,Canada,British Columbia,2025-04-07,15
4824,Oliver Kapoor,oliver.kapoor4824@mail.com,Corporate,USA,Georgia,2020-07-24,7
4825,Oliver Perez,oliver.perez4825@mail.com,Consumer,canada,British Columbia,2021-08-17,15
4826,Daniel Rodriguez,daniel.rodriguez4826@mail.com,Consumer,Australia,Queensland,2023-11-11,19
4827,Oliver Evans,oliver.evans4827@mail.com,Corporate,Australia,Western Australia,2019-04-20,20
4828,Emma Sharma,emma.sharma4828@mail.com,Small Business,Australia,Western Australia,2020-09-13,20
4829,Joseph Anderson,joseph.anderson4829@mail.com,Consumer,Australia,Western Australia,2023-07-28,20
4830,Sarah Patel,sarah.patel4830@mail.com,Consumer,Germany,Berlin,2022-01-08,22
4831,Nancy Taylor,nancy.taylor4831@mail.com,Consumer,Canada,British Columbia,2021-09-30,15
4832,Sarah Martin,sarah.martin4832@mail.com,Corporate,UK,Northern Ireland,2025-04-06,12
4833,David Jones,david.jones4833@mail.com,Consumer,Australia,Queensland,2021-11-24,19
4834,Oliver Moore,oliver.moore4834@mail.com,Corporate,USA,Georgia,2025-06-14,7
4835,Patricia Brown,patricia.brown4835@mail.com,Consumer,Australia,Queensland,2022-01-05,19
4836,David Jackson,david.jackson4836@mail.com,Corporate,Germany,Berlin,2023-03-05,22
4837,Sarah Davis,sarah.davis4837@mail.com,Consumer,Australia,Queensland,2023-04-19,19
4838,Priya Jones,priya.jones4838@mail.com,Consumer,Australia,Western Australia,2022-06-29,20
4839,James Brown,james.brown4839@mail.com,Consumer,Australia,New South Wales,2024-12-30,17
4840,Sunita Johnson,sunita.johnson4840@mail.com,Consumer,USA,Washington,2020-11-29,6
4841,Liam Williams,liam.williams4841@mail.com,Consumer,USA,New York,2024-12-25,3
4842,Sarah Patel,sarah.patel4842@mail.com,Consumer,India,Delhi,2021-11-30,27
4843,James Garcia,james.garcia4843@mail.com,Consumer,India,Gujarat,2024-04-17,29
4844,Joseph Thompson,joseph.thompson4844@mail.com,Consumer,india,Karnataka,2021-05-27,26
4845,Raj Wilson,raj.wilson4845@mail.com,Consumer,UK,Northern Ireland,2024-10-31,12
4846,John Martinez,john.martinez4846@mail.com,Corporate,Australia,Queensland,2023-11-30,19
4847,Nancy Thompson,nancy.thompson4847@mail.com,Small Business,UK,Northern Ireland,2025-03-04,12
4848,Patricia Clarke,,Consumer,UK,Northern Ireland,2025-07-09,12
4849,Robert Patel,robert.patel4849@mail.com,Consumer,Canada,British Columbia,2021-07-31,15
4850,Oliver Martin,oliver.martin4850@mail.com,Small Business,UK,Scotland,2020-11-17,10
4851,Oliver Jackson,oliver.jackson4851@mail.com,Consumer,Germany,Bavaria,2021-01-26,21
4852,Emma Moore,emma.moore4852@mail.com,Corporate,Canada,Quebec,2021-12-31,14
4853,Michael Martinez,michael.martinez4853@mail.com,Corporate,USA,Texas,2025-02-15,2
4854,Raj Jackson,raj.jackson4854@mail.com,Corporate,India,Maharashtra,2020-05-26,25
4855,Sarah Martin,sarah.martin4855@mail.com,Small Business,usa,New York,2020-10-23,3
4856,David Lee,david.lee4856@mail.com,Consumer,australia,Western Australia,2019-08-13,20
4857,Richard Evans,richard.evans4857@mail.com,Corporate,Germany,North Rhine-Westphalia,2019-10-12,24
4858,Sophie Lee,sophie.lee4858@mail.com,Consumer,UK,Scotland,2021-01-20,10
4859,Karen Smith,karen.smith4859@mail.com,Consumer,USA,Illinois,2023-02-19,5
4860,Oliver Johnson,oliver.johnson4860@mail.com,Small Business,India,Delhi,2024-03-18,27
4861,Jessica Murphy,jessica.murphy4861@mail.com,Consumer,Canada,Alberta,2020-09-05,16
4862,Chloe Brown,chloe.brown4862@mail.com,Small Business,USA,Illinois,2019-01-21,5
4863,Joseph Moore,joseph.moore4863@mail.com,Small Business,australia,Victoria,2020-05-14,18
4864,Richard Bennett,richard.bennett4864@mail.com,Small Business,Australia,New South Wales,2021-05-05,17
4865,Joseph Moore,joseph.moore4865@mail.com,Consumer,India,Karnataka,2023-11-03,26
4866,Thomas Johnson,thomas.johnson4866@mail.com,Corporate,UK,Scotland,2021-03-05,10
4867,Mary Garcia,mary.garcia4867@mail.com,Corporate,India,Karnataka,2024-01-01,26
4868,Karen Patel,karen.patel4868@mail.com,Consumer,USA,New York,2019-01-28,3
4869,Sophie Clarke,,Consumer,USA,Washington,2019-11-26,6
4870,Barbara Murphy,barbara.murphy4870@mail.com,Corporate,India,Delhi,2020-06-19,27
4871,Amit Garcia,amit.garcia4871@mail.com,Consumer,Australia,Western Australia,2020-05-09,20
4872,Sarah Thomas,sarah.thomas4872@mail.com,Consumer,India,Maharashtra,2019-10-18,25
4873,John Martinez,john.martinez4873@mail.com,Consumer,India,Delhi,2019-05-08,27
4874,Amit Taylor,amit.taylor4874@mail.com,Small Business,USA,Washington,2019-12-22,6
4875,Sarah Clarke,sarah.clarke4875@mail.com,Corporate,Germany,Berlin,2019-06-19,22
4876,Patricia Perez,patricia.perez4876@mail.com,Consumer,Canada,Alberta,2022-06-26,16
4877,Raj Jackson,raj.jackson4877@mail.com,Consumer,Germany,Hesse,2025-07-06,23
4878,Raj Lee,raj.lee4878@mail.com,Small Business,India,Karnataka,2024-05-03,26
4879,Raj Lee,,Corporate,Canada,British Columbia,2022-02-11,15
4880,Daniel Jackson,daniel.jackson4880@mail.com,Consumer,USA,Ohio,2025-06-25,8
4881,Sarah Lee,sarah.lee4881@mail.com,Corporate,Australia,Western Australia,2022-12-18,20
4882,Sophie Garcia,sophie.garcia4882@mail.com,Consumer,Canada,Alberta,2019-04-27,16
4883,Charles Johnson,charles.johnson4883@mail.com,Small Business,Germany,North Rhine-Westphalia,2021-02-23,24
4884,Joseph Rodriguez,joseph.rodriguez4884@mail.com,Consumer,India,Uttar Pradesh,2019-10-14,30
4885,Sarah Perez,sarah.perez4885@mail.com,Small Business,India,Maharashtra,2019-03-11,25
4886,Joseph Thompson,joseph.thompson4886@mail.com,Small Business,USA,Washington,2019-12-17,6
4887,Raj Anderson,raj.anderson4887@mail.com,Small Business,Australia,Western Australia,2023-12-30,20
4888,Oliver Martinez,oliver.martinez4888@mail.com,Consumer,IND,Karnataka,2022-11-15,26
4889,Richard Johnson,,Consumer,india,Gujarat,2020-03-21,29
4890,James Perez,james.perez4890@mail.com,Small Business,United States,Georgia,2021-10-05,7
4891,Mary Jones,mary.jones4891@mail.com,Consumer,USA,Georgia,2020-02-29,7
4892,Liam Anderson,liam.anderson4892@mail.com,Consumer,Canada,Ontario,2024-12-19,13
4893,Susan Evans,susan.evans4893@mail.com,Consumer,USA,Georgia,2025-07-07,7
4894,Sunita Perez,sunita.perez4894@mail.com,Small Business,Canada,Alberta,2019-12-29,16
4895,James Clarke,james.clarke4895@mail.com,Consumer,UK,Wales,2024-11-26,11
4896,Noah Sharma,noah.sharma4896@mail.com,Consumer,UK,Wales,2019-01-11,11
4897,Richard Taylor,richard.taylor4897@mail.com,Consumer,Australia,New South Wales,2023-02-03,17
4898,Patricia Thomas,patricia.thomas4898@mail.com,Corporate,Canada,Ontario,2019-11-30,13
4899,Susan Anderson,susan.anderson4899@mail.com,Consumer,USA,Texas,2025-04-24,2
4900,Jessica Anderson,jessica.anderson4900@mail.com,Corporate,Germany,Berlin,2023-01-14,22
4901,Mary Patel,mary.patel4901@mail.com,Corporate,Canada,British Columbia,2021-12-08,15
4902,Linda Davis,linda.davis4902@mail.com,Corporate,Germany,Berlin,2021-07-18,22
4903,Linda Sharma,linda.sharma4903@mail.com,Consumer,Australia,Queensland,2023-12-28,19
4904,Barbara Perez,barbara.perez4904@mail.com,Consumer,India,Karnataka,2025-09-19,26
4905,Robert Cole,robert.cole4905@mail.com,Consumer,India,Tamil Nadu,2025-04-23,28
4906,Amit Williams,amit.williams4906@mail.com,Small Business,USA,Ohio,2020-08-27,8
4907,Sophie Martinez,sophie.martinez4907@mail.com,Corporate,USA,Texas,2021-12-18,2
4908,Patricia Wilson,patricia.wilson4908@mail.com,Small Business,USA,Texas,2022-01-30,2
4909,Jennifer Smith,jennifer.smith4909@mail.com,Corporate,USA,Illinois,2022-03-13,5
4910,Karen Wilson,karen.wilson4910@mail.com,Consumer,Australia,Queensland,2020-05-13,19
4911,Mary Moore,mary.moore4911@mail.com,Consumer,Australia,New South Wales,2024-03-03,17
4912,Raj Bennett,raj.bennett4912@mail.com,Corporate,Germany,Bavaria,2023-09-18,21
4913,Jessica Perez,jessica.perez4913@mail.com,Consumer,USA,New York,2022-04-18,3
4914,Charles Murphy,charles.murphy4914@mail.com,Consumer,Australia,Queensland,2024-08-05,19
4915,Jessica Rodriguez,jessica.rodriguez4915@mail.com,Small Business,USA,Georgia,2021-10-14,7
4916,James Kapoor,james.kapoor4916@mail.com,Consumer,India,Gujarat,2020-02-29,29
4917,Sarah Perez,sarah.perez4917@mail.com,Corporate,Canada,British Columbia,2023-03-11,15
4918,James Wilson,james.wilson4918@mail.com,Corporate,UK,Wales,2020-09-26,11
4919,Joseph Perez,joseph.perez4919@mail.com,Corporate,USA,Washington,2023-09-16,6
4920,Joseph Wilson,joseph.wilson4920@mail.com,Consumer,India,Uttar Pradesh,2022-09-25,30
4921,Daniel Brown,daniel.brown4921@mail.com,Consumer,India,Tamil Nadu,2022-02-05,28
4922,Emma Jackson,emma.jackson4922@mail.com,Small Business,Canada,Alberta,2021-11-18,16
4923,Patricia Kapoor,patricia.kapoor4923@mail.com,Small Business,USA,Texas,2023-01-15,2
4924,Raj Miller,raj.miller4924@mail.com,Consumer,USA,Georgia,2022-12-23,7
4925,Richard Jackson,richard.jackson4925@mail.com,Consumer,usa,New York,2021-09-23,3
4926,Charles Evans,charles.evans4926@mail.com,Consumer,India,Karnataka,2021-11-07,26
4927,Oliver Patel,oliver.patel4927@mail.com,Consumer,India,Gujarat,2019-09-04,29
4928,Richard Garcia,richard.garcia4928@mail.com,Consumer,USA,Georgia,2021-02-02,7
4929,Nancy Martinez,nancy.martinez4929@mail.com,Small Business,Canada,British Columbia,2021-07-28,15
4930,Susan Thomas,susan.thomas4930@mail.com,Corporate,India,Karnataka,2022-08-18,26
4931,Michael Jackson,michael.jackson4931@mail.com,Corporate,UK,England,2020-10-12,9
4932,Priya Bennett,priya.bennett4932@mail.com,Small Business,USA,New York,2022-08-18,3
4933,Emma Williams,emma.williams4933@mail.com,Small Business,Canada,Ontario,2021-07-01,13
4934,Liam Bennett,liam.bennett4934@mail.com,Consumer,USA,Washington,2023-08-12,6
4935,Karen Miller,karen.miller4935@mail.com,Consumer,USA,Texas,2022-04-03,2
4936,Barbara Rodriguez,barbara.rodriguez4936@mail.com,Consumer,USA,California,2023-04-18,1
4937,Mary Martinez,mary.martinez4937@mail.com,Small Business,India,Maharashtra,2022-03-07,25
4938,Daniel Taylor,daniel.taylor4938@mail.com,Small Business,Australia,Queensland,2022-06-23,19
4939,Emma Davis,emma.davis4939@mail.com,Consumer,Canada,Ontario,2025-05-15,13
4940,Nancy Iyer,nancy.iyer4940@mail.com,Small Business,Australia,New South Wales,2024-05-18,17
4941,Robert Kapoor,robert.kapoor4941@mail.com,Consumer,India,Delhi,2022-09-24,27
4942,Sophie Perez,sophie.perez4942@mail.com,Consumer,Australia,New South Wales,2022-01-14,17
4943,Patricia Perez,patricia.perez4943@mail.com,Consumer,India,Karnataka,2024-09-10,26
4944,Richard Rodriguez,richard.rodriguez4944@mail.com,Small Business,UK,Scotland,2021-11-02,10
4945,Robert Perez,robert.perez4945@mail.com,Consumer,India,Maharashtra,2024-11-24,25
4946,Emma Martin,emma.martin4946@mail.com,Consumer,Germany,Berlin,2023-04-04,22
4947,Sarah Thomas,sarah.thomas4947@mail.com,Consumer,Germany,Bavaria,2021-09-25,21
4948,Michael Anderson,michael.anderson4948@mail.com,Small Business,USA,Ohio,2019-09-09,8
4949,Emma Williams,emma.williams4949@mail.com,Consumer,Canada,Alberta,2021-02-06,16
4950,Priya Hughes,priya.hughes4950@mail.com,Small Business,Germany,Berlin,2024-12-13,22
4951,Barbara Martin,barbara.martin4951@mail.com,Consumer,India,Tamil Nadu,2019-07-22,28
4952,Emma Martinez,emma.martinez4952@mail.com,Corporate,India,Tamil Nadu,2021-04-20,28
4953,Jessica Patel,jessica.patel4953@mail.com,Corporate,USA,Washington,2019-03-22,6
4954,Karen Wilson,karen.wilson4954@mail.com,Consumer,USA,Georgia,2023-09-12,7
4955,Michael Thomas,michael.thomas4955@mail.com,Consumer,USA,Washington,2024-11-13,6
4956,Joseph Rodriguez,joseph.rodriguez4956@mail.com,Consumer,Germany,Bavaria,2020-06-22,21
4957,Nancy Martin,nancy.martin4957@mail.com,Small Business,Germany,North Rhine-Westphalia,2021-12-18,24
4958,Thomas Patel,thomas.patel4958@mail.com,Corporate,Canada,Quebec,2020-04-01,14
4959,Oliver Lee,oliver.lee4959@mail.com,Corporate,Australia,Queensland,2023-12-21,19
4960,Jennifer Murphy,jennifer.murphy4960@mail.com,Consumer,Canada,Ontario,2024-09-03,13
4961,James Sharma,james.sharma4961@mail.com,Corporate,Australia,Western Australia,2021-08-30,20
4962,Amit Martin,amit.martin4962@mail.com,Corporate,Australia,Queensland,2022-12-12,19
4963,Sophie Garcia,sophie.garcia4963@mail.com,Consumer,Canada,British Columbia,2021-10-03,15
4964,Daniel Jackson,daniel.jackson4964@mail.com,Consumer,Germany,North Rhine-Westphalia,2021-09-29,24
4965,Michael Patel,michael.patel4965@mail.com,Corporate,India,Karnataka,2022-04-21,26
4966,Liam Iyer,liam.iyer4966@mail.com,Small Business,USA,New York,2021-01-04,3
4967,Thomas Rodriguez,thomas.rodriguez4967@mail.com,Consumer,USA,Georgia,2024-05-21,7
4968,Chloe Sharma,chloe.sharma4968@mail.com,Consumer,USA,Illinois,2022-09-29,5
4969,Karen Evans,karen.evans4969@mail.com,Consumer,India,Maharashtra,2021-09-23,25
4970,Nancy Bennett,nancy.bennett4970@mail.com,Consumer,Australia,Queensland,2025-11-03,19
4971,Oliver Cole,oliver.cole4971@mail.com,Consumer,India,Gujarat,2025-01-20,29
4972,Jessica Cole,jessica.cole4972@mail.com,Corporate,Canada,Quebec,2021-05-02,14
4973,Daniel Iyer,daniel.iyer4973@mail.com,Consumer,Australia,New South Wales,2024-10-02,17
4974,Priya Johnson,priya.johnson4974@mail.com,Small Business,India,Delhi,2020-02-05,27
4975,Charles Miller,charles.miller4975@mail.com,Consumer,UK,Northern Ireland,2021-04-18,12
4976,Susan Moore,susan.moore4976@mail.com,Consumer,india,Uttar Pradesh,2023-02-04,30
4977,John Davis,john.davis4977@mail.com,Small Business,USA,Texas,2021-08-11,2
4978,John Iyer,john.iyer4978@mail.com,Corporate,India,Gujarat,2023-04-19,29
4979,Raj Clarke,raj.clarke4979@mail.com,Consumer,USA,Illinois,2019-12-19,5
4980,Barbara Bennett,barbara.bennett4980@mail.com,Corporate,India,Karnataka,2024-11-06,26
4981,Jessica Thomas,jessica.thomas4981@mail.com,Corporate,Canada,Alberta,2019-02-14,16
4982,Richard Bennett,richard.bennett4982@mail.com,Consumer,Germany,Hesse,2019-06-23,23
4983,Liam Cole,liam.cole4983@mail.com,Corporate,USA,Texas,2024-03-06,2
4984,Robert Sharma,robert.sharma4984@mail.com,Consumer,India,Gujarat,2024-09-26,29
4985,Michael Bennett,michael.bennett4985@mail.com,Corporate,Australia,New South Wales,2023-09-21,17
4986,Jessica Rodriguez,jessica.rodriguez4986@mail.com,Small Business,Australia,Victoria,2019-07-29,18
4987,Liam Martinez,liam.martinez4987@mail.com,Small Business,USA,California,2019-11-12,1
4988,Priya Garcia,priya.garcia4988@mail.com,Consumer,USA,Illinois,2024-10-29,5
4989,David Patel,david.patel4989@mail.com,Small Business,Canada,Quebec,2022-06-19,14
4990,Nancy Davis,nancy.davis4990@mail.com,Corporate,UK,Wales,2023-11-06,11
4991,Joseph Davis,joseph.davis4991@mail.com,Small Business,Canada,Ontario,2019-10-31,13
4992,Patricia Jones,patricia.jones4992@mail.com,Small Business,Canada,Quebec,2022-04-18,14
4993,Michael Smith,michael.smith4993@mail.com,Consumer,UK,England,2021-11-25,9
4994,Linda Evans,linda.evans4994@mail.com,Consumer,Australia,Victoria,2025-06-20,18
4995,Liam Martinez,liam.martinez4995@mail.com,Consumer,Canada,Ontario,2025-07-10,13
4996,Thomas Jackson,thomas.jackson4996@mail.com,Consumer,U.S.A,Illinois,2023-12-16,5
4997,Karen Thomas,karen.thomas4997@mail.com,Small Business,India,Tamil Nadu,2023-08-25,28
4998,Jessica Sharma,jessica.sharma4998@mail.com,Corporate,Australia,Western Australia,2022-11-13,20
4999,Noah Johnson,noah.johnson4999@mail.com,Small Business,canada,Alberta,2024-08-16,16
5000,Michael Garcia,michael.garcia5000@mail.com,Consumer,UK,Northern Ireland,2024-10-22,12
5001,David Jones,david.jones5001@mail.com,Consumer,UK,Northern Ireland,2020-09-26,12
5002,James Rodriguez,james.rodriguez5002@mail.com,Small Business,UK,Wales,2021-12-16,11
5003,Emma Evans,emma.evans5003@mail.com,Small Business,UK,Wales,2020-10-20,11
5004,David Patel,david.patel5004@mail.com,Consumer,UK,England,2022-05-23,9
5005,Karen Garcia,,Consumer,India,Tamil Nadu,2024-02-29,28
5006,Priya Bennett,priya.bennett5006@mail.com,Consumer,Germany,Bavaria,2022-01-14,21
5007,Mary Iyer,mary.iyer5007@mail.com,Consumer,India,Maharashtra,2020-12-17,25
5008,Sarah Evans,sarah.evans5008@mail.com,Corporate,Australia,New South Wales,2020-01-14,17
5009,James Johnson,james.johnson5009@mail.com,Corporate,UK,Northern Ireland,2025-04-12,12
5010,Sophie Murphy,sophie.murphy5010@mail.com,Corporate,Australia,Western Australia,2024-07-20,20
5011,Robert Wilson,robert.wilson5011@mail.com,Consumer,Canada,British Columbia,2020-09-18,15
5012,Nancy Martinez,nancy.martinez5012@mail.com,Small Business,USA,Georgia,2023-11-23,7
5013,Sophie Williams,sophie.williams5013@mail.com,Corporate,Australia,New South Wales,2023-07-18,17
5014,Noah Thomas,noah.thomas5014@mail.com,Consumer,USA,Texas,2019-04-22,2
5015,Noah Anderson,noah.anderson5015@mail.com,Corporate,India,Delhi,2023-08-24,27
5016,Raj Patel,raj.patel5016@mail.com,Consumer,Canada,Ontario,2025-02-27,13
5017,Noah Williams,noah.williams5017@mail.com,Consumer,USA,Texas,2021-01-05,2
5018,Joseph Hughes,joseph.hughes5018@mail.com,Small Business,India,Delhi,2024-06-15,27
5019,Sunita Hughes,sunita.hughes5019@mail.com,Consumer,uk,Wales,2019-11-23,11
5020,John Davis,john.davis5020@mail.com,Consumer,UK,Northern Ireland,2023-06-29,12
5021,Patricia Perez,patricia.perez5021@mail.com,Consumer,canada,Alberta,2024-09-22,16
5022,Sunita Martin,sunita.martin5022@mail.com,Small Business,UK,Scotland,2024-07-07,10
5023,Chloe Brown,chloe.brown5023@mail.com,Consumer,USA,Washington,2024-05-25,6
5024,Charles Patel,charles.patel5024@mail.com,Consumer,India,Tamil Nadu,2020-02-22,28
5025,Liam Perez,liam.perez5025@mail.com,Consumer,UK,Scotland,2021-08-22,10
5026,Oliver Cole,oliver.cole5026@mail.com,Small Business,India,Delhi,2020-08-20,27
5027,Charles Rodriguez,charles.rodriguez5027@mail.com,Consumer,USA,Texas,2025-08-21,2
5028,Sarah Murphy,sarah.murphy5028@mail.com,Consumer,USA,Georgia,2024-05-18,7
5029,Robert Davis,robert.davis5029@mail.com,Consumer,India,Karnataka,2019-04-04,26
5030,Nancy Brown,nancy.brown5030@mail.com,Small Business,India,Karnataka,2019-12-16,26
5031,Oliver Evans,oliver.evans5031@mail.com,Corporate,USA,Washington,2020-11-16,6
5032,Richard Wilson,richard.wilson5032@mail.com,Consumer,USA,Florida,2019-05-05,4
5033,Liam Perez,liam.perez5033@mail.com,Consumer,Germany,Bavaria,2019-06-28,21
5034,Sunita Taylor,sunita.taylor5034@mail.com,Corporate,USA,New York,2022-04-28,3
5035,Emma Iyer,,Consumer,UK,Wales,2021-11-11,11
5036,Sunita Davis,sunita.davis5036@mail.com,Small Business,Germany,Hesse,2025-03-26,23
5037,Chloe Thomas,chloe.thomas5037@mail.com,Corporate,USA,Ohio,2025-01-20,8
5038,Michael Jones,michael.jones5038@mail.com,Consumer,USA,Florida,2021-08-10,4
5039,Patricia Garcia,patricia.garcia5039@mail.com,Corporate,canada,Quebec,2023-04-09,14
5040,Michael Rodriguez,michael.rodriguez5040@mail.com,Consumer,India,Uttar Pradesh,2021-09-28,30
5041,Thomas Thomas,thomas.thomas5041@mail.com,Small Business,India,Maharashtra,2024-08-14,25
5042,David Bennett,david.bennett5042@mail.com,Consumer,Germany,Berlin,2023-12-24,22
5043,Daniel Johnson,daniel.johnson5043@mail.com,Consumer,India,Tamil Nadu,2019-09-08,28
5044,Sarah Lee,sarah.lee5044@mail.com,Consumer,india,Maharashtra,2021-10-04,25
5045,Susan Kapoor,,Consumer,Germany,Hesse,2024-07-29,23
5046,Patricia Wilson,patricia.wilson5046@mail.com,Consumer,Australia,New South Wales,2022-12-22,17
5047,Karen Thomas,karen.thomas5047@mail.com,Consumer,USA,Illinois,2020-03-13,5
5048,Sarah Patel,sarah.patel5048@mail.com,Small Business,India,Delhi,2023-03-02,27
5049,Linda Rodriguez,linda.rodriguez5049@mail.com,Small Business,Germany,Bavaria,2025-11-01,21
5050,Noah Evans,noah.evans5050@mail.com,Consumer,India,Karnataka,2021-01-17,26
5051,Chloe Jones,chloe.jones5051@mail.com,Small Business,Australia,New South Wales,2025-11-01,17
5052,Susan Jackson,susan.jackson5052@mail.com,Corporate,UK,Scotland,2024-06-10,10
5053,Amit Anderson,amit.anderson5053@mail.com,Corporate,Australia,Victoria,2021-06-07,18
5054,Liam Martinez,liam.martinez5054@mail.com,Corporate,USA,Washington,2024-09-13,6
5055,James Sharma,james.sharma5055@mail.com,Corporate,USA,New York,2019-02-22,3
5056,Noah Thompson,noah.thompson5056@mail.com,Consumer,UK,England,2019-12-28,9
5057,Mary Hughes,mary.hughes5057@mail.com,Consumer,Canada,British Columbia,2025-03-13,15
5058,Sunita Patel,sunita.patel5058@mail.com,Consumer,Canada,Ontario,2020-07-03,13
5059,Emma Johnson,emma.johnson5059@mail.com,Consumer,India,Tamil Nadu,2023-03-23,28
5060,Amit Cole,amit.cole5060@mail.com,Consumer,Australia,Victoria,2020-06-29,18
5061,Emma Patel,emma.patel5061@mail.com,Consumer,USA,New York,2020-08-14,3
5062,Linda Rodriguez,linda.rodriguez5062@mail.com,Consumer,USA,Florida,2020-11-08,4
5063,Karen Taylor,karen.taylor5063@mail.com,Small Business,United States,Florida,2022-03-05,4
5064,Barbara Sharma,barbara.sharma5064@mail.com,Consumer,Canada,Ontario,2023-12-29,13
5065,Amit Anderson,amit.anderson5065@mail.com,Consumer,Australia,Victoria,2023-06-22,18
5066,Noah Evans,noah.evans5066@mail.com,Consumer,USA,Washington,2022-11-27,6
5067,Raj Brown,raj.brown5067@mail.com,Corporate,Canada,Ontario,2025-05-09,13
5068,Karen Bennett,karen.bennett5068@mail.com,Consumer,Canada,Quebec,2021-04-17,14
5069,Linda Bennett,linda.bennett5069@mail.com,Consumer,India,Delhi,2025-05-06,27
5070,Thomas Taylor,thomas.taylor5070@mail.com,Small Business,India,Delhi,2019-08-13,27
5071,James Cole,james.cole5071@mail.com,Consumer,USA,Ohio,2022-05-23,8
5072,Joseph Cole,joseph.cole5072@mail.com,Consumer,Germany,Hesse,2021-05-13,23
5073,Chloe Rodriguez,chloe.rodriguez5073@mail.com,Consumer,United States,Georgia,2023-05-10,7
5074,Barbara Williams,barbara.williams5074@mail.com,Small Business,India,Tamil Nadu,2025-10-27,28
5075,Chloe Hughes,chloe.hughes5075@mail.com,Consumer,USA,Illinois,2023-02-06,5
5076,Oliver Davis,oliver.davis5076@mail.com,Small Business,Germany,Berlin,2019-10-21,22
5077,Barbara Miller,barbara.miller5077@mail.com,Corporate,USA,Texas,2021-10-19,2
5078,Sophie Murphy,sophie.murphy5078@mail.com,Consumer,U.K.,Scotland,2021-10-03,10
5079,Jennifer Cole,jennifer.cole5079@mail.com,Consumer,Canada,Quebec,2023-10-05,14
5080,Thomas Sharma,thomas.sharma5080@mail.com,Consumer,Australia,Queensland,2021-02-17,19
5081,Richard Murphy,richard.murphy5081@mail.com,Consumer,India,Maharashtra,2024-12-01,25
5082,Emma Clarke,emma.clarke5082@mail.com,Consumer,Canada,Quebec,2022-12-01,14
5083,Priya Thomas,priya.thomas5083@mail.com,Corporate,USA,Georgia,2021-10-23,7
5084,Emma Johnson,emma.johnson5084@mail.com,Consumer,USA,Ohio,2024-02-06,8
5085,David Bennett,david.bennett5085@mail.com,Consumer,USA,Illinois,2019-09-17,5
5086,Robert Hughes,robert.hughes5086@mail.com,Corporate,Canada,British Columbia,2020-06-06,15
5087,Oliver Jackson,oliver.jackson5087@mail.com,Consumer,USA,Illinois,2022-04-03,5
5088,Sarah Iyer,sarah.iyer5088@mail.com,Consumer,India,Maharashtra,2023-11-07,25
5089,Jessica Cole,jessica.cole5089@mail.com,Corporate,Canada,Ontario,2023-05-30,13
5090,Liam Wilson,liam.wilson5090@mail.com,Corporate,USA,New York,2021-01-01,3
5091,Amit Thomas,amit.thomas5091@mail.com,Consumer,USA,Georgia,2021-12-30,7
5092,Noah Cole,noah.cole5092@mail.com,Consumer,USA,Georgia,2025-09-28,7
5093,Liam Brown,liam.brown5093@mail.com,Small Business,India,Maharashtra,2020-02-16,25
5094,Liam Garcia,liam.garcia5094@mail.com,Consumer,USA,Georgia,2019-04-17,7
5095,Amit Rodriguez,amit.rodriguez5095@mail.com,Consumer,Germany,Berlin,2019-10-13,22
5096,Charles Williams,charles.williams5096@mail.com,Consumer,india,Uttar Pradesh,2024-11-14,30
5097,Susan Thomas,susan.thomas5097@mail.com,Corporate,Germany,Berlin,2020-06-23,22
5098,Nancy Iyer,nancy.iyer5098@mail.com,Consumer,UK,England,2022-06-23,9
5099,Liam Lee,liam.lee5099@mail.com,Small Business,Australia,Queensland,2024-09-28,19
5100,Sunita Wilson,sunita.wilson5100@mail.com,Small Business,UK,England,2022-06-27,9
5101,Thomas Kapoor,thomas.kapoor5101@mail.com,Corporate,USA,Illinois,2019-10-07,5
5102,James Clarke,james.clarke5102@mail.com,Corporate,USA,Texas,2020-09-13,2
5103,Mary Sharma,mary.sharma5103@mail.com,Consumer,UK,England,2023-05-05,9
5104,Priya Garcia,priya.garcia5104@mail.com,Consumer,India,Gujarat,2019-05-11,29
5105,Priya Moore,priya.moore5105@mail.com,Consumer,Canada,Alberta,2019-02-25,16
5106,Emma Sharma,emma.sharma5106@mail.com,Consumer,Australia,Western Australia,2019-10-03,20
5107,John Smith,john.smith5107@mail.com,Consumer,uk,Wales,2020-07-07,11
5108,Joseph Miller,joseph.miller5108@mail.com,Small Business,USA,Georgia,2021-02-04,7
5109,Priya Martinez,priya.martinez5109@mail.com,Consumer,USA,Texas,2022-09-25,2
5110,Richard Perez,richard.perez5110@mail.com,Small Business,UK,Northern Ireland,2023-08-23,12
5111,Robert Brown,robert.brown5111@mail.com,Consumer,India,Uttar Pradesh,2022-11-05,30
5112,Jennifer Davis,jennifer.davis5112@mail.com,Corporate,U.S.A,Illinois,2023-12-26,5
5113,Charles Kapoor,charles.kapoor5113@mail.com,Corporate,India,Maharashtra,2024-12-17,25
5114,Oliver Hughes,oliver.hughes5114@mail.com,Small Business,UK,Scotland,2022-12-18,10
5115,Priya Clarke,,Consumer,USA,Texas,2023-05-23,2
5116,John Bennett,john.bennett5116@mail.com,Small Business,India,Karnataka,2019-01-15,26
5117,Nancy Patel,nancy.patel5117@mail.com,Small Business,Germany,Berlin,2020-04-02,22
5118,Jessica Evans,jessica.evans5118@mail.com,Consumer,USA,Florida,2024-12-20,4
5119,Richard Moore,richard.moore5119@mail.com,Consumer,USA,Georgia,2022-04-06,7
5120,Sarah Bennett,sarah.bennett5120@mail.com,Consumer,U.S.A,New York,2021-09-14,3
5121,Sunita Jones,sunita.jones5121@mail.com,Consumer,India,Tamil Nadu,2021-06-28,28
5122,David Garcia,david.garcia5122@mail.com,Consumer,Canada,Quebec,2025-10-18,14
5123,Raj Perez,raj.perez5123@mail.com,Small Business,USA,New York,2019-10-14,3
5124,Liam Wilson,liam.wilson5124@mail.com,Corporate,Germany,North Rhine-Westphalia,2019-05-10,24
5125,Emma Martinez,emma.martinez5125@mail.com,Consumer,UK,Wales,2019-09-21,11
5126,Michael Williams,michael.williams5126@mail.com,Small Business,Canada,Quebec,2025-06-10,14
5127,Jessica Anderson,jessica.anderson5127@mail.com,Consumer,UK,Northern Ireland,2020-02-09,12
5128,Jennifer Taylor,jennifer.taylor5128@mail.com,Consumer,USA,Illinois,2022-07-12,5
5129,Noah Taylor,noah.taylor5129@mail.com,Corporate,USA,Illinois,2020-07-07,5
5130,Liam Murphy,liam.murphy5130@mail.com,Corporate,USA,Ohio,2021-02-12,8
5131,Daniel Davis,daniel.davis5131@mail.com,Small Business,AUS,Queensland,2023-06-30,19
5132,James Smith,james.smith5132@mail.com,Consumer,Australia,New South Wales,2024-05-28,17
5133,Chloe Lee,chloe.lee5133@mail.com,Small Business,India,Karnataka,2020-12-27,26
5134,Priya Thompson,priya.thompson5134@mail.com,Consumer,Australia,Western Australia,2025-05-28,20
5135,Priya Davis,priya.davis5135@mail.com,Consumer,India,Delhi,2019-04-16,27
5136,Chloe Williams,chloe.williams5136@mail.com,Consumer,Canada,Quebec,2024-06-26,14
5137,Thomas Miller,thomas.miller5137@mail.com,Corporate,DE,Hesse,2025-04-17,23
5138,David Kapoor,david.kapoor5138@mail.com,Consumer,USA,Florida,2019-09-08,4
5139,Sophie Garcia,sophie.garcia5139@mail.com,Corporate,CANADA,Alberta,2024-04-29,16
5140,Mary Taylor,,Consumer,India,Gujarat,2020-03-07,29
5141,Nancy Thomas,nancy.thomas5141@mail.com,Consumer,India,Gujarat,2023-01-24,29
5142,Nancy Rodriguez,nancy.rodriguez5142@mail.com,Small Business,Canada,British Columbia,2023-08-04,15
5143,John Williams,,Small Business,Germany,Bavaria,2019-06-07,21
5144,Susan Garcia,susan.garcia5144@mail.com,Small Business,canada,British Columbia,2024-07-28,15
5145,Daniel Brown,daniel.brown5145@mail.com,Consumer,USA,New York,2025-08-30,3
5146,James Kapoor,james.kapoor5146@mail.com,Consumer,USA,Florida,2025-02-01,4
5147,Charles Thomas,charles.thomas5147@mail.com,Small Business,UK,England,2024-03-09,9
5148,Oliver Cole,oliver.cole5148@mail.com,Corporate,USA,Florida,2019-10-28,4
5149,Chloe Moore,chloe.moore5149@mail.com,Consumer,Australia,New South Wales,2021-06-10,17
5150,Liam Patel,liam.patel5150@mail.com,Corporate,Canada,Alberta,2024-03-10,16
5151,Sarah Brown,sarah.brown5151@mail.com,Small Business,Germany,Hesse,2019-02-07,23
5152,Linda Kapoor,linda.kapoor5152@mail.com,Small Business,USA,Ohio,2025-06-04,8
5153,Michael Miller,michael.miller5153@mail.com,Corporate,UK,Northern Ireland,2019-11-22,12
5154,Sophie Hughes,sophie.hughes5154@mail.com,Consumer,canada,British Columbia,2019-02-22,15
5155,Emma Rodriguez,emma.rodriguez5155@mail.com,Corporate,Canada,Ontario,2023-04-24,13
5156,Barbara Iyer,barbara.iyer5156@mail.com,Small Business,canada,Quebec,2021-09-22,14
5157,Sarah Taylor,sarah.taylor5157@mail.com,Consumer,USA,Illinois,2023-04-11,5
5158,John Thomas,john.thomas5158@mail.com,Small Business,USA,Ohio,2025-05-30,8
5159,Sophie Miller,sophie.miller5159@mail.com,Small Business,Australia,New South Wales,2021-12-02,17
5160,Nancy Miller,nancy.miller5160@mail.com,Corporate,Germany,Hesse,2024-11-10,23
5161,Liam Martinez,liam.martinez5161@mail.com,Consumer,Germany,Berlin,2020-06-25,22
5162,Sunita Patel,sunita.patel5162@mail.com,Consumer,Australia,Victoria,2019-01-01,18
5163,Michael Thomas,michael.thomas5163@mail.com,Corporate,Canada,Ontario,2019-10-05,13
5164,Jennifer Thomas,jennifer.thomas5164@mail.com,Consumer,Australia,Western Australia,2021-01-14,20
5165,Emma Jones,emma.jones5165@mail.com,Corporate,Canada,Quebec,2021-09-21,14
5166,James Martinez,james.martinez5166@mail.com,Corporate,USA,Washington,2019-05-20,6
5167,David Davis,david.davis5167@mail.com,Consumer,Canada,Alberta,2022-06-02,16
5168,Nancy Moore,nancy.moore5168@mail.com,Consumer,USA,Washington,2021-01-09,6
5169,Chloe Davis,chloe.davis5169@mail.com,Consumer,India,Tamil Nadu,2025-02-17,28
5170,Susan Perez,susan.perez5170@mail.com,Corporate,Australia,Western Australia,2019-11-01,20
5171,Raj Sharma,raj.sharma5171@mail.com,Consumer,Canada,Quebec,2025-09-03,14
5172,Thomas Williams,thomas.williams5172@mail.com,Corporate,India,Tamil Nadu,2021-11-09,28
5173,James Jackson,james.jackson5173@mail.com,Corporate,usa,Illinois,2024-03-05,5
5174,John Bennett,,Corporate,Australia,New South Wales,2022-04-09,17
5175,Richard Kapoor,richard.kapoor5175@mail.com,Consumer,Germany,Hesse,2019-01-28,23
5176,Joseph Patel,joseph.patel5176@mail.com,Small Business,Germany,Hesse,2023-02-17,23
5177,Michael Kapoor,michael.kapoor5177@mail.com,Consumer,Germany,Bavaria,2025-04-18,21
5178,Joseph Kapoor,joseph.kapoor5178@mail.com,Small Business,Australia,Victoria,2025-10-08,18
5179,Jessica Iyer,jessica.iyer5179@mail.com,Small Business,Canada,British Columbia,2025-10-30,15
5180,Nancy Rodriguez,nancy.rodriguez5180@mail.com,Consumer,UK,England,2024-10-06,9
5181,Robert Brown,robert.brown5181@mail.com,Small Business,India,Delhi,2020-07-31,27
5182,Karen Johnson,karen.johnson5182@mail.com,Consumer,Australia,Victoria,2025-09-14,18
5183,Mary Wilson,mary.wilson5183@mail.com,Consumer,Germany,Berlin,2024-12-17,22
5184,Chloe Davis,chloe.davis5184@mail.com,Consumer,Canada,Quebec,2019-02-22,14
5185,Sarah Cole,sarah.cole5185@mail.com,Consumer,USA,Ohio,2020-08-19,8
5186,Susan Thompson,susan.thompson5186@mail.com,Corporate,USA,New York,2022-11-14,3
5187,Raj Evans,raj.evans5187@mail.com,Consumer,Canada,British Columbia,2020-02-11,15
5188,Nancy Kapoor,nancy.kapoor5188@mail.com,Consumer,Germany,North Rhine-Westphalia,2020-04-09,24
5189,Sunita Evans,,Corporate,Australia,Queensland,2021-11-06,19
5190,Mary Smith,mary.smith5190@mail.com,Consumer,USA,Washington,2022-04-25,6
5191,David Martin,david.martin5191@mail.com,Consumer,UK,Scotland,2019-11-19,10
5192,Nancy Taylor,nancy.taylor5192@mail.com,Consumer,India,Tamil Nadu,2024-11-18,28
5193,Barbara Taylor,barbara.taylor5193@mail.com,Small Business,USA,Texas,2024-08-27,2
5194,Raj Anderson,raj.anderson5194@mail.com,Consumer,Germany,Berlin,2020-11-12,22
5195,John Murphy,john.murphy5195@mail.com,Consumer,Australia,Western Australia,2023-12-10,20
5196,Karen Johnson,karen.johnson5196@mail.com,Small Business,USA,Texas,2019-11-25,2
5197,Daniel Garcia,daniel.garcia5197@mail.com,Consumer,USA,Georgia,2023-10-02,7
5198,David Garcia,david.garcia5198@mail.com,Small Business,India,Maharashtra,2024-10-16,25
5199,Charles Jackson,charles.jackson5199@mail.com,Corporate,USA,Florida,2025-07-13,4
5200,Chloe Wilson,chloe.wilson5200@mail.com,Consumer,Canada,Ontario,2025-04-03,13
5201,Noah Moore,noah.moore5201@mail.com,Small Business,Canada,Alberta,2024-10-18,16
5202,John Williams,john.williams5202@mail.com,Consumer,Australia,Queensland,2020-05-05,19
5203,Richard Kapoor,richard.kapoor5203@mail.com,Consumer,Germany,North Rhine-Westphalia,2022-02-06,24
5204,Charles Thomas,charles.thomas5204@mail.com,Small Business,Australia,Queensland,2019-09-08,19
5205,John Rodriguez,john.rodriguez5205@mail.com,Consumer,India,Uttar Pradesh,2024-02-23,30
5206,Patricia Wilson,patricia.wilson5206@mail.com,Consumer,India,Uttar Pradesh,2021-03-12,30
5207,Mary Jones,mary.jones5207@mail.com,Consumer,UK,Scotland,2023-04-06,10
5208,Sarah Bennett,sarah.bennett5208@mail.com,Consumer,CANADA,Ontario,2024-11-21,13
5209,Liam Rodriguez,liam.rodriguez5209@mail.com,Consumer,Australia,Victoria,2025-04-11,18
5210,Sunita Anderson,sunita.anderson5210@mail.com,Consumer,United States,Washington,2020-11-18,6
5211,Chloe Thomas,chloe.thomas5211@mail.com,Consumer,Australia,Western Australia,2019-01-10,20
5212,Barbara Murphy,barbara.murphy5212@mail.com,Consumer,Germany,Hesse,2019-09-25,23
5213,Noah Rodriguez,noah.rodriguez5213@mail.com,Consumer,India,Tamil Nadu,2023-01-13,28
5214,Nancy Hughes,nancy.hughes5214@mail.com,Consumer,UK,Scotland,2020-03-14,10
5215,Oliver Cole,oliver.cole5215@mail.com,Corporate,USA,Florida,2025-06-24,4
5216,David Martin,david.martin5216@mail.com,Consumer,Canada,British Columbia,2020-01-24,15
5217,Richard Thomas,richard.thomas5217@mail.com,Small Business,USA,California,2019-04-05,1
5218,Noah Garcia,noah.garcia5218@mail.com,Small Business,USA,Florida,2019-01-12,4
5219,Richard Iyer,richard.iyer5219@mail.com,Small Business,India,Tamil Nadu,2021-02-07,28
5220,Sarah Clarke,sarah.clarke5220@mail.com,Small Business,USA,Texas,2021-03-03,2
5221,John Lee,john.lee5221@mail.com,Corporate,India,Delhi,2019-07-20,27
5222,Sophie Cole,sophie.cole5222@mail.com,Consumer,Germany,Hesse,2024-04-18,23
5223,Raj Sharma,raj.sharma5223@mail.com,Consumer,UK,England,2025-05-08,9
5224,Emma Moore,emma.moore5224@mail.com,Consumer,USA,California,2024-12-14,1
5225,Mary Miller,mary.miller5225@mail.com,Consumer,CANADA,Alberta,2025-09-14,16
5226,John Johnson,john.johnson5226@mail.com,Small Business,India,Maharashtra,2021-04-02,25
5227,Linda Garcia,linda.garcia5227@mail.com,Small Business,Canada,British Columbia,2024-10-20,15
5228,Mary Jackson,,Consumer,Australia,Western Australia,2023-04-10,20
5229,David Garcia,david.garcia5229@mail.com,Consumer,India,Tamil Nadu,2024-09-22,28
5230,Amit Moore,amit.moore5230@mail.com,Consumer,Canada,Alberta,2019-06-27,16
5231,Jessica Brown,jessica.brown5231@mail.com,Consumer,Australia,Queensland,2022-12-13,19
5232,Noah Cole,noah.cole5232@mail.com,Small Business,Australia,New South Wales,2025-09-01,17
5233,Sarah Johnson,sarah.johnson5233@mail.com,Consumer,India,Gujarat,2019-06-01,29
5234,Thomas Anderson,thomas.anderson5234@mail.com,Corporate,IND,Maharashtra,2022-11-13,25
5235,Amit Lee,amit.lee5235@mail.com,Consumer,Germany,Berlin,2021-02-12,22
5236,Sarah Moore,sarah.moore5236@mail.com,Consumer,India,Uttar Pradesh,2021-04-26,30
5237,Sarah Brown,sarah.brown5237@mail.com,Corporate,Germany,North Rhine-Westphalia,2022-09-21,24
5238,Sophie Iyer,sophie.iyer5238@mail.com,Small Business,India,Tamil Nadu,2022-09-20,28
5239,Sophie Jones,sophie.jones5239@mail.com,Consumer,Australia,Victoria,2024-10-28,18
5240,Patricia Anderson,patricia.anderson5240@mail.com,Corporate,Australia,Queensland,2020-06-01,19
5241,Robert Miller,robert.miller5241@mail.com,Corporate,Australia,Victoria,2021-06-13,18
5242,Sophie Martinez,sophie.martinez5242@mail.com,Small Business,Germany,North Rhine-Westphalia,2022-02-07,24
5243,Jennifer Hughes,jennifer.hughes5243@mail.com,Corporate,Canada,Ontario,2019-08-27,13
5244,Jennifer Iyer,jennifer.iyer5244@mail.com,Consumer,India,Delhi,2025-09-24,27
5245,Charles Hughes,charles.hughes5245@mail.com,Small Business,USA,Ohio,2020-02-04,8
5246,David Perez,david.perez5246@mail.com,Consumer,Australia,Victoria,2021-04-04,18
5247,Noah Patel,noah.patel5247@mail.com,Corporate,Australia,Queensland,2024-03-07,19
5248,Daniel Miller,daniel.miller5248@mail.com,Corporate,USA,New York,2022-06-28,3
5249,Daniel Smith,daniel.smith5249@mail.com,Small Business,USA,Texas,2021-12-28,2
5250,Charles Clarke,charles.clarke5250@mail.com,Consumer,Canada,British Columbia,2022-11-12,15
5251,Daniel Garcia,daniel.garcia5251@mail.com,Small Business,Canada,Quebec,2024-06-05,14
5252,Jessica Cole,jessica.cole5252@mail.com,Corporate,India,Tamil Nadu,2023-06-06,28
5253,Robert Davis,robert.davis5253@mail.com,Small Business,Germany,Bavaria,2021-12-06,21
5254,Oliver Jackson,oliver.jackson5254@mail.com,Consumer,India,Maharashtra,2025-09-09,25
5255,Raj Brown,raj.brown5255@mail.com,Small Business,Germany,Hesse,2021-03-18,23
5256,Noah Wilson,noah.wilson5256@mail.com,Consumer,germany,Bavaria,2021-11-03,21
5257,James Martinez,james.martinez5257@mail.com,Consumer,USA,Georgia,2025-07-22,7
5258,Raj Patel,raj.patel5258@mail.com,Consumer,India,Tamil Nadu,2024-12-28,28
5259,Patricia Taylor,patricia.taylor5259@mail.com,Consumer,UK,Scotland,2022-10-01,10
5260,Susan Perez,,Consumer,India,Karnataka,2024-03-25,26
5261,Chloe Brown,chloe.brown5261@mail.com,Corporate,Germany,Hesse,2023-04-13,23
5262,Liam Wilson,liam.wilson5262@mail.com,Consumer,Canada,Ontario,2020-06-11,13
5263,John Smith,john.smith5263@mail.com,Consumer,USA,Florida,2020-12-23,4
5264,Robert Moore,robert.moore5264@mail.com,Corporate,IND,Gujarat,2022-11-16,29
5265,Liam Kapoor,liam.kapoor5265@mail.com,Corporate,UK,Northern Ireland,2022-10-05,12
5266,Raj Jackson,raj.jackson5266@mail.com,Consumer,UK,England,2020-09-03,9
5267,Thomas Sharma,thomas.sharma5267@mail.com,Consumer,Germany,North Rhine-Westphalia,2024-10-23,24
5268,David Thompson,david.thompson5268@mail.com,Corporate,USA,Georgia,2020-04-11,7
5269,Raj Smith,raj.smith5269@mail.com,Consumer,India,Uttar Pradesh,2024-12-22,30
5270,Richard Johnson,richard.johnson5270@mail.com,Corporate,Germany,Hesse,2023-07-07,23
5271,Priya Thompson,priya.thompson5271@mail.com,Consumer,USA,California,2020-10-16,1
5272,Thomas Wilson,thomas.wilson5272@mail.com,Small Business,Canada,Alberta,2024-06-16,16
5273,Sunita Iyer,sunita.iyer5273@mail.com,Consumer,Australia,Victoria,2024-10-19,18
5274,Chloe Evans,chloe.evans5274@mail.com,Corporate,USA,New York,2021-01-12,3
5275,Daniel Jones,daniel.jones5275@mail.com,Consumer,DE,Hesse,2020-04-09,23
5276,Michael Bennett,michael.bennett5276@mail.com,Consumer,UK,Wales,2023-12-12,11
5277,Mary Evans,mary.evans5277@mail.com,Consumer,Germany,Bavaria,2024-08-12,21
5278,Priya Martinez,priya.martinez5278@mail.com,Small Business,USA,New York,2019-07-11,3
5279,Richard Evans,richard.evans5279@mail.com,Consumer,USA,California,2024-06-28,1
5280,Mary Iyer,mary.iyer5280@mail.com,Corporate,CANADA,British Columbia,2024-03-14,15
5281,Robert Lee,,Consumer,UK,Wales,2022-02-08,11
5282,Nancy Taylor,nancy.taylor5282@mail.com,Corporate,India,Gujarat,2025-08-31,29
5283,Robert Taylor,robert.taylor5283@mail.com,Consumer,India,Uttar Pradesh,2025-04-26,30
5284,David Garcia,david.garcia5284@mail.com,Consumer,DE,North Rhine-Westphalia,2025-10-08,24
5285,Linda Clarke,linda.clarke5285@mail.com,Corporate,USA,Georgia,2022-03-04,7
5286,Sophie Taylor,sophie.taylor5286@mail.com,Corporate,UK,England,2020-11-12,9
5287,Robert Smith,robert.smith5287@mail.com,Consumer,USA,Washington,2019-10-11,6
5288,Sophie Miller,sophie.miller5288@mail.com,Consumer,India,Tamil Nadu,2021-05-19,28
5289,Jennifer Taylor,jennifer.taylor5289@mail.com,Corporate,Canada,Ontario,2023-02-28,13
5290,Oliver Taylor,oliver.taylor5290@mail.com,Consumer,Australia,Western Australia,2024-10-31,20
5291,Barbara Sharma,barbara.sharma5291@mail.com,Corporate,Canada,Alberta,2025-07-30,16
5292,Oliver Sharma,oliver.sharma5292@mail.com,Corporate,Australia,Western Australia,2020-03-13,20
5293,John Brown,john.brown5293@mail.com,Consumer,germany,Berlin,2023-06-10,22
5294,Barbara Jackson,barbara.jackson5294@mail.com,Consumer,India,Maharashtra,2019-02-07,25
5295,Emma Thomas,emma.thomas5295@mail.com,Consumer,USA,Texas,2020-09-21,2
5296,Sunita Evans,sunita.evans5296@mail.com,Consumer,Australia,Queensland,2022-05-03,19
5297,Chloe Martinez,chloe.martinez5297@mail.com,Consumer,Germany,Bavaria,2023-08-11,21
5298,Noah Patel,noah.patel5298@mail.com,Corporate,germany,Hesse,2021-01-06,23
5299,Nancy Jones,nancy.jones5299@mail.com,Consumer,UK,Northern Ireland,2019-07-14,12
5300,Susan Patel,susan.patel5300@mail.com,Consumer,Germany,Hesse,2020-01-20,23
5301,Patricia Hughes,patricia.hughes5301@mail.com,Consumer,USA,Washington,2023-04-20,6
5302,Susan Martin,susan.martin5302@mail.com,Consumer,Australia,Western Australia,2020-07-31,20
5303,Michael Jackson,michael.jackson5303@mail.com,Consumer,USA,Illinois,2023-03-16,5
5304,Thomas Murphy,thomas.murphy5304@mail.com,Small Business,USA,Georgia,2024-02-27,7
5305,Joseph Jackson,joseph.jackson5305@mail.com,Corporate,USA,Illinois,2021-06-24,5
5306,David Perez,david.perez5306@mail.com,Consumer,India,Gujarat,2025-01-07,29
5307,Nancy Thomas,nancy.thomas5307@mail.com,Consumer,USA,Florida,2025-10-05,4
5308,Robert Clarke,robert.clarke5308@mail.com,Corporate,USA,Georgia,2023-08-30,7
5309,Jessica Evans,jessica.evans5309@mail.com,Consumer,Australia,Queensland,2023-02-22,19
5310,Susan Thompson,susan.thompson5310@mail.com,Consumer,Canada,Ontario,2019-09-22,13
5311,Jennifer Thomas,jennifer.thomas5311@mail.com,Consumer,Germany,Berlin,2025-02-03,22
5312,Priya Thomas,priya.thomas5312@mail.com,Consumer,Canada,Alberta,2021-10-30,16
5313,Robert Johnson,robert.johnson5313@mail.com,Consumer,India,Delhi,2023-11-21,27
5314,Charles Wilson,charles.wilson5314@mail.com,Corporate,India,Tamil Nadu,2023-03-16,28
5315,Thomas Patel,thomas.patel5315@mail.com,Consumer,India,Tamil Nadu,2021-12-20,28
5316,Linda Sharma,linda.sharma5316@mail.com,Corporate,Canada,Quebec,2020-08-06,14
5317,Raj Kapoor,raj.kapoor5317@mail.com,Small Business,germany,North Rhine-Westphalia,2023-01-11,24
5318,John Cole,john.cole5318@mail.com,Consumer,Australia,Victoria,2022-01-29,18
5319,Sarah Martin,sarah.martin5319@mail.com,Small Business,Canada,Quebec,2020-02-09,14
5320,Priya Sharma,priya.sharma5320@mail.com,Consumer,UK,Scotland,2023-08-26,10
5321,Charles Williams,charles.williams5321@mail.com,Consumer,India,Delhi,2024-06-04,27
5322,Barbara Moore,barbara.moore5322@mail.com,Consumer,Germany,North Rhine-Westphalia,2024-03-21,24
5323,Jessica Williams,jessica.williams5323@mail.com,Consumer,Australia,New South Wales,2019-02-01,17
5324,Chloe Evans,chloe.evans5324@mail.com,Small Business,India,Karnataka,2022-12-24,26
5325,Sarah Martinez,sarah.martinez5325@mail.com,Consumer,Germany,Bavaria,2020-08-04,21
5326,John Jones,john.jones5326@mail.com,Corporate,Canada,British Columbia,2022-06-26,15
5327,Raj Murphy,raj.murphy5327@mail.com,Small Business,Australia,Western Australia,2025-09-24,20
5328,Barbara Hughes,barbara.hughes5328@mail.com,Corporate,USA,Illinois,2022-01-12,5
5329,Linda Martin,linda.martin5329@mail.com,Consumer,UK,England,2023-09-03,9
5330,Jessica Martinez,jessica.martinez5330@mail.com,Consumer,Australia,Queensland,2021-03-31,19
5331,Daniel Johnson,daniel.johnson5331@mail.com,Consumer,Canada,Alberta,2019-07-03,16
5332,Karen Williams,karen.williams5332@mail.com,Consumer,Canada,Ontario,2022-04-28,13
5333,Chloe Johnson,chloe.johnson5333@mail.com,Corporate,India,Gujarat,2022-04-28,29
5334,Charles Brown,charles.brown5334@mail.com,Consumer,India,Maharashtra,2019-07-25,25
5335,Charles Thomas,charles.thomas5335@mail.com,Corporate,U.S.A,New York,2020-11-09,3
5336,Jessica Brown,jessica.brown5336@mail.com,Corporate,USA,Florida,2025-09-08,4
5337,Thomas Patel,thomas.patel5337@mail.com,Consumer,USA,Texas,2020-06-14,2
5338,Sunita Perez,sunita.perez5338@mail.com,Consumer,DE,Bavaria,2025-08-18,21
5339,Liam Rodriguez,liam.rodriguez5339@mail.com,Corporate,USA,Florida,2025-02-23,4
5340,Susan Rodriguez,susan.rodriguez5340@mail.com,Consumer,Australia,Western Australia,2025-10-16,20
5341,Daniel Williams,daniel.williams5341@mail.com,Consumer,USA,Ohio,2019-05-13,8
5342,Oliver Martin,oliver.martin5342@mail.com,Small Business,Australia,Victoria,2025-05-07,18
5343,James Brown,james.brown5343@mail.com,Consumer,Australia,Queensland,2019-10-11,19
5344,Sunita Patel,sunita.patel5344@mail.com,Consumer,usa,Ohio,2019-09-19,8
5345,Thomas Garcia,thomas.garcia5345@mail.com,Consumer,USA,New York,2025-08-22,3
5346,Emma Garcia,emma.garcia5346@mail.com,Corporate,Canada,Alberta,2024-04-30,16
5347,Liam Taylor,liam.taylor5347@mail.com,Corporate,USA,Florida,2022-08-30,4
5348,Mary Williams,mary.williams5348@mail.com,Corporate,USA,New York,2023-01-29,3
5349,Jessica Murphy,jessica.murphy5349@mail.com,Consumer,USA,Florida,2022-11-03,4
5350,Amit Martinez,amit.martinez5350@mail.com,Consumer,USA,Washington,2024-08-20,6
5351,Richard Perez,richard.perez5351@mail.com,Small Business,Canada,Ontario,2021-10-24,13
5352,Sunita Moore,sunita.moore5352@mail.com,Corporate,USA,Florida,2019-09-07,4
5353,Oliver Patel,oliver.patel5353@mail.com,Corporate,India,Gujarat,2021-07-17,29
5354,Thomas Thompson,thomas.thompson5354@mail.com,Consumer,Australia,Victoria,2021-06-27,18
5355,Emma Rodriguez,emma.rodriguez5355@mail.com,Corporate,Germany,Hesse,2019-10-26,23
5356,Richard Cole,richard.cole5356@mail.com,Small Business,USA,Ohio,2019-07-14,8
5357,Sophie Evans,sophie.evans5357@mail.com,Small Business,India,Tamil Nadu,2023-11-03,28
5358,Jennifer Miller,jennifer.miller5358@mail.com,Consumer,UK,Wales,2021-09-03,11
5359,Jennifer Williams,jennifer.williams5359@mail.com,Corporate,Canada,Ontario,2023-02-12,13
5360,Sunita Thompson,sunita.thompson5360@mail.com,Corporate,USA,Texas,2021-08-30,2
5361,David Bennett,david.bennett5361@mail.com,Consumer,USA,Ohio,2025-10-10,8
5362,Raj Brown,raj.brown5362@mail.com,Consumer,Germany,Berlin,2021-11-10,22
5363,Jessica Lee,jessica.lee5363@mail.com,Consumer,India,Karnataka,2024-03-27,26
5364,James Smith,james.smith5364@mail.com,Corporate,USA,California,2021-01-01,1
5365,Joseph Brown,joseph.brown5365@mail.com,Consumer,Australia,Queensland,2019-01-29,19
5366,James Garcia,james.garcia5366@mail.com,Consumer,Australia,Western Australia,2021-10-22,20
5367,Priya Jackson,priya.jackson5367@mail.com,Small Business,USA,Washington,2022-03-20,6
5368,Thomas Kapoor,thomas.kapoor5368@mail.com,Consumer,Germany,Hesse,2025-02-06,23
5369,Joseph Bennett,joseph.bennett5369@mail.com,Consumer,Canada,British Columbia,2023-02-06,15
5370,Raj Iyer,raj.iyer5370@mail.com,Consumer,USA,Georgia,2021-08-15,7
5371,Nancy Iyer,,Small Business,USA,Georgia,2023-01-13,7
5372,Sarah Martinez,sarah.martinez5372@mail.com,Consumer,uk,Wales,2023-04-14,11
5373,Nancy Hughes,nancy.hughes5373@mail.com,Small Business,India,Delhi,2020-11-15,27
5374,Nancy Anderson,nancy.anderson5374@mail.com,Consumer,U.K.,Northern Ireland,2025-07-24,12
5375,Amit Patel,amit.patel5375@mail.com,Consumer,Canada,Alberta,2023-12-05,16
5376,Amit Patel,amit.patel5376@mail.com,Corporate,UK,Scotland,2023-08-27,10
5377,Joseph Evans,joseph.evans5377@mail.com,Consumer,USA,Georgia,2021-02-23,7
5378,Barbara Williams,barbara.williams5378@mail.com,Corporate,United States,New York,2020-06-22,3
5379,John Jones,john.jones5379@mail.com,Consumer,USA,Ohio,2020-04-15,8
5380,James Miller,james.miller5380@mail.com,Consumer,Canada,Ontario,2025-08-22,13
5381,Patricia Hughes,patricia.hughes5381@mail.com,Consumer,India,Gujarat,2025-08-20,29
5382,James Kapoor,james.kapoor5382@mail.com,Consumer,USA,California,2023-01-08,1
5383,Michael Bennett,michael.bennett5383@mail.com,Consumer,Australia,Western Australia,2024-05-29,20
5384,James Miller,james.miller5384@mail.com,Corporate,UK,Scotland,2019-10-09,10
5385,Sarah Sharma,sarah.sharma5385@mail.com,Small Business,Germany,North Rhine-Westphalia,2020-05-01,24
5386,John Sharma,john.sharma5386@mail.com,Corporate,U.S.A,Texas,2025-09-30,2
5387,Linda Thomas,linda.thomas5387@mail.com,Small Business,Australia,Victoria,2025-07-19,18
5388,Liam Sharma,liam.sharma5388@mail.com,Consumer,USA,Texas,2019-09-21,2
5389,Sophie Evans,sophie.evans5389@mail.com,Consumer,Germany,North Rhine-Westphalia,2022-06-05,24
5390,Karen Miller,karen.miller5390@mail.com,Corporate,USA,Ohio,2020-01-11,8
5391,Robert Martinez,robert.martinez5391@mail.com,Corporate,Canada,British Columbia,2021-03-19,15
5392,Oliver Moore,oliver.moore5392@mail.com,Consumer,Germany,North Rhine-Westphalia,2023-07-13,24
5393,John Jackson,john.jackson5393@mail.com,Consumer,USA,Illinois,2024-07-23,5
5394,Jessica Smith,jessica.smith5394@mail.com,Consumer,UK,England,2024-05-28,9
5395,Patricia Garcia,patricia.garcia5395@mail.com,Consumer,USA,Florida,2020-04-30,4
5396,Noah Jones,noah.jones5396@mail.com,Corporate,USA,Georgia,2024-11-07,7
5397,Sunita Kapoor,sunita.kapoor5397@mail.com,Consumer,India,Uttar Pradesh,2021-03-28,30
5398,Thomas Jackson,thomas.jackson5398@mail.com,Consumer,UK,England,2020-06-12,9
5399,Sarah Smith,sarah.smith5399@mail.com,Small Business,Australia,Victoria,2024-04-18,18
5400,Sophie Moore,sophie.moore5400@mail.com,Consumer,USA,California,2022-03-05,1
5401,Daniel Davis,daniel.davis5401@mail.com,Corporate,Australia,Queensland,2021-04-23,19
5402,Michael Martinez,michael.martinez5402@mail.com,Corporate,USA,California,2019-05-06,1
5403,Daniel Hughes,daniel.hughes5403@mail.com,Corporate,Australia,Victoria,2020-01-17,18
5404,Liam Taylor,liam.taylor5404@mail.com,Small Business,CANADA,Quebec,2021-06-07,14
5405,Mary Wilson,mary.wilson5405@mail.com,Consumer,USA,Georgia,2024-10-03,7
5406,James Brown,james.brown5406@mail.com,Consumer,India,Gujarat,2021-09-18,29
5407,Priya Bennett,priya.bennett5407@mail.com,Consumer,Canada,Quebec,2020-12-13,14
5408,Amit Thomas,amit.thomas5408@mail.com,Small Business,USA,Texas,2024-02-21,2
5409,Jessica Bennett,jessica.bennett5409@mail.com,Consumer,India,Gujarat,2023-11-22,29
5410,Sarah Iyer,sarah.iyer5410@mail.com,Consumer,Australia,New South Wales,2025-03-02,17
5411,Daniel Thompson,daniel.thompson5411@mail.com,Consumer,India,Maharashtra,2022-12-06,25
5412,Sunita Lee,sunita.lee5412@mail.com,Consumer,India,Uttar Pradesh,2022-05-08,30
5413,Barbara Johnson,barbara.johnson5413@mail.com,Consumer,USA,New York,2020-05-29,3
5414,Sarah Taylor,sarah.taylor5414@mail.com,Corporate,Germany,Berlin,2022-02-02,22
5415,Sarah Martin,,Small Business,Canada,Quebec,2020-10-14,14
5416,Daniel Iyer,daniel.iyer5416@mail.com,Corporate,Australia,New South Wales,2025-06-09,17
5417,Nancy Cole,nancy.cole5417@mail.com,Corporate,Canada,Ontario,2024-12-18,13
5418,Raj Murphy,raj.murphy5418@mail.com,Small Business,USA,Washington,2021-06-19,6
5419,Liam Bennett,,Corporate,Australia,Queensland,2020-01-26,19
5420,Sarah Davis,sarah.davis5420@mail.com,Consumer,Germany,North Rhine-Westphalia,2020-07-30,24
5421,Amit Johnson,amit.johnson5421@mail.com,Corporate,AUS,Victoria,2022-08-13,18
5422,Charles Smith,charles.smith5422@mail.com,Consumer,USA,New York,2020-11-02,3
5423,Jessica Perez,jessica.perez5423@mail.com,Small Business,UK,Scotland,2019-06-29,10
5424,Richard Lee,richard.lee5424@mail.com,Consumer,UK,Northern Ireland,2020-06-27,12
5425,Robert Rodriguez,robert.rodriguez5425@mail.com,Small Business,Canada,Alberta,2025-09-14,16
5426,Noah Sharma,noah.sharma5426@mail.com,Corporate,India,Maharashtra,2025-01-09,25
5427,Jessica Murphy,jessica.murphy5427@mail.com,Consumer,USA,Ohio,2025-08-27,8
5428,Sarah Brown,sarah.brown5428@mail.com,Consumer,UK,Northern Ireland,2019-09-10,12
5429,Sarah Thompson,sarah.thompson5429@mail.com,Consumer,Canada,Alberta,2022-12-03,16
5430,Priya Anderson,priya.anderson5430@mail.com,Corporate,India,Maharashtra,2021-07-05,25
5431,Thomas Kapoor,thomas.kapoor5431@mail.com,Small Business,U.S.A,Georgia,2021-12-22,7
5432,Jessica Smith,jessica.smith5432@mail.com,Consumer,Germany,Berlin,2022-03-10,22
5433,Jennifer Martinez,jennifer.martinez5433@mail.com,Corporate,Germany,North Rhine-Westphalia,2024-09-11,24
5434,Sunita Miller,sunita.miller5434@mail.com,Consumer,USA,California,2023-01-24,1
5435,Sarah Anderson,,Consumer,Australia,Western Australia,2023-06-03,20
5436,Thomas Davis,thomas.davis5436@mail.com,Small Business,India,Tamil Nadu,2019-05-03,28
5437,Charles Davis,charles.davis5437@mail.com,Small Business,usa,Illinois,2022-11-06,5
5438,Daniel Cole,daniel.cole5438@mail.com,Consumer,India,Uttar Pradesh,2025-07-15,30
5439,Raj Wilson,raj.wilson5439@mail.com,Consumer,India,Delhi,2021-04-09,27
5440,Chloe Thompson,chloe.thompson5440@mail.com,Consumer,India,Delhi,2020-09-03,27
5441,Sophie Hughes,sophie.hughes5441@mail.com,Small Business,Canada,Ontario,2023-03-17,13
5442,Amit Patel,amit.patel5442@mail.com,Small Business,India,Gujarat,2020-08-02,29
5443,Thomas Jones,thomas.jones5443@mail.com,Consumer,India,Maharashtra,2019-01-16,25
5444,Noah Martinez,noah.martinez5444@mail.com,Consumer,India,Tamil Nadu,2025-10-31,28
5445,Sunita Kapoor,sunita.kapoor5445@mail.com,Corporate,UK,Scotland,2021-02-09,10
5446,Joseph Thomas,joseph.thomas5446@mail.com,Small Business,Germany,Hesse,2024-05-08,23
5447,Liam Patel,liam.patel5447@mail.com,Consumer,USA,California,2024-08-04,1
5448,Priya Iyer,priya.iyer5448@mail.com,Consumer,Australia,Victoria,2020-01-10,18
5449,Susan Evans,,Consumer,USA,New York,2022-03-17,3
5450,Sarah Evans,sarah.evans5450@mail.com,Consumer,Australia,Queensland,2020-12-23,19
5451,Sophie Garcia,sophie.garcia5451@mail.com,Consumer,UK,Scotland,2024-03-20,10
5452,Nancy Miller,nancy.miller5452@mail.com,Small Business,UK,Wales,2024-04-28,11
5453,Barbara Kapoor,barbara.kapoor5453@mail.com,Consumer,Canada,Alberta,2020-09-04,16
5454,Sunita Williams,sunita.williams5454@mail.com,Consumer,USA,California,2019-12-08,1
5455,Raj Jackson,raj.jackson5455@mail.com,Corporate,Australia,Victoria,2023-02-22,18
5456,John Garcia,john.garcia5456@mail.com,Corporate,Germany,North Rhine-Westphalia,2023-08-28,24
5457,Michael Garcia,michael.garcia5457@mail.com,Consumer,Germany,North Rhine-Westphalia,2021-04-05,24
5458,Nancy Jackson,nancy.jackson5458@mail.com,Corporate,India,Delhi,2021-05-23,27
5459,Patricia Evans,patricia.evans5459@mail.com,Consumer,USA,Ohio,2021-07-24,8
5460,Jessica Jackson,jessica.jackson5460@mail.com,Consumer,USA,Ohio,2019-08-09,8
5461,Barbara Davis,barbara.davis5461@mail.com,Small Business,India,Delhi,2024-11-02,27
5462,Michael Lee,michael.lee5462@mail.com,Consumer,Australia,Victoria,2019-06-11,18
5463,Mary Smith,mary.smith5463@mail.com,Corporate,India,Gujarat,2020-06-12,29
5464,Susan Murphy,susan.murphy5464@mail.com,Consumer,Germany,Berlin,2019-06-10,22
5465,David Anderson,david.anderson5465@mail.com,Consumer,UK,Scotland,2024-06-05,10
5466,Raj Garcia,raj.garcia5466@mail.com,Small Business,USA,Texas,2020-06-01,2
5467,Jennifer Hughes,jennifer.hughes5467@mail.com,Consumer,USA,New York,2019-12-02,3
5468,Sophie Murphy,sophie.murphy5468@mail.com,Consumer,United States,Georgia,2025-10-16,7
5469,Charles Johnson,charles.johnson5469@mail.com,Corporate,USA,Georgia,2022-09-17,7
5470,Emma Williams,emma.williams5470@mail.com,Corporate,USA,California,2024-10-01,1
5471,Richard Thomas,richard.thomas5471@mail.com,Small Business,USA,Ohio,2019-02-11,8
5472,Patricia Thompson,patricia.thompson5472@mail.com,Consumer,USA,Georgia,2023-06-26,7
5473,Linda Brown,linda.brown5473@mail.com,Consumer,India,Delhi,2025-09-22,27
5474,Karen Davis,karen.davis5474@mail.com,Corporate,USA,Illinois,2025-07-19,5
5475,Sarah Rodriguez,sarah.rodriguez5475@mail.com,Consumer,USA,Florida,2024-11-29,4
5476,Richard Evans,richard.evans5476@mail.com,Consumer,India,Karnataka,2025-10-09,26
5477,Susan Clarke,susan.clarke5477@mail.com,Consumer,U.K.,Wales,2022-07-14,11
5478,Mary Clarke,mary.clarke5478@mail.com,Corporate,U.S.A,Washington,2021-12-17,6
5479,Noah Lee,noah.lee5479@mail.com,Consumer,USA,Florida,2025-10-01,4
5480,David Murphy,david.murphy5480@mail.com,Consumer,Australia,Victoria,2023-02-19,18
5481,John Bennett,john.bennett5481@mail.com,Consumer,Germany,North Rhine-Westphalia,2024-10-06,24
5482,Amit Bennett,amit.bennett5482@mail.com,Corporate,USA,Washington,2021-10-07,6
5483,Charles Thompson,charles.thompson5483@mail.com,Consumer,Australia,Western Australia,2023-01-19,20
5484,Raj Brown,,Consumer,Canada,British Columbia,2019-01-04,15
5485,Amit Johnson,amit.johnson5485@mail.com,Corporate,Australia,Victoria,2020-04-17,18
5486,Chloe Moore,chloe.moore5486@mail.com,Consumer,USA,Illinois,2023-06-22,5
5487,Emma Moore,emma.moore5487@mail.com,Consumer,USA,California,2021-02-22,1
5488,Liam Clarke,liam.clarke5488@mail.com,Consumer,Canada,Alberta,2022-12-21,16
5489,Patricia Brown,patricia.brown5489@mail.com,Corporate,Canada,Alberta,2023-12-08,16
5490,Emma Thompson,emma.thompson5490@mail.com,Consumer,India,Uttar Pradesh,2019-08-12,30
5491,Nancy Evans,nancy.evans5491@mail.com,Consumer,USA,New York,2021-12-01,3
5492,Sophie Brown,sophie.brown5492@mail.com,Small Business,AUS,Queensland,2020-06-28,19
5493,Liam Lee,liam.lee5493@mail.com,Consumer,Canada,Quebec,2019-09-10,14
5494,Mary Martin,mary.martin5494@mail.com,Corporate,India,Karnataka,2023-08-27,26
5495,Patricia Garcia,patricia.garcia5495@mail.com,Corporate,USA,Ohio,2024-11-22,8
5496,Priya Brown,priya.brown5496@mail.com,Consumer,UK,England,2019-12-03,9
5497,Sophie Miller,sophie.miller5497@mail.com,Consumer,Australia,Western Australia,2023-07-15,20
5498,Chloe Anderson,,Corporate,Canada,British Columbia,2022-08-20,15
5499,Jennifer Iyer,jennifer.iyer5499@mail.com,Corporate,Canada,Quebec,2023-05-13,14
5500,Barbara Kapoor,barbara.kapoor5500@mail.com,Small Business,Canada,Ontario,2023-01-05,13
5501,Thomas Clarke,thomas.clarke5501@mail.com,Corporate,UK,England,2020-09-13,9
5502,Charles Jackson,charles.jackson5502@mail.com,Corporate,USA,Ohio,2025-03-05,8
5503,Sunita Bennett,sunita.bennett5503@mail.com,Consumer,USA,Ohio,2024-05-01,8
5504,Patricia Jones,patricia.jones5504@mail.com,Corporate,UK,England,2019-05-29,9
5505,Priya Anderson,priya.anderson5505@mail.com,Corporate,USA,Georgia,2019-11-22,7
5506,Richard Hughes,richard.hughes5506@mail.com,Small Business,USA,Florida,2024-07-21,4
5507,John Brown,john.brown5507@mail.com,Consumer,USA,Florida,2019-11-01,4
5508,Sophie Miller,sophie.miller5508@mail.com,Corporate,Australia,Queensland,2021-05-12,19
5509,Thomas Thomas,thomas.thomas5509@mail.com,Consumer,USA,Florida,2022-09-16,4
5510,Oliver Clarke,oliver.clarke5510@mail.com,Consumer,Canada,Alberta,2019-09-10,16
5511,James Davis,james.davis5511@mail.com,Small Business,USA,Ohio,2025-04-06,8
5512,Liam Evans,liam.evans5512@mail.com,Corporate,India,Uttar Pradesh,2024-08-18,30
5513,Sarah Wilson,sarah.wilson5513@mail.com,Consumer,Canada,British Columbia,2020-10-20,15
5514,Barbara Martin,barbara.martin5514@mail.com,Consumer,Germany,Bavaria,2024-03-27,21
5515,Jennifer Williams,jennifer.williams5515@mail.com,Small Business,Germany,Hesse,2023-11-28,23
5516,David Anderson,david.anderson5516@mail.com,Small Business,Canada,British Columbia,2023-05-16,15
5517,Amit Clarke,amit.clarke5517@mail.com,Consumer,Germany,North Rhine-Westphalia,2021-11-30,24
5518,Jessica Anderson,jessica.anderson5518@mail.com,Consumer,Australia,Queensland,2019-03-20,19
5519,Priya Patel,priya.patel5519@mail.com,Corporate,Australia,Victoria,2022-01-01,18
5520,Linda Jones,linda.jones5520@mail.com,Corporate,Germany,Bavaria,2022-10-26,21
5521,Oliver Clarke,oliver.clarke5521@mail.com,Consumer,India,Maharashtra,2022-04-04,25
5522,Charles Thomas,charles.thomas5522@mail.com,Consumer,Canada,Ontario,2021-08-29,13
5523,Emma Davis,emma.davis5523@mail.com,Small Business,U.S.A,Illinois,2022-02-01,5
5524,John Evans,john.evans5524@mail.com,Corporate,Australia,Western Australia,2025-02-16,20
5525,Jessica Thomas,jessica.thomas5525@mail.com,Small Business,usa,Georgia,2025-02-04,7
5526,Chloe Thomas,chloe.thomas5526@mail.com,Consumer,USA,Texas,2019-03-29,2
5527,Noah Moore,noah.moore5527@mail.com,Consumer,USA,California,2020-11-27,1
5528,Sophie Martin,sophie.martin5528@mail.com,Small Business,UK,Northern Ireland,2023-06-12,12
5529,Emma Patel,emma.patel5529@mail.com,Consumer,India,Karnataka,2019-12-05,26
5530,Susan Smith,susan.smith5530@mail.com,Consumer,USA,Florida,2023-04-26,4
5531,Thomas Jones,thomas.jones5531@mail.com,Corporate,India,Maharashtra,2024-11-19,25
5532,Oliver Smith,oliver.smith5532@mail.com,Small Business,Canada,Quebec,2020-05-19,14
5533,Amit Evans,amit.evans5533@mail.com,Consumer,Germany,Berlin,2020-08-23,22
5534,Charles Williams,charles.williams5534@mail.com,Consumer,CANADA,Quebec,2025-04-05,14
5535,Robert Wilson,robert.wilson5535@mail.com,Corporate,India,Delhi,2024-01-20,27
5536,Richard Taylor,richard.taylor5536@mail.com,Consumer,Germany,Hesse,2019-03-14,23
5537,Oliver Garcia,oliver.garcia5537@mail.com,Consumer,Germany,North Rhine-Westphalia,2022-09-06,24
5538,Jessica Johnson,jessica.johnson5538@mail.com,Corporate,UK,Wales,2020-06-22,11
5539,Joseph Clarke,joseph.clarke5539@mail.com,Corporate,United States,New York,2024-07-19,3
5540,Mary Patel,mary.patel5540@mail.com,Consumer,UK,Northern Ireland,2024-02-10,12
5541,Chloe Sharma,,Consumer,Australia,Queensland,2023-08-23,19
5542,John Murphy,john.murphy5542@mail.com,Corporate,Germany,Bavaria,2025-10-15,21
5543,Daniel Johnson,daniel.johnson5543@mail.com,Consumer,UK,Wales,2021-10-24,11
5544,Priya Kapoor,,Consumer,Canada,British Columbia,2020-05-25,15
5545,Emma Patel,emma.patel5545@mail.com,Corporate,Australia,Queensland,2025-04-11,19
5546,Noah Martin,noah.martin5546@mail.com,Consumer,Canada,British Columbia,2020-03-25,15
5547,Barbara Thomas,barbara.thomas5547@mail.com,Consumer,USA,Florida,2022-02-11,4
5548,Joseph Murphy,joseph.murphy5548@mail.com,Consumer,USA,California,2020-08-06,1
5549,Raj Kapoor,raj.kapoor5549@mail.com,Corporate,USA,Georgia,2019-01-20,7
5550,Karen Bennett,karen.bennett5550@mail.com,Consumer,India,Karnataka,2024-06-07,26
5551,Barbara Iyer,barbara.iyer5551@mail.com,Consumer,UK,Scotland,2023-02-17,10
5552,Sunita Wilson,sunita.wilson5552@mail.com,Corporate,UK,Wales,2023-06-26,11
5553,Chloe Anderson,chloe.anderson5553@mail.com,Consumer,United States,Florida,2021-05-16,4
5554,James Hughes,james.hughes5554@mail.com,Small Business,Canada,Ontario,2024-03-11,13
5555,David Murphy,david.murphy5555@mail.com,Consumer,India,Karnataka,2019-09-15,26
5556,Charles Thompson,charles.thompson5556@mail.com,Consumer,USA,New York,2019-08-24,3
5557,Chloe Jones,chloe.jones5557@mail.com,Corporate,USA,Washington,2019-05-10,6
5558,Amit Taylor,amit.taylor5558@mail.com,Consumer,Germany,Berlin,2024-02-26,22
5559,Thomas Sharma,thomas.sharma5559@mail.com,Consumer,Australia,Queensland,2024-03-23,19
5560,Michael Murphy,michael.murphy5560@mail.com,Corporate,Germany,North Rhine-Westphalia,2020-09-06,24
5561,Karen Thompson,karen.thompson5561@mail.com,Corporate,USA,Washington,2024-02-13,6
5562,Emma Thompson,emma.thompson5562@mail.com,Consumer,Australia,New South Wales,2020-06-10,17
5563,Priya Moore,priya.moore5563@mail.com,Consumer,India,Uttar Pradesh,2025-04-22,30
5564,Amit Anderson,amit.anderson5564@mail.com,Corporate,Germany,Hesse,2020-03-08,23
5565,Noah Evans,noah.evans5565@mail.com,Corporate,USA,Florida,2021-12-04,4
5566,Emma Sharma,emma.sharma5566@mail.com,Corporate,USA,Washington,2024-01-10,6
5567,Joseph Clarke,joseph.clarke5567@mail.com,Consumer,India,Uttar Pradesh,2024-07-27,30
5568,Michael Murphy,,Corporate,USA,Illinois,2023-03-18,5
5569,Barbara Williams,barbara.williams5569@mail.com,Consumer,UK,Northern Ireland,2024-09-20,12
5570,Mary Lee,mary.lee5570@mail.com,Small Business,Germany,North Rhine-Westphalia,2019-12-09,24
5571,Richard Taylor,richard.taylor5571@mail.com,Consumer,India,Karnataka,2020-10-09,26
5572,Sunita Iyer,sunita.iyer5572@mail.com,Corporate,India,Gujarat,2023-12-10,29
5573,Sunita Murphy,sunita.murphy5573@mail.com,Consumer,U.S.A,Texas,2025-01-01,2
5574,John Martin,john.martin5574@mail.com,Consumer,USA,Georgia,2024-06-16,7
5575,Karen Martinez,karen.martinez5575@mail.com,Consumer,USA,Texas,2021-03-31,2
5576,Michael Williams,michael.williams5576@mail.com,Consumer,UK,Scotland,2020-02-24,10
5577,Charles Lee,charles.lee5577@mail.com,Corporate,USA,Illinois,2022-10-08,5
5578,Barbara Martin,barbara.martin5578@mail.com,Consumer,India,Karnataka,2019-10-09,26
5579,Richard Clarke,richard.clarke5579@mail.com,Consumer,India,Delhi,2024-02-03,27
5580,Priya Garcia,priya.garcia5580@mail.com,Corporate,Germany,Bavaria,2019-05-27,21
5581,James Smith,james.smith5581@mail.com,Corporate,USA,Ohio,2019-07-31,8
5582,Noah Evans,noah.evans5582@mail.com,Small Business,canada,Alberta,2025-03-17,16
5583,Karen Perez,karen.perez5583@mail.com,Corporate,Australia,Victoria,2025-05-04,18
5584,David Davis,david.davis5584@mail.com,Small Business,USA,Washington,2024-09-02,6
5585,Liam Clarke,liam.clarke5585@mail.com,Corporate,Canada,Quebec,2021-02-04,14
5586,Barbara Iyer,barbara.iyer5586@mail.com,Consumer,USA,New York,2021-03-29,3
5587,Jessica Martin,jessica.martin5587@mail.com,Corporate,Germany,Bavaria,2020-03-07,21
5588,Patricia Iyer,patricia.iyer5588@mail.com,Consumer,USA,California,2022-03-16,1
5589,Mary Hughes,mary.hughes5589@mail.com,Consumer,germany,Berlin,2023-01-11,22
5590,Susan Rodriguez,susan.rodriguez5590@mail.com,Small Business,Germany,Hesse,2024-02-14,23
5591,Priya Martin,priya.martin5591@mail.com,Corporate,UK,Wales,2022-12-27,11
5592,Susan Brown,susan.brown5592@mail.com,Consumer,USA,Ohio,2020-04-11,8
5593,Mary Clarke,mary.clarke5593@mail.com,Small Business,USA,New York,2020-09-13,3
5594,Priya Brown,priya.brown5594@mail.com,Consumer,Canada,Quebec,2024-02-19,14
5595,Thomas Martinez,thomas.martinez5595@mail.com,Consumer,India,Gujarat,2021-07-18,29
5596,Daniel Iyer,daniel.iyer5596@mail.com,Consumer,USA,Illinois,2019-12-09,5
5597,James Moore,james.moore5597@mail.com,Consumer,uk,Northern Ireland,2019-05-17,12
5598,Richard Davis,richard.davis5598@mail.com,Corporate,USA,Ohio,2024-09-23,8
5599,Emma Iyer,emma.iyer5599@mail.com,Consumer,Australia,Queensland,2024-12-26,19
5600,Daniel Perez,daniel.perez5600@mail.com,Consumer,UK,Wales,2021-03-24,11
5601,Amit Murphy,amit.murphy5601@mail.com,Consumer,Canada,Ontario,2023-04-01,13
5602,Priya Patel,priya.patel5602@mail.com,Consumer,India,Uttar Pradesh,2023-03-14,30
5603,Karen Bennett,karen.bennett5603@mail.com,Corporate,United States,Washington,2022-09-26,6
5604,Nancy Davis,nancy.davis5604@mail.com,Corporate,UK,Northern Ireland,2025-05-27,12
5605,Susan Martinez,susan.martinez5605@mail.com,Consumer,Canada,British Columbia,2021-06-16,15
5606,Barbara Patel,barbara.patel5606@mail.com,Corporate,India,Maharashtra,2023-03-09,25
5607,Emma Hughes,emma.hughes5607@mail.com,Consumer,India,Delhi,2021-07-29,27
5608,Amit Perez,amit.perez5608@mail.com,Consumer,Australia,Victoria,2021-11-14,18
5609,Raj Jones,,Consumer,Canada,Quebec,2025-04-30,14
5610,Amit Taylor,amit.taylor5610@mail.com,Corporate,Canada,Quebec,2022-04-18,14
5611,Charles Iyer,charles.iyer5611@mail.com,Corporate,India,Gujarat,2025-02-21,29
5612,Linda Brown,linda.brown5612@mail.com,Consumer,Australia,New South Wales,2020-09-17,17
5613,Richard Martin,richard.martin5613@mail.com,Consumer,Canada,Ontario,2024-06-20,13
5614,Daniel Miller,,Consumer,India,Tamil Nadu,2025-09-26,28
5615,Liam Clarke,liam.clarke5615@mail.com,Consumer,USA,Georgia,2021-06-17,7
5616,Susan Moore,susan.moore5616@mail.com,Consumer,Canada,British Columbia,2020-03-11,15
5617,Patricia Jones,patricia.jones5617@mail.com,Corporate,UK,Scotland,2025-07-16,10
5618,Amit Thomas,amit.thomas5618@mail.com,Consumer,Canada,Alberta,2025-07-09,16
5619,Liam Thomas,liam.thomas5619@mail.com,Small Business,USA,Illinois,2022-04-17,5
5620,Robert Williams,robert.williams5620@mail.com,Corporate,India,Maharashtra,2021-12-23,25
5621,Mary Thomas,mary.thomas5621@mail.com,Corporate,Canada,Ontario,2019-05-26,13
5622,Noah Jones,noah.jones5622@mail.com,Corporate,Australia,New South Wales,2019-05-13,17
5623,Sarah Miller,sarah.miller5623@mail.com,Small Business,India,Gujarat,2024-08-24,29
5624,Thomas Williams,thomas.williams5624@mail.com,Consumer,India,Gujarat,2021-03-20,29
5625,Susan Patel,susan.patel5625@mail.com,Consumer,Canada,Quebec,2023-01-31,14
5626,Charles Taylor,charles.taylor5626@mail.com,Consumer,UK,England,2023-01-21,9
5627,Daniel Lee,daniel.lee5627@mail.com,Consumer,India,Gujarat,2019-05-19,29
5628,Charles Clarke,charles.clarke5628@mail.com,Consumer,CANADA,Ontario,2019-09-10,13
5629,Joseph Bennett,joseph.bennett5629@mail.com,Corporate,USA,Georgia,2025-07-31,7
5630,David Perez,david.perez5630@mail.com,Consumer,UK,England,2022-07-05,9
5631,Sarah Sharma,sarah.sharma5631@mail.com,Consumer,India,Gujarat,2022-10-09,29
5632,Jessica Moore,jessica.moore5632@mail.com,Consumer,USA,Texas,2023-03-09,2
5633,Amit Cole,amit.cole5633@mail.com,Small Business,Germany,Berlin,2020-05-04,22
5634,Sarah Iyer,sarah.iyer5634@mail.com,Corporate,India,Uttar Pradesh,2019-02-28,30
5635,Jessica Hughes,jessica.hughes5635@mail.com,Consumer,India,Gujarat,2019-10-04,29
5636,Jennifer Jones,jennifer.jones5636@mail.com,Consumer,Canada,Quebec,2020-03-09,14
5637,Charles Jones,charles.jones5637@mail.com,Consumer,UK,Scotland,2021-11-09,10
5638,Sarah Kapoor,sarah.kapoor5638@mail.com,Consumer,India,Uttar Pradesh,2023-06-30,30
5639,Thomas Jones,thomas.jones5639@mail.com,Small Business,UK,Wales,2021-09-28,11
5640,Amit Martin,amit.martin5640@mail.com,Consumer,USA,Georgia,2020-11-07,7
5641,Sophie Martin,sophie.martin5641@mail.com,Small Business,India,Karnataka,2022-11-30,26
5642,Patricia Kapoor,patricia.kapoor5642@mail.com,Consumer,UK,England,2020-01-10,9
5643,Michael Moore,michael.moore5643@mail.com,Consumer,USA,Texas,2020-11-27,2
5644,Sarah Johnson,sarah.johnson5644@mail.com,Small Business,Germany,Berlin,2025-01-19,22
5645,Sunita Garcia,sunita.garcia5645@mail.com,Consumer,Australia,Queensland,2022-07-15,19
5646,Karen Anderson,karen.anderson5646@mail.com,Consumer,AUS,Western Australia,2021-10-23,20
5647,Chloe Brown,chloe.brown5647@mail.com,Small Business,India,Delhi,2022-08-11,27
5648,Nancy Bennett,,Consumer,USA,Illinois,2020-06-03,5
5649,Jessica Brown,jessica.brown5649@mail.com,Small Business,USA,Washington,2023-04-11,6
5650,Patricia Anderson,patricia.anderson5650@mail.com,Consumer,India,Gujarat,2020-06-27,29
5651,Daniel Martinez,daniel.martinez5651@mail.com,Consumer,India,Delhi,2025-07-27,27
5652,Mary Martin,mary.martin5652@mail.com,Consumer,India,Uttar Pradesh,2021-09-28,30
5653,John Brown,john.brown5653@mail.com,Consumer,India,Gujarat,2024-05-01,29
5654,Susan Martinez,susan.martinez5654@mail.com,Consumer,USA,Washington,2020-03-22,6
5655,Susan Martinez,susan.martinez5655@mail.com,Corporate,india,Uttar Pradesh,2023-07-22,30
5656,Barbara Jackson,barbara.jackson5656@mail.com,Corporate,USA,Florida,2025-01-13,4
5657,James Evans,james.evans5657@mail.com,Consumer,Australia,New South Wales,2019-07-08,17
5658,John Jones,john.jones5658@mail.com,Small Business,Australia,Victoria,2021-12-23,18
5659,Emma Perez,emma.perez5659@mail.com,Corporate,Canada,British Columbia,2023-07-24,15
5660,Jessica Johnson,jessica.johnson5660@mail.com,Consumer,Germany,Hesse,2020-05-28,23
5661,Chloe Murphy,chloe.murphy5661@mail.com,Corporate,India,Gujarat,2024-07-02,29
5662,Barbara Murphy,barbara.murphy5662@mail.com,Corporate,Canada,Quebec,2022-05-06,14
5663,Barbara Miller,barbara.miller5663@mail.com,Consumer,Germany,North Rhine-Westphalia,2019-07-29,24
5664,Jennifer Hughes,jennifer.hughes5664@mail.com,Consumer,USA,Ohio,2021-02-16,8
5665,Sunita Jackson,sunita.jackson5665@mail.com,Small Business,Germany,Berlin,2024-05-13,22
5666,James Brown,james.brown5666@mail.com,Corporate,U.S.A,New York,2022-07-18,3
5667,Karen Anderson,karen.anderson5667@mail.com,Consumer,USA,Washington,2025-09-12,6
5668,Robert Bennett,robert.bennett5668@mail.com,Consumer,Germany,Bavaria,2019-09-25,21
5669,Mary Thomas,mary.thomas5669@mail.com,Consumer,Australia,Western Australia,2024-12-24,20
5670,Sarah Perez,,Small Business,CANADA,Quebec,2019-01-28,14
5671,Barbara Perez,barbara.perez5671@mail.com,Small Business,Australia,Western Australia,2020-11-09,20
5672,Thomas Murphy,thomas.murphy5672@mail.com,Consumer,Canada,Quebec,2024-10-20,14
5673,Richard Evans,richard.evans5673@mail.com,Small Business,Germany,Hesse,2023-01-30,23
5674,Joseph Jackson,joseph.jackson5674@mail.com,Corporate,Australia,New South Wales,2024-07-25,17
5675,Liam Iyer,liam.iyer5675@mail.com,Corporate,Canada,Quebec,2025-02-03,14
5676,Liam Thompson,liam.thompson5676@mail.com,Corporate,Canada,Quebec,2025-08-16,14
5677,John Clarke,john.clarke5677@mail.com,Small Business,USA,California,2019-10-19,1
5678,John Martin,john.martin5678@mail.com,Small Business,Australia,Victoria,2022-06-03,18
5679,Priya Moore,priya.moore5679@mail.com,Consumer,USA,Illinois,2023-03-13,5
5680,Oliver Moore,oliver.moore5680@mail.com,Consumer,India,Maharashtra,2022-06-20,25
5681,Raj Moore,raj.moore5681@mail.com,Small Business,India,Delhi,2020-06-17,27
5682,John Bennett,john.bennett5682@mail.com,Consumer,Canada,Quebec,2025-06-06,14
5683,Sunita Wilson,sunita.wilson5683@mail.com,Consumer,India,Karnataka,2021-06-14,26
5684,Robert Evans,robert.evans5684@mail.com,Consumer,UK,Northern Ireland,2022-07-22,12
5685,Nancy Patel,nancy.patel5685@mail.com,Corporate,USA,Georgia,2024-06-24,7
5686,Nancy Thomas,nancy.thomas5686@mail.com,Consumer,Australia,Victoria,2024-08-05,18
5687,Joseph Davis,joseph.davis5687@mail.com,Consumer,Germany,Hesse,2021-04-26,23
5688,Noah Taylor,noah.taylor5688@mail.com,Corporate,India,Gujarat,2023-11-30,29
5689,Richard Lee,,Corporate,India,Karnataka,2019-05-22,26
5690,Mary Patel,mary.patel5690@mail.com,Consumer,USA,Florida,2020-12-14,4
5691,Noah Moore,noah.moore5691@mail.com,Consumer,USA,New York,2023-08-11,3
5692,Sunita Rodriguez,sunita.rodriguez5692@mail.com,Consumer,Germany,Hesse,2024-03-04,23
5693,Priya Williams,priya.williams5693@mail.com,Consumer,Germany,Hesse,2021-02-14,23
5694,Sophie Garcia,sophie.garcia5694@mail.com,Consumer,USA,Washington,2020-06-23,6
5695,Amit Smith,amit.smith5695@mail.com,Small Business,USA,Ohio,2019-08-02,8
5696,Daniel Sharma,daniel.sharma5696@mail.com,Consumer,Canada,Alberta,2024-10-24,16
5697,Emma Clarke,emma.clarke5697@mail.com,Corporate,USA,Florida,2020-12-31,4
5698,Amit Martinez,amit.martinez5698@mail.com,Consumer,Australia,New South Wales,2023-11-02,17
5699,Karen Sharma,karen.sharma5699@mail.com,Small Business,U.K.,Northern Ireland,2025-02-10,12
5700,Patricia Sharma,patricia.sharma5700@mail.com,Consumer,USA,Washington,2025-10-31,6
5701,Karen Williams,karen.williams5701@mail.com,Consumer,USA,New York,2019-03-11,3
5702,Michael Thompson,michael.thompson5702@mail.com,Small Business,Germany,North Rhine-Westphalia,2020-05-13,24
5703,Karen Perez,karen.perez5703@mail.com,Consumer,Canada,Quebec,2020-08-15,14
5704,Oliver Johnson,oliver.johnson5704@mail.com,Consumer,India,Gujarat,2024-01-01,29
5705,Daniel Martin,daniel.martin5705@mail.com,Corporate,United Kingdom,Wales,2020-08-17,11
5706,Michael Clarke,,Consumer,India,Maharashtra,2025-05-04,25
5707,Sarah Martin,sarah.martin5707@mail.com,Small Business,UK,England,2021-03-18,9
5708,Noah Smith,noah.smith5708@mail.com,Small Business,India,Karnataka,2023-11-07,26
5709,Patricia Patel,patricia.patel5709@mail.com,Consumer,India,Tamil Nadu,2019-03-29,28
5710,Chloe Lee,chloe.lee5710@mail.com,Consumer,Germany,Berlin,2023-12-25,22
5711,Jennifer Smith,jennifer.smith5711@mail.com,Consumer,Germany,North Rhine-Westphalia,2022-07-02,24
5712,David Evans,david.evans5712@mail.com,Consumer,Canada,Quebec,2025-04-21,14
5713,Michael Davis,michael.davis5713@mail.com,Consumer,India,Delhi,2025-03-20,27
5714,Liam Kapoor,liam.kapoor5714@mail.com,Small Business,Australia,Victoria,2019-01-16,18
5715,Liam Murphy,liam.murphy5715@mail.com,Consumer,Germany,North Rhine-Westphalia,2019-03-03,24
5716,Daniel Moore,daniel.moore5716@mail.com,Small Business,Germany,Bavaria,2022-07-20,21
5717,Robert Evans,robert.evans5717@mail.com,Consumer,Canada,Quebec,2019-10-03,14
5718,Karen Thompson,karen.thompson5718@mail.com,Consumer,Canada,Ontario,2025-06-08,13
5719,Richard Taylor,richard.taylor5719@mail.com,Corporate,USA,Ohio,2024-12-09,8
5720,Daniel Johnson,daniel.johnson5720@mail.com,Consumer,USA,Washington,2019-04-19,6
5721,Sarah Bennett,sarah.bennett5721@mail.com,Small Business,germany,North Rhine-Westphalia,2019-02-12,24
5722,Chloe Smith,chloe.smith5722@mail.com,Small Business,Canada,Alberta,2021-07-10,16
5723,Richard Thomas,richard.thomas5723@mail.com,Consumer,India,Maharashtra,2023-09-19,25
5724,Jennifer Thomas,jennifer.thomas5724@mail.com,Small Business,Germany,Berlin,2025-08-11,22
5725,James Bennett,,Consumer,USA,Ohio,2020-03-29,8
5726,Charles Wilson,charles.wilson5726@mail.com,Corporate,UK,Northern Ireland,2023-05-13,12
5727,Joseph Rodriguez,joseph.rodriguez5727@mail.com,Corporate,USA,California,2020-03-28,1
5728,Robert Brown,robert.brown5728@mail.com,Small Business,Australia,Queensland,2023-05-16,19
5729,Patricia Lee,patricia.lee5729@mail.com,Small Business,USA,Illinois,2022-09-12,5
5730,Jennifer Martinez,jennifer.martinez5730@mail.com,Consumer,Canada,British Columbia,2025-09-08,15
5731,John Garcia,john.garcia5731@mail.com,Corporate,India,Tamil Nadu,2024-12-07,28
5732,David Clarke,david.clarke5732@mail.com,Small Business,usa,Washington,2023-08-16,6
5733,Robert Jones,robert.jones5733@mail.com,Consumer,Canada,Alberta,2019-01-09,16
5734,Barbara Thomas,barbara.thomas5734@mail.com,Consumer,India,Karnataka,2020-05-17,26
5735,Raj Garcia,raj.garcia5735@mail.com,Consumer,Canada,British Columbia,2020-09-28,15
5736,Mary Thompson,mary.thompson5736@mail.com,Consumer,Canada,Ontario,2021-06-19,13
5737,Richard Garcia,richard.garcia5737@mail.com,Consumer,India,Uttar Pradesh,2019-09-05,30
5738,James Kapoor,james.kapoor5738@mail.com,Consumer,Australia,Queensland,2023-08-12,19
5739,Mary Martinez,mary.martinez5739@mail.com,Consumer,Germany,Bavaria,2022-01-15,21
5740,Joseph Brown,joseph.brown5740@mail.com,Corporate,Australia,Western Australia,2024-08-31,20
5741,Richard Jones,richard.jones5741@mail.com,Consumer,India,Delhi,2023-05-22,27
5742,Jessica Murphy,jessica.murphy5742@mail.com,Small Business,Australia,Victoria,2024-09-30,18
5743,Richard Rodriguez,richard.rodriguez5743@mail.com,Consumer,UK,England,2023-05-31,9
5744,Joseph Hughes,joseph.hughes5744@mail.com,Consumer,Canada,British Columbia,2022-11-02,15
5745,Noah Brown,noah.brown5745@mail.com,Small Business,USA,Texas,2022-07-19,2
5746,Mary Miller,mary.miller5746@mail.com,Small Business,Australia,Victoria,2021-10-15,18
5747,Linda Clarke,linda.clarke5747@mail.com,Small Business,UK,England,2022-12-19,9
5748,Nancy Perez,nancy.perez5748@mail.com,Consumer,Canada,Ontario,2023-01-06,13
5749,Linda Jackson,linda.jackson5749@mail.com,Consumer,UK,Wales,2019-03-23,11
5750,Charles Clarke,charles.clarke5750@mail.com,Small Business,UK,Northern Ireland,2020-11-20,12
5751,Charles Taylor,charles.taylor5751@mail.com,Corporate,USA,New York,2020-12-21,3
5752,Patricia Rodriguez,patricia.rodriguez5752@mail.com,Consumer,India,Uttar Pradesh,2025-08-31,30
5753,Mary Wilson,mary.wilson5753@mail.com,Consumer,Canada,British Columbia,2023-02-12,15
5754,Thomas Lee,thomas.lee5754@mail.com,Corporate,USA,California,2022-11-02,1
5755,Jessica Williams,jessica.williams5755@mail.com,Small Business,India,Gujarat,2023-08-14,29
5756,Sarah Smith,sarah.smith5756@mail.com,Consumer,USA,Florida,2024-11-25,4
5757,Jessica Sharma,jessica.sharma5757@mail.com,Consumer,USA,Texas,2022-09-22,2
5758,Linda Cole,,Small Business,Australia,Queensland,2023-04-13,19
5759,Noah Smith,noah.smith5759@mail.com,Small Business,India,Uttar Pradesh,2023-06-22,30
5760,David Lee,david.lee5760@mail.com,Small Business,Germany,North Rhine-Westphalia,2025-06-19,24
5761,Daniel Patel,,Consumer,Canada,Ontario,2020-02-29,13
5762,Patricia Davis,patricia.davis5762@mail.com,Consumer,Canada,Alberta,2023-10-21,16
5763,Oliver Lee,oliver.lee5763@mail.com,Consumer,Germany,Bavaria,2019-01-11,21
5764,Priya Evans,priya.evans5764@mail.com,Consumer,Australia,Queensland,2025-08-19,19
5765,John Martinez,john.martinez5765@mail.com,Corporate,UK,Northern Ireland,2021-09-30,12
5766,Daniel Thomas,daniel.thomas5766@mail.com,Consumer,USA,Florida,2021-06-09,4
5767,Thomas Williams,thomas.williams5767@mail.com,Consumer,Canada,Quebec,2019-09-23,14
5768,Sophie Sharma,sophie.sharma5768@mail.com,Small Business,UK,Scotland,2025-10-30,10
5769,Charles Miller,charles.miller5769@mail.com,Consumer,USA,California,2019-05-17,1
5770,Emma Jones,emma.jones5770@mail.com,Consumer,Australia,Queensland,2022-02-28,19
5771,Susan Lee,susan.lee5771@mail.com,Consumer,Germany,Berlin,2021-01-23,22
5772,Jennifer Evans,jennifer.evans5772@mail.com,Consumer,Germany,North Rhine-Westphalia,2024-04-19,24
5773,Linda Lee,linda.lee5773@mail.com,Corporate,Australia,New South Wales,2023-05-07,17
5774,Jessica Cole,jessica.cole5774@mail.com,Consumer,UK,Northern Ireland,2025-03-22,12
5775,Karen Moore,karen.moore5775@mail.com,Small Business,USA,Washington,2020-03-10,6
5776,Mary Smith,mary.smith5776@mail.com,Consumer,CANADA,Ontario,2022-08-07,13
5777,Liam Moore,liam.moore5777@mail.com,Consumer,UK,Wales,2021-12-27,11
5778,Liam Thompson,liam.thompson5778@mail.com,Corporate,USA,Illinois,2022-07-29,5
5779,Barbara Sharma,barbara.sharma5779@mail.com,Consumer,india,Delhi,2022-09-18,27
5780,Jennifer Smith,jennifer.smith5780@mail.com,Small Business,UK,Northern Ireland,2020-05-30,12
5781,Mary Cole,mary.cole5781@mail.com,Corporate,UK,Northern Ireland,2019-04-19,12
5782,Chloe Jackson,chloe.jackson5782@mail.com,Consumer,UK,England,2022-10-11,9
5783,David Thompson,david.thompson5783@mail.com,Consumer,Canada,Ontario,2019-02-25,13
5784,David Hughes,david.hughes5784@mail.com,Consumer,India,Tamil Nadu,2022-11-13,28
5785,Raj Taylor,raj.taylor5785@mail.com,Corporate,Germany,Hesse,2020-05-21,23
5786,Susan Hughes,susan.hughes5786@mail.com,Corporate,India,Delhi,2020-04-01,27
5787,Priya Miller,priya.miller5787@mail.com,Corporate,U.K.,Northern Ireland,2021-10-26,12
5788,Daniel Hughes,daniel.hughes5788@mail.com,Corporate,AUS,Victoria,2025-10-23,18
5789,Charles Martinez,charles.martinez5789@mail.com,Small Business,India,Tamil Nadu,2019-01-11,28
5790,Mary Garcia,mary.garcia5790@mail.com,Small Business,India,Gujarat,2019-06-16,29
5791,Sunita Lee,sunita.lee5791@mail.com,Small Business,USA,Illinois,2020-12-05,5
5792,Daniel Williams,daniel.williams5792@mail.com,Consumer,Germany,Hesse,2019-08-18,23
5793,Barbara Williams,barbara.williams5793@mail.com,Consumer,India,Uttar Pradesh,2023-12-22,30
5794,Joseph Kapoor,joseph.kapoor5794@mail.com,Small Business,UK,Scotland,2023-03-07,10
5795,Patricia Hughes,patricia.hughes5795@mail.com,Corporate,UK,Scotland,2024-03-19,10
5796,John Iyer,john.iyer5796@mail.com,Consumer,Germany,Hesse,2019-04-24,23
5797,Karen Rodriguez,karen.rodriguez5797@mail.com,Consumer,India,Maharashtra,2021-05-26,25
5798,Noah Thomas,noah.thomas5798@mail.com,Consumer,Germany,Berlin,2019-06-05,22
5799,Michael Thompson,michael.thompson5799@mail.com,Consumer,India,Delhi,2019-11-08,27
5800,Charles Evans,charles.evans5800@mail.com,Small Business,USA,Washington,2019-12-17,6
5801,Richard Murphy,richard.murphy5801@mail.com,Consumer,USA,Washington,2023-01-22,6
5802,Raj Wilson,raj.wilson5802@mail.com,Consumer,India,Uttar Pradesh,2019-09-05,30
5803,Priya Rodriguez,priya.rodriguez5803@mail.com,Consumer,USA,Ohio,2019-05-09,8
5804,Oliver Kapoor,oliver.kapoor5804@mail.com,Consumer,India,Tamil Nadu,2020-04-16,28
5805,Thomas Rodriguez,thomas.rodriguez5805@mail.com,Corporate,Germany,Hesse,2023-09-29,23
5806,Linda Patel,linda.patel5806@mail.com,Consumer,Canada,Quebec,2021-12-21,14
5807,Richard Wilson,richard.wilson5807@mail.com,Consumer,Australia,New South Wales,2024-10-05,17
5808,Michael Moore,michael.moore5808@mail.com,Consumer,UK,Northern Ireland,2024-01-10,12
5809,Nancy Wilson,nancy.wilson5809@mail.com,Corporate,Australia,Queensland,2021-11-14,19
5810,James Cole,james.cole5810@mail.com,Consumer,Germany,Berlin,2022-03-22,22
5811,Amit Jones,amit.jones5811@mail.com,Consumer,India,Uttar Pradesh,2019-04-25,30
5812,Priya Cole,priya.cole5812@mail.com,Consumer,India,Tamil Nadu,2020-04-12,28
5813,James Thompson,james.thompson5813@mail.com,Consumer,USA,Ohio,2024-10-23,8
5814,Sarah Smith,sarah.smith5814@mail.com,Consumer,USA,Ohio,2025-05-26,8
5815,Noah Smith,noah.smith5815@mail.com,Small Business,India,Karnataka,2025-07-25,26
5816,Raj Garcia,raj.garcia5816@mail.com,Small Business,USA,Illinois,2021-06-28,5
5817,Jessica Lee,jessica.lee5817@mail.com,Consumer,USA,Texas,2022-11-23,2
5818,Noah Kapoor,noah.kapoor5818@mail.com,Corporate,India,Delhi,2024-10-25,27
5819,Amit Jackson,amit.jackson5819@mail.com,Small Business,Australia,New South Wales,2022-06-24,17
5820,Oliver Taylor,oliver.taylor5820@mail.com,Consumer,India,Gujarat,2020-04-09,29
5821,Karen Williams,karen.williams5821@mail.com,Consumer,UK,Scotland,2022-06-26,10
5822,Emma Murphy,emma.murphy5822@mail.com,Corporate,Australia,Queensland,2024-08-24,19
5823,Priya Sharma,priya.sharma5823@mail.com,Consumer,USA,California,2025-04-10,1
5824,Robert Lee,robert.lee5824@mail.com,Corporate,Germany,Hesse,2024-10-01,23
5825,James Murphy,james.murphy5825@mail.com,Consumer,Canada,Alberta,2024-11-08,16
5826,Liam Hughes,liam.hughes5826@mail.com,Corporate,U.S.A,Texas,2020-03-01,2
5827,Raj Moore,raj.moore5827@mail.com,Consumer,Germany,Berlin,2025-05-05,22
5828,Raj Brown,raj.brown5828@mail.com,Consumer,India,Gujarat,2022-03-02,29
5829,Susan Hughes,susan.hughes5829@mail.com,Consumer,U.S.A,California,2023-07-21,1
5830,Joseph Hughes,joseph.hughes5830@mail.com,Small Business,UK,England,2021-06-19,9
5831,Nancy Anderson,nancy.anderson5831@mail.com,Consumer,canada,Ontario,2025-09-20,13
5832,Joseph Garcia,joseph.garcia5832@mail.com,Corporate,India,Uttar Pradesh,2025-02-21,30
5833,Liam Clarke,liam.clarke5833@mail.com,Consumer,USA,Georgia,2020-08-08,7
5834,Emma Kapoor,emma.kapoor5834@mail.com,Consumer,Germany,Bavaria,2023-11-26,21
5835,James Brown,james.brown5835@mail.com,Consumer,USA,Georgia,2020-11-07,7
5836,Thomas Anderson,thomas.anderson5836@mail.com,Consumer,UK,Wales,2021-12-16,11
5837,Chloe Miller,chloe.miller5837@mail.com,Small Business,Australia,Western Australia,2019-03-03,20
5838,Thomas Smith,thomas.smith5838@mail.com,Corporate,USA,Ohio,2025-05-20,8
5839,Linda Iyer,linda.iyer5839@mail.com,Consumer,India,Tamil Nadu,2023-10-01,28
5840,James Clarke,james.clarke5840@mail.com,Small Business,USA,Illinois,2025-08-02,5
5841,David Patel,david.patel5841@mail.com,Consumer,UK,England,2019-09-08,9
5842,Chloe Kapoor,chloe.kapoor5842@mail.com,Consumer,USA,New York,2023-10-22,3
5843,Susan Miller,susan.miller5843@mail.com,Corporate,UK,Wales,2023-08-13,11
5844,Robert Hughes,robert.hughes5844@mail.com,Consumer,Germany,North Rhine-Westphalia,2020-02-29,24
5845,Nancy Sharma,nancy.sharma5845@mail.com,Corporate,Canada,Ontario,2022-04-24,13
5846,Barbara Evans,barbara.evans5846@mail.com,Corporate,USA,Georgia,2022-01-08,7
5847,Amit Davis,amit.davis5847@mail.com,Consumer,USA,Washington,2021-01-03,6
5848,Linda Jackson,linda.jackson5848@mail.com,Consumer,UK,Scotland,2020-10-26,10
5849,Susan Johnson,susan.johnson5849@mail.com,Consumer,Germany,North Rhine-Westphalia,2021-05-17,24
5850,David Jackson,david.jackson5850@mail.com,Consumer,UK,England,2020-04-11,9
5851,Noah Kapoor,noah.kapoor5851@mail.com,Corporate,USA,Illinois,2021-03-24,5
5852,Amit Thompson,amit.thompson5852@mail.com,Corporate,India,Uttar Pradesh,2023-11-28,30
5853,Michael Smith,michael.smith5853@mail.com,Corporate,India,Delhi,2025-07-24,27
5854,Michael Hughes,michael.hughes5854@mail.com,Consumer,India,Gujarat,2024-01-21,29
5855,Priya Taylor,priya.taylor5855@mail.com,Small Business,Germany,Hesse,2024-11-25,23
5856,Patricia Bennett,patricia.bennett5856@mail.com,Consumer,USA,California,2021-03-28,1
5857,David Perez,david.perez5857@mail.com,Consumer,Canada,British Columbia,2023-02-12,15
5858,Charles Jackson,charles.jackson5858@mail.com,Corporate,UK,Scotland,2021-03-03,10
5859,Jennifer Lee,jennifer.lee5859@mail.com,Consumer,australia,Victoria,2023-09-24,18
5860,Michael Patel,michael.patel5860@mail.com,Consumer,UK,Scotland,2024-11-05,10
5861,Sunita Perez,sunita.perez5861@mail.com,Corporate,U.S.A,Ohio,2019-06-11,8
5862,Raj Patel,raj.patel5862@mail.com,Corporate,India,Tamil Nadu,2020-08-11,28
5863,Nancy Perez,nancy.perez5863@mail.com,Corporate,UK,England,2025-07-20,9
5864,Jennifer Williams,jennifer.williams5864@mail.com,Small Business,USA,Texas,2021-10-08,2
5865,Daniel Jones,daniel.jones5865@mail.com,Consumer,Canada,British Columbia,2020-08-09,15
5866,Sunita Williams,sunita.williams5866@mail.com,Consumer,India,Uttar Pradesh,2019-10-13,30
5867,John Rodriguez,john.rodriguez5867@mail.com,Consumer,USA,Florida,2019-01-04,4
5868,Chloe Perez,chloe.perez5868@mail.com,Consumer,UK,Scotland,2020-07-03,10
5869,Sophie Davis,sophie.davis5869@mail.com,Small Business,India,Uttar Pradesh,2023-12-24,30
5870,Noah Martin,noah.martin5870@mail.com,Consumer,USA,Washington,2019-08-21,6
5871,Sunita Evans,sunita.evans5871@mail.com,Consumer,USA,Georgia,2020-06-17,7
5872,David Miller,david.miller5872@mail.com,Consumer,Australia,Victoria,2024-09-19,18
5873,Sophie Patel,sophie.patel5873@mail.com,Corporate,UK,Wales,2023-05-04,11
5874,James Kapoor,james.kapoor5874@mail.com,Consumer,Germany,North Rhine-Westphalia,2025-05-07,24
5875,Raj Lee,raj.lee5875@mail.com,Small Business,USA,California,2022-07-05,1
5876,Nancy Rodriguez,nancy.rodriguez5876@mail.com,Consumer,USA,Illinois,2022-02-22,5
5877,Raj Lee,raj.lee5877@mail.com,Consumer,Canada,British Columbia,2023-05-10,15
5878,Noah Moore,noah.moore5878@mail.com,Consumer,Canada,Alberta,2019-09-16,16
5879,James Thomas,james.thomas5879@mail.com,Consumer,Canada,British Columbia,2022-04-14,15
5880,Priya Patel,priya.patel5880@mail.com,Small Business,United States,Texas,2022-11-16,2
5881,Priya Johnson,priya.johnson5881@mail.com,Corporate,Germany,North Rhine-Westphalia,2021-04-27,24
5882,Sophie Wilson,sophie.wilson5882@mail.com,Corporate,Australia,New South Wales,2022-01-23,17
5883,Jessica Bennett,jessica.bennett5883@mail.com,Corporate,USA,New York,2019-05-07,3
5884,Jessica Rodriguez,jessica.rodriguez5884@mail.com,Consumer,Australia,Queensland,2021-01-09,19
5885,Patricia Patel,patricia.patel5885@mail.com,Consumer,USA,California,2025-07-30,1
5886,Charles Moore,charles.moore5886@mail.com,Consumer,Canada,Quebec,2021-02-17,14
5887,Sarah Anderson,sarah.anderson5887@mail.com,Consumer,Canada,Ontario,2024-11-27,13
5888,Charles Clarke,charles.clarke5888@mail.com,Consumer,USA,Georgia,2024-02-03,7
5889,Mary Murphy,mary.murphy5889@mail.com,Small Business,Canada,Ontario,2021-02-14,13
5890,Sunita Davis,sunita.davis5890@mail.com,Consumer,India,Maharashtra,2021-06-10,25
5891,Mary Rodriguez,mary.rodriguez5891@mail.com,Small Business,USA,Illinois,2019-04-21,5
5892,Chloe Thomas,chloe.thomas5892@mail.com,Consumer,USA,Texas,2023-08-26,2
5893,Karen Moore,karen.moore5893@mail.com,Corporate,UK,Scotland,2021-12-26,10
5894,Richard Smith,richard.smith5894@mail.com,Consumer,germany,Berlin,2020-05-08,22
5895,Joseph Miller,joseph.miller5895@mail.com,Consumer,Germany,North Rhine-Westphalia,2022-06-08,24
5896,Richard Williams,richard.williams5896@mail.com,Small Business,India,Tamil Nadu,2020-10-14,28
5897,Noah Perez,noah.perez5897@mail.com,Small Business,United States,Texas,2023-05-30,2
5898,Emma Smith,emma.smith5898@mail.com,Consumer,Germany,Bavaria,2023-12-17,21
5899,Sunita Davis,sunita.davis5899@mail.com,Consumer,USA,California,2025-10-29,1
5900,Amit Thomas,amit.thomas5900@mail.com,Small Business,Germany,North Rhine-Westphalia,2021-01-13,24
5901,Robert Cole,robert.cole5901@mail.com,Consumer,Australia,Queensland,2021-08-11,19
5902,Linda Miller,linda.miller5902@mail.com,Consumer,USA,Ohio,2021-07-19,8
5903,Jennifer Wilson,jennifer.wilson5903@mail.com,Consumer,UK,England,2023-04-02,9
5904,Barbara Williams,barbara.williams5904@mail.com,Consumer,Germany,Bavaria,2024-10-15,21
5905,Priya Sharma,priya.sharma5905@mail.com,Small Business,Australia,Western Australia,2022-04-06,20
5906,Patricia Smith,patricia.smith5906@mail.com,Small Business,USA,Texas,2020-09-09,2
5907,Sarah Thomas,sarah.thomas5907@mail.com,Consumer,UK,Northern Ireland,2023-03-29,12
5908,Emma Smith,emma.smith5908@mail.com,Consumer,India,Gujarat,2022-11-18,29
5909,Daniel Evans,daniel.evans5909@mail.com,Small Business,India,Delhi,2025-08-21,27
5910,Priya Cole,priya.cole5910@mail.com,Corporate,India,Uttar Pradesh,2024-03-25,30
5911,Richard Hughes,,Consumer,India,Tamil Nadu,2020-02-06,28
5912,David Davis,david.davis5912@mail.com,Corporate,Australia,Queensland,2021-12-14,19
5913,Patricia Jackson,patricia.jackson5913@mail.com,Consumer,Germany,Berlin,2021-02-10,22
5914,Linda Wilson,linda.wilson5914@mail.com,Corporate,USA,New York,2020-04-07,3
5915,Liam Johnson,liam.johnson5915@mail.com,Corporate,Canada,British Columbia,2020-03-10,15
5916,Liam Wilson,liam.wilson5916@mail.com,Consumer,Canada,British Columbia,2021-04-05,15
5917,Charles Evans,charles.evans5917@mail.com,Consumer,USA,Ohio,2025-01-31,8
5918,Linda Williams,linda.williams5918@mail.com,Consumer,Canada,Quebec,2020-03-17,14
5919,Oliver Thompson,oliver.thompson5919@mail.com,Consumer,USA,Florida,2022-04-17,4
5920,Nancy Moore,nancy.moore5920@mail.com,Consumer,USA,Illinois,2019-01-19,5
5921,Oliver Brown,oliver.brown5921@mail.com,Small Business,Australia,New South Wales,2023-07-06,17
5922,Priya Moore,priya.moore5922@mail.com,Consumer,India,Gujarat,2022-03-22,29
5923,Daniel Brown,daniel.brown5923@mail.com,Consumer,Australia,Western Australia,2021-05-12,20
5924,Robert Johnson,robert.johnson5924@mail.com,Corporate,Germany,Hesse,2025-01-16,23
5925,Chloe Johnson,chloe.johnson5925@mail.com,Consumer,India,Gujarat,2024-10-01,29
5926,Joseph Wilson,joseph.wilson5926@mail.com,Consumer,Australia,Western Australia,2020-06-21,20
5927,Noah Bennett,noah.bennett5927@mail.com,Consumer,USA,Illinois,2019-12-19,5
5928,Amit Williams,amit.williams5928@mail.com,Small Business,Germany,North Rhine-Westphalia,2022-02-22,24
5929,Emma Jones,emma.jones5929@mail.com,Consumer,USA,Illinois,2025-07-27,5
5930,Mary Cole,mary.cole5930@mail.com,Small Business,Australia,Queensland,2024-03-01,19
5931,Emma Moore,emma.moore5931@mail.com,Small Business,UK,Wales,2020-07-04,11
5932,Mary Martinez,mary.martinez5932@mail.com,Small Business,australia,New South Wales,2023-09-21,17
5933,Nancy Sharma,nancy.sharma5933@mail.com,Small Business,usa,Ohio,2024-06-15,8
5934,Jessica Williams,jessica.williams5934@mail.com,Consumer,Canada,British Columbia,2024-04-19,15
5935,Patricia Patel,patricia.patel5935@mail.com,Consumer,UK,Wales,2021-04-01,11
5936,Mary Lee,mary.lee5936@mail.com,Consumer,UK,Scotland,2025-05-26,10
5937,Mary Martinez,mary.martinez5937@mail.com,Consumer,Australia,Queensland,2022-07-25,19
5938,Sophie Taylor,sophie.taylor5938@mail.com,Consumer,UK,Wales,2025-07-27,11
5939,Joseph Brown,joseph.brown5939@mail.com,Consumer,USA,New York,2024-04-30,3
5940,Nancy Clarke,nancy.clarke5940@mail.com,Small Business,Australia,Queensland,2021-12-25,19
5941,Jessica Davis,jessica.davis5941@mail.com,Consumer,Australia,Western Australia,2024-02-13,20
5942,Sophie Thompson,sophie.thompson5942@mail.com,Small Business,USA,Texas,2024-03-02,2
5943,Emma Patel,emma.patel5943@mail.com,Consumer,UK,Northern Ireland,2025-01-29,12
5944,Nancy Smith,nancy.smith5944@mail.com,Consumer,Canada,British Columbia,2022-12-11,15
5945,Thomas Taylor,thomas.taylor5945@mail.com,Small Business,Australia,Western Australia,2020-04-15,20
5946,Thomas Evans,thomas.evans5946@mail.com,Corporate,Germany,North Rhine-Westphalia,2023-01-30,24
5947,Jessica Murphy,jessica.murphy5947@mail.com,Small Business,USA,Ohio,2020-03-05,8
5948,Nancy Thompson,nancy.thompson5948@mail.com,Consumer,Australia,Western Australia,2024-09-13,20
5949,Patricia Wilson,patricia.wilson5949@mail.com,Consumer,United States,Illinois,2019-10-08,5
5950,Priya Patel,,Small Business,Germany,Bavaria,2020-12-01,21
5951,Emma Smith,emma.smith5951@mail.com,Small Business,USA,Illinois,2020-04-01,5
5952,Thomas Martin,thomas.martin5952@mail.com,Consumer,USA,Ohio,2024-02-26,8
5953,Richard Perez,richard.perez5953@mail.com,Corporate,Germany,Bavaria,2022-12-23,21
5954,Michael Brown,michael.brown5954@mail.com,Consumer,USA,Florida,2024-10-09,4
5955,Patricia Smith,patricia.smith5955@mail.com,Consumer,Germany,Berlin,2022-01-11,22
5956,Nancy Kapoor,nancy.kapoor5956@mail.com,Consumer,India,Maharashtra,2023-01-29,25
5957,Robert Perez,robert.perez5957@mail.com,Consumer,USA,Texas,2021-04-14,2
5958,Emma Hughes,emma.hughes5958@mail.com,Consumer,india,Gujarat,2019-03-08,29
5959,Michael Murphy,michael.murphy5959@mail.com,Consumer,Canada,British Columbia,2023-09-11,15
5960,Daniel Jones,daniel.jones5960@mail.com,Consumer,Canada,Quebec,2024-12-01,14
5961,Priya Martin,priya.martin5961@mail.com,Corporate,UK,England,2019-01-21,9
5962,David Anderson,david.anderson5962@mail.com,Corporate,Germany,Bavaria,2019-08-23,21
5963,Jessica Jackson,jessica.jackson5963@mail.com,Corporate,India,Uttar Pradesh,2025-10-14,30
5964,Sunita Thompson,,Consumer,Germany,Berlin,2023-09-03,22
5965,Thomas Garcia,,Consumer,USA,New York,2021-12-29,3
5966,Linda Jones,linda.jones5966@mail.com,Small Business,Canada,Ontario,2020-02-23,13
5967,Emma Johnson,emma.johnson5967@mail.com,Consumer,USA,Ohio,2022-01-18,8
5968,Mary Jones,mary.jones5968@mail.com,Corporate,India,Karnataka,2021-07-28,26
5969,Barbara Perez,barbara.perez5969@mail.com,Small Business,USA,Georgia,2019-08-25,7
5970,Jessica Martin,jessica.martin5970@mail.com,Consumer,United States,Texas,2023-11-08,2
5971,Priya Clarke,priya.clarke5971@mail.com,Consumer,UK,Scotland,2023-06-30,10
5972,Susan Martinez,susan.martinez5972@mail.com,Consumer,Canada,Ontario,2019-05-20,13
5973,Daniel Murphy,daniel.murphy5973@mail.com,Consumer,Canada,British Columbia,2025-05-13,15
5974,Karen Clarke,karen.clarke5974@mail.com,Corporate,USA,Illinois,2024-06-13,5
5975,John Jones,john.jones5975@mail.com,Consumer,Australia,Victoria,2023-01-21,18
5976,Sarah Martinez,sarah.martinez5976@mail.com,Consumer,Germany,Bavaria,2025-06-22,21
5977,Nancy Wilson,nancy.wilson5977@mail.com,Corporate,Canada,Quebec,2024-01-01,14
5978,Barbara Anderson,barbara.anderson5978@mail.com,Consumer,Australia,Queensland,2022-10-06,19
5979,James Martin,james.martin5979@mail.com,Consumer,Australia,Victoria,2025-05-08,18
5980,Daniel Patel,daniel.patel5980@mail.com,Consumer,UK,Scotland,2020-11-05,10
5981,Raj Jones,raj.jones5981@mail.com,Consumer,Australia,Victoria,2020-08-31,18
5982,Mary Davis,,Consumer,Germany,North Rhine-Westphalia,2024-11-13,24
5983,Charles Hughes,charles.hughes5983@mail.com,Corporate,USA,California,2024-11-23,1
5984,Liam Lee,liam.lee5984@mail.com,Small Business,Germany,Hesse,2020-12-06,23
5985,Sophie Johnson,sophie.johnson5985@mail.com,Consumer,UK,Wales,2019-07-28,11
5986,Jessica Anderson,jessica.anderson5986@mail.com,Small Business,UK,England,2021-10-07,9
5987,Michael Miller,michael.miller5987@mail.com,Consumer,USA,Texas,2021-01-26,2
5988,Priya Cole,priya.cole5988@mail.com,Consumer,CANADA,Ontario,2020-09-21,13
5989,Michael Evans,michael.evans5989@mail.com,Consumer,Australia,Victoria,2024-06-22,18
5990,Robert Wilson,robert.wilson5990@mail.com,Small Business,UK,England,2021-01-30,9
5991,Michael Patel,michael.patel5991@mail.com,Consumer,Australia,Victoria,2024-12-24,18
5992,Sarah Kapoor,sarah.kapoor5992@mail.com,Consumer,Germany,Hesse,2025-01-31,23
5993,Amit Moore,amit.moore5993@mail.com,Consumer,India,Uttar Pradesh,2023-08-24,30
5994,Nancy Kapoor,nancy.kapoor5994@mail.com,Corporate,DE,Bavaria,2022-10-14,21
5995,Richard Bennett,richard.bennett5995@mail.com,Small Business,USA,California,2019-09-11,1
5996,Daniel Perez,daniel.perez5996@mail.com,Consumer,India,Uttar Pradesh,2022-09-07,30
5997,Richard Thompson,richard.thompson5997@mail.com,Small Business,Germany,Berlin,2020-06-25,22
5998,Barbara Thomas,barbara.thomas5998@mail.com,Small Business,Germany,Berlin,2021-09-26,22
5999,Richard Garcia,richard.garcia5999@mail.com,Consumer,USA,Washington,2024-03-12,6
6000,Patricia Moore,patricia.moore6000@mail.com,Consumer,USA,Texas,2022-07-10,2
6001,Noah Evans,noah.evans6001@mail.com,Consumer,Australia,New South Wales,2021-06-10,17
6002,Chloe Johnson,chloe.johnson6002@mail.com,Corporate,UK,Northern Ireland,2022-10-22,12
6003,Sarah Davis,sarah.davis6003@mail.com,Consumer,Canada,British Columbia,2021-12-08,15
6004,Chloe Smith,chloe.smith6004@mail.com,Consumer,India,Gujarat,2022-02-13,29
6005,Priya Davis,,Small Business,Canada,Alberta,2024-10-27,16
6006,Amit Davis,amit.davis6006@mail.com,Consumer,UK,Scotland,2019-03-16,10
6007,Thomas Thompson,thomas.thompson6007@mail.com,Small Business,India,Delhi,2022-08-09,27
6008,Michael Davis,michael.davis6008@mail.com,Consumer,India,Gujarat,2024-05-05,29
6009,Sarah Iyer,sarah.iyer6009@mail.com,Consumer,Germany,Hesse,2022-04-19,23
6010,Oliver Hughes,oliver.hughes6010@mail.com,Small Business,Canada,Alberta,2023-08-08,16
6011,Richard Evans,richard.evans6011@mail.com,Consumer,USA,California,2019-11-30,1
6012,Sunita Taylor,sunita.taylor6012@mail.com,Consumer,UK,Northern Ireland,2024-03-31,12
6013,Michael Taylor,michael.taylor6013@mail.com,Consumer,Australia,Queensland,2019-02-23,19
6014,Jennifer Hughes,jennifer.hughes6014@mail.com,Small Business,U.S.A,Washington,2020-02-29,6
6015,James Anderson,james.anderson6015@mail.com,Consumer,UK,Northern Ireland,2020-08-15,12
6016,James Williams,james.williams6016@mail.com,Consumer,India,Maharashtra,2021-11-21,25
6017,Susan Smith,susan.smith6017@mail.com,Small Business,USA,California,2025-01-06,1
6018,Karen Brown,karen.brown6018@mail.com,Consumer,AUS,New South Wales,2021-10-24,17
6019,John Martinez,john.martinez6019@mail.com,Corporate,Germany,Berlin,2020-08-31,22
6020,Thomas Miller,thomas.miller6020@mail.com,Consumer,UK,England,2025-06-06,9
6021,Priya Perez,priya.perez6021@mail.com,Consumer,India,Delhi,2020-05-11,27
6022,Chloe Clarke,chloe.clarke6022@mail.com,Consumer,USA,Florida,2022-05-14,4
6023,Susan Johnson,susan.johnson6023@mail.com,Consumer,USA,Washington,2020-01-05,6
6024,James Miller,james.miller6024@mail.com,Consumer,India,Delhi,2023-09-06,27
6025,Michael Martinez,michael.martinez6025@mail.com,Consumer,India,Karnataka,2021-11-23,26
6026,Jennifer Davis,jennifer.davis6026@mail.com,Corporate,India,Gujarat,2025-01-30,29
6027,Noah Rodriguez,noah.rodriguez6027@mail.com,Consumer,Canada,Ontario,2019-11-30,13
6028,Sunita Garcia,sunita.garcia6028@mail.com,Consumer,Canada,Alberta,2024-02-10,16
6029,Richard Bennett,,Consumer,Canada,British Columbia,2021-11-27,15
6030,Karen Davis,karen.davis6030@mail.com,Consumer,USA,California,2019-03-25,1
6031,Jennifer Miller,jennifer.miller6031@mail.com,Consumer,India,Delhi,2021-01-15,27
6032,James Garcia,james.garcia6032@mail.com,Small Business,UK,Northern Ireland,2023-02-14,12
6033,Liam Rodriguez,liam.rodriguez6033@mail.com,Consumer,Canada,British Columbia,2021-10-16,15
6034,Chloe Brown,chloe.brown6034@mail.com,Consumer,UK,Northern Ireland,2019-04-12,12
6035,James Hughes,james.hughes6035@mail.com,Small Business,Australia,Victoria,2025-10-31,18
6036,Raj Jones,raj.jones6036@mail.com,Consumer,India,Delhi,2019-10-28,27
6037,Joseph Sharma,joseph.sharma6037@mail.com,Consumer,Germany,North Rhine-Westphalia,2023-07-11,24
6038,Emma Murphy,emma.murphy6038@mail.com,Corporate,Australia,Queensland,2024-10-20,19
6039,Patricia Wilson,,Corporate,India,Maharashtra,2022-01-29,25
6040,Chloe Miller,chloe.miller6040@mail.com,Corporate,United States,Florida,2023-09-17,4
6041,Barbara Moore,barbara.moore6041@mail.com,Consumer,USA,Illinois,2022-04-04,5
6042,Linda Anderson,linda.anderson6042@mail.com,Corporate,USA,New York,2022-10-25,3
6043,Emma Anderson,emma.anderson6043@mail.com,Corporate,Canada,British Columbia,2023-03-13,15
6044,Raj Garcia,raj.garcia6044@mail.com,Corporate,UK,Scotland,2023-05-27,10
6045,Charles Evans,charles.evans6045@mail.com,Consumer,Canada,Alberta,2023-09-01,16
6046,Nancy Murphy,nancy.murphy6046@mail.com,Consumer,Canada,Alberta,2020-08-27,16
6047,Jessica Murphy,jessica.murphy6047@mail.com,Consumer,India,Gujarat,2022-10-31,29
6048,Amit Williams,amit.williams6048@mail.com,Corporate,usa,Georgia,2025-08-27,7
6049,Patricia Jones,patricia.jones6049@mail.com,Consumer,UK,Scotland,2021-09-12,10
6050,Noah Cole,noah.cole6050@mail.com,Consumer,Australia,Queensland,2019-06-26,19
6051,John Evans,john.evans6051@mail.com,Corporate,Canada,Alberta,2020-09-16,16
6052,Michael Miller,michael.miller6052@mail.com,Corporate,India,Delhi,2023-09-16,27
6053,Karen Taylor,karen.taylor6053@mail.com,Consumer,Germany,Hesse,2024-12-30,23
6054,Amit Anderson,amit.anderson6054@mail.com,Consumer,India,Tamil Nadu,2020-12-13,28
6055,Richard Thompson,richard.thompson6055@mail.com,Small Business,India,Maharashtra,2024-11-23,25
6056,Jessica Sharma,jessica.sharma6056@mail.com,Consumer,USA,New York,2019-03-06,3
6057,Linda Cole,linda.cole6057@mail.com,Consumer,Germany,Bavaria,2020-12-17,21
6058,Mary Clarke,mary.clarke6058@mail.com,Small Business,UK,Northern Ireland,2022-10-28,12
6059,Nancy Perez,nancy.perez6059@mail.com,Consumer,USA,Texas,2025-01-30,2
6060,Michael Bennett,michael.bennett6060@mail.com,Consumer,Germany,Berlin,2021-02-27,22
6061,Karen Martinez,karen.martinez6061@mail.com,Small Business,UK,Northern Ireland,2024-10-24,12
6062,Emma Jones,emma.jones6062@mail.com,Small Business,India,Delhi,2022-07-04,27
6063,Richard Davis,richard.davis6063@mail.com,Corporate,USA,Georgia,2020-03-24,7
6064,Mary Sharma,mary.sharma6064@mail.com,Corporate,Australia,Queensland,2025-09-25,19
6065,Emma Rodriguez,emma.rodriguez6065@mail.com,Consumer,india,Gujarat,2024-06-08,29
6066,Sophie Jones,sophie.jones6066@mail.com,Consumer,USA,Ohio,2019-04-10,8
6067,Sophie Martin,sophie.martin6067@mail.com,Corporate,Australia,Victoria,2020-02-26,18
6068,Daniel Murphy,daniel.murphy6068@mail.com,Corporate,Germany,Berlin,2019-08-03,22
6069,Sarah Miller,sarah.miller6069@mail.com,Small Business,Australia,Victoria,2020-12-30,18
6070,Sunita Williams,sunita.williams6070@mail.com,Consumer,India,Maharashtra,2019-11-19,25
6071,Emma Jackson,emma.jackson6071@mail.com,Small Business,India,Karnataka,2023-11-15,26
6072,Emma Patel,,Corporate,UK,Northern Ireland,2022-06-02,12
6073,Nancy Williams,nancy.williams6073@mail.com,Consumer,UK,Wales,2019-10-03,11
6074,Jennifer Martin,jennifer.martin6074@mail.com,Corporate,India,Uttar Pradesh,2020-09-09,30
6075,Joseph Clarke,joseph.clarke6075@mail.com,Small Business,India,Maharashtra,2024-06-14,25
6076,Noah Sharma,noah.sharma6076@mail.com,Consumer,UK,Northern Ireland,2020-01-14,12
6077,Oliver Martin,oliver.martin6077@mail.com,Corporate,USA,California,2019-11-02,1
6078,Susan Jackson,susan.jackson6078@mail.com,Consumer,India,Delhi,2020-06-12,27
6079,Charles Moore,charles.moore6079@mail.com,Corporate,USA,Illinois,2024-05-21,5
6080,Jennifer Wilson,jennifer.wilson6080@mail.com,Consumer,Canada,Ontario,2019-07-31,13
6081,Amit Anderson,amit.anderson6081@mail.com,Consumer,India,Karnataka,2024-02-14,26
6082,Charles Kapoor,charles.kapoor6082@mail.com,Consumer,Australia,Western Australia,2020-07-03,20
6083,Sarah Kapoor,sarah.kapoor6083@mail.com,Small Business,Australia,Western Australia,2025-07-13,20
6084,Sarah Jackson,sarah.jackson6084@mail.com,Small Business,USA,New York,2024-07-12,3
6085,David Perez,david.perez6085@mail.com,Consumer,Germany,North Rhine-Westphalia,2020-06-13,24
6086,Joseph Sharma,joseph.sharma6086@mail.com,Consumer,Canada,Quebec,2021-03-06,14
6087,Chloe Evans,chloe.evans6087@mail.com,Small Business,USA,Ohio,2024-05-26,8
6088,Daniel Sharma,daniel.sharma6088@mail.com,Corporate,India,Gujarat,2020-04-09,29
6089,Mary Miller,mary.miller6089@mail.com,Small Business,Canada,Ontario,2024-08-31,13
6090,Linda Murphy,linda.murphy6090@mail.com,Consumer,UK,Wales,2024-12-17,11
6091,Michael Moore,michael.moore6091@mail.com,Consumer,India,Karnataka,2019-07-22,26
6092,Sophie Davis,sophie.davis6092@mail.com,Corporate,UK,Wales,2023-06-23,11
6093,Joseph Miller,joseph.miller6093@mail.com,Consumer,Germany,North Rhine-Westphalia,2021-03-08,24
6094,Barbara Thomas,barbara.thomas6094@mail.com,Small Business,Germany,Bavaria,2023-08-24,21
6095,Noah Taylor,noah.taylor6095@mail.com,Corporate,USA,California,2020-06-16,1
6096,Daniel Garcia,daniel.garcia6096@mail.com,Consumer,India,Uttar Pradesh,2020-11-23,30
6097,Chloe Hughes,chloe.hughes6097@mail.com,Consumer,Australia,New South Wales,2020-08-09,17
6098,Susan Rodriguez,susan.rodriguez6098@mail.com,Consumer,USA,Texas,2022-12-07,2
6099,Karen Williams,karen.williams6099@mail.com,Consumer,USA,Ohio,2024-08-12,8
6100,John Clarke,john.clarke6100@mail.com,Consumer,Canada,Alberta,2022-03-07,16
6101,Robert Martinez,robert.martinez6101@mail.com,Consumer,Australia,Victoria,2022-04-19,18
6102,Thomas Martin,thomas.martin6102@mail.com,Consumer,USA,Washington,2025-09-10,6
6103,Susan Davis,susan.davis6103@mail.com,Corporate,UK,Scotland,2022-05-10,10
6104,Daniel Johnson,daniel.johnson6104@mail.com,Consumer,Canada,Ontario,2023-01-21,13
6105,Thomas Martin,thomas.martin6105@mail.com,Corporate,USA,Illinois,2020-04-21,5
6106,Nancy Wilson,nancy.wilson6106@mail.com,Corporate,USA,Texas,2024-07-28,2
6107,Jessica Moore,jessica.moore6107@mail.com,Corporate,Germany,Hesse,2024-06-30,23
6108,Thomas Thomas,,Small Business,USA,Illinois,2025-06-02,5
6109,Jessica Anderson,jessica.anderson6109@mail.com,Consumer,USA,Illinois,2022-11-22,5
6110,Emma Jackson,emma.jackson6110@mail.com,Corporate,usa,Illinois,2023-10-09,5
6111,Richard Rodriguez,richard.rodriguez6111@mail.com,Small Business,India,Uttar Pradesh,2019-02-04,30
6112,Joseph Smith,,Consumer,Germany,North Rhine-Westphalia,2020-12-03,24
6113,Jennifer Moore,jennifer.moore6113@mail.com,Consumer,Germany,Berlin,2020-07-10,22
6114,Linda Rodriguez,linda.rodriguez6114@mail.com,Corporate,USA,New York,2019-07-31,3
6115,Priya Williams,priya.williams6115@mail.com,Corporate,Germany,Berlin,2023-09-30,22
6116,Susan Murphy,susan.murphy6116@mail.com,Consumer,Australia,Western Australia,2020-09-24,20
6117,Robert Martinez,robert.martinez6117@mail.com,Corporate,Australia,Western Australia,2024-03-20,20
6118,Liam Martin,liam.martin6118@mail.com,Small Business,Australia,Victoria,2024-10-31,18
6119,Charles Lee,charles.lee6119@mail.com,Small Business,CANADA,Ontario,2022-12-24,13
6120,Priya Williams,priya.williams6120@mail.com,Small Business,india,Gujarat,2024-07-14,29
6121,Emma Rodriguez,emma.rodriguez6121@mail.com,Small Business,India,Gujarat,2019-01-30,29
6122,Chloe Davis,chloe.davis6122@mail.com,Small Business,USA,Texas,2022-03-29,2
6123,Patricia Brown,patricia.brown6123@mail.com,Corporate,Canada,British Columbia,2019-11-15,15
6124,Robert Anderson,robert.anderson6124@mail.com,Consumer,UK,Wales,2020-11-09,11
6125,Mary Lee,mary.lee6125@mail.com,Consumer,Australia,New South Wales,2019-11-05,17
6126,Michael Wilson,michael.wilson6126@mail.com,Small Business,Australia,Western Australia,2019-01-24,20
6127,Michael Patel,michael.patel6127@mail.com,Consumer,USA,Texas,2020-03-12,2
6128,Richard Rodriguez,richard.rodriguez6128@mail.com,Corporate,India,Delhi,2020-09-27,27
6129,Barbara Iyer,barbara.iyer6129@mail.com,Consumer,Australia,Western Australia,2022-05-05,20
6130,Liam Clarke,liam.clarke6130@mail.com,Corporate,UK,Wales,2019-10-31,11
6131,Raj Bennett,raj.bennett6131@mail.com,Consumer,USA,Illinois,2020-09-09,5
6132,David Miller,david.miller6132@mail.com,Small Business,Canada,Quebec,2021-09-19,14
6133,Amit Thompson,amit.thompson6133@mail.com,Corporate,Canada,British Columbia,2020-08-26,15
6134,John Bennett,john.bennett6134@mail.com,Consumer,Germany,North Rhine-Westphalia,2019-07-05,24
6135,Oliver Kapoor,oliver.kapoor6135@mail.com,Consumer,Canada,Alberta,2022-03-17,16
6136,Sunita Lee,sunita.lee6136@mail.com,Consumer,Australia,Western Australia,2019-12-09,20
6137,Chloe Rodriguez,chloe.rodriguez6137@mail.com,Corporate,India,Karnataka,2025-10-18,26
6138,James Clarke,james.clarke6138@mail.com,Consumer,Australia,Queensland,2023-04-11,19
6139,Barbara Martinez,barbara.martinez6139@mail.com,Small Business,Germany,Bavaria,2024-09-09,21
6140,Liam Anderson,liam.anderson6140@mail.com,Consumer,USA,Illinois,2024-01-18,5
6141,Emma Taylor,emma.taylor6141@mail.com,Consumer,USA,Georgia,2022-07-04,7
6142,Joseph Hughes,joseph.hughes6142@mail.com,Consumer,India,Karnataka,2020-02-07,26
6143,Daniel Clarke,daniel.clarke6143@mail.com,Consumer,India,Gujarat,2019-11-24,29
6144,Priya Smith,priya.smith6144@mail.com,Corporate,Australia,Queensland,2022-02-14,19
6145,Sarah Sharma,sarah.sharma6145@mail.com,Consumer,Australia,Queensland,2020-01-01,19
6146,Charles Clarke,charles.clarke6146@mail.com,Consumer,Australia,Western Australia,2022-12-29,20
6147,John Bennett,john.bennett6147@mail.com,Small Business,Germany,North Rhine-Westphalia,2019-08-29,24
6148,Joseph Davis,,Consumer,Canada,Ontario,2024-12-13,13
6149,Linda Iyer,linda.iyer6149@mail.com,Consumer,India,Uttar Pradesh,2024-12-29,30
6150,Sunita Miller,sunita.miller6150@mail.com,Consumer,canada,Ontario,2021-10-17,13
6151,Sarah Davis,sarah.davis6151@mail.com,Consumer,India,Gujarat,2021-01-12,29
6152,Charles Perez,,Consumer,Australia,Queensland,2025-01-21,19
6153,Emma Lee,emma.lee6153@mail.com,Corporate,UK,Scotland,2023-08-02,10
6154,Oliver Moore,oliver.moore6154@mail.com,Corporate,Canada,Alberta,2020-10-04,16
6155,Sunita Hughes,sunita.hughes6155@mail.com,Corporate,Germany,Hesse,2022-02-24,23
6156,Thomas Wilson,thomas.wilson6156@mail.com,Corporate,India,Tamil Nadu,2021-02-12,28
6157,Emma Williams,emma.williams6157@mail.com,Corporate,USA,Florida,2025-01-14,4
6158,Richard Bennett,richard.bennett6158@mail.com,Consumer,India,Gujarat,2019-06-16,29
6159,Michael Thomas,michael.thomas6159@mail.com,Consumer,USA,New York,2021-05-14,3
6160,Oliver Kapoor,oliver.kapoor6160@mail.com,Corporate,U.S.A,California,2025-07-05,1
6161,Jessica Miller,jessica.miller6161@mail.com,Consumer,India,Uttar Pradesh,2022-03-11,30
6162,Thomas Moore,thomas.moore6162@mail.com,Corporate,Canada,Quebec,2019-09-16,14
6163,Sophie Lee,sophie.lee6163@mail.com,Consumer,India,Uttar Pradesh,2025-04-16,30
6164,James Anderson,james.anderson6164@mail.com,Corporate,USA,Illinois,2019-02-03,5
6165,John Perez,john.perez6165@mail.com,Consumer,Germany,Berlin,2023-09-04,22
6166,Sophie Jones,sophie.jones6166@mail.com,Corporate,UK,Northern Ireland,2024-09-30,12
6167,Barbara Iyer,barbara.iyer6167@mail.com,Consumer,USA,New York,2025-05-16,3
6168,James Jackson,james.jackson6168@mail.com,Corporate,Germany,North Rhine-Westphalia,2023-10-08,24
6169,Emma Patel,emma.patel6169@mail.com,Corporate,USA,Ohio,2019-11-03,8
6170,Liam Anderson,liam.anderson6170@mail.com,Small Business,India,Tamil Nadu,2019-11-04,28
6171,Richard Davis,richard.davis6171@mail.com,Consumer,Canada,British Columbia,2024-07-27,15
6172,Jessica Thomas,jessica.thomas6172@mail.com,Corporate,USA,Texas,2024-09-26,2
6173,Raj Clarke,raj.clarke6173@mail.com,Consumer,UK,Northern Ireland,2021-07-31,12
6174,Joseph Clarke,joseph.clarke6174@mail.com,Small Business,USA,Washington,2019-04-01,6
6175,Oliver Kapoor,oliver.kapoor6175@mail.com,Small Business,India,Delhi,2020-07-31,27
6176,Karen Martinez,karen.martinez6176@mail.com,Small Business,USA,Texas,2019-12-14,2
6177,Richard Perez,richard.perez6177@mail.com,Corporate,India,Maharashtra,2025-01-29,25
6178,James Perez,james.perez6178@mail.com,Consumer,uk,Wales,2024-02-10,11
6179,Emma Johnson,emma.johnson6179@mail.com,Small Business,Germany,Berlin,2024-01-16,22
6180,Chloe Jones,chloe.jones6180@mail.com,Small Business,USA,California,2022-01-22,1
6181,John Wilson,john.wilson6181@mail.com,Consumer,India,Tamil Nadu,2019-04-30,28
6182,Daniel Sharma,daniel.sharma6182@mail.com,Consumer,Australia,New South Wales,2019-12-24,17
6183,Emma Thompson,emma.thompson6183@mail.com,Corporate,Canada,British Columbia,2020-04-07,15
6184,Chloe Thompson,chloe.thompson6184@mail.com,Consumer,USA,California,2019-03-31,1
6185,Daniel Bennett,daniel.bennett6185@mail.com,Small Business,Canada,Alberta,2023-01-18,16
6186,Joseph Taylor,joseph.taylor6186@mail.com,Consumer,India,Karnataka,2025-02-13,26
6187,Michael Taylor,michael.taylor6187@mail.com,Consumer,India,Maharashtra,2025-09-16,25
6188,Robert Lee,robert.lee6188@mail.com,Corporate,USA,Illinois,2020-04-03,5
6189,Joseph Miller,joseph.miller6189@mail.com,Corporate,USA,Florida,2024-03-23,4
6190,Sarah Brown,sarah.brown6190@mail.com,Consumer,Canada,Ontario,2024-11-24,13
6191,Richard Perez,richard.perez6191@mail.com,Consumer,Germany,North Rhine-Westphalia,2020-11-28,24
6192,Thomas Sharma,thomas.sharma6192@mail.com,Consumer,United Kingdom,England,2020-06-11,9
6193,Noah Martinez,noah.martinez6193@mail.com,Consumer,UK,Northern Ireland,2025-04-13,12
6194,Robert Garcia,robert.garcia6194@mail.com,Consumer,UK,Scotland,2021-12-04,10
6195,Patricia Patel,patricia.patel6195@mail.com,Consumer,USA,Illinois,2025-02-24,5
6196,Karen Garcia,karen.garcia6196@mail.com,Small Business,USA,Georgia,2024-02-27,7
6197,Mary Hughes,mary.hughes6197@mail.com,Small Business,USA,California,2024-05-21,1
6198,Amit Thompson,amit.thompson6198@mail.com,Small Business,India,Karnataka,2023-11-04,26
6199,Sarah Smith,sarah.smith6199@mail.com,Consumer,Germany,Bavaria,2021-10-01,21
6200,Jennifer Miller,jennifer.miller6200@mail.com,Corporate,India,Uttar Pradesh,2021-05-26,30
6201,Robert Cole,robert.cole6201@mail.com,Consumer,Germany,Berlin,2022-12-14,22
6202,Joseph Martinez,joseph.martinez6202@mail.com,Small Business,Australia,Western Australia,2019-03-29,20
6203,Michael Davis,michael.davis6203@mail.com,Corporate,UK,Northern Ireland,2023-12-12,12
6204,Barbara Patel,barbara.patel6204@mail.com,Small Business,USA,Illinois,2025-05-15,5
6205,Charles Williams,charles.williams6205@mail.com,Corporate,India,Maharashtra,2022-07-25,25
6206,Thomas Johnson,thomas.johnson6206@mail.com,Consumer,India,Maharashtra,2022-09-25,25
6207,Susan Martin,susan.martin6207@mail.com,Corporate,USA,New York,2025-02-17,3
6208,James Garcia,james.garcia6208@mail.com,Corporate,USA,Texas,2020-05-03,2
6209,Richard Bennett,richard.bennett6209@mail.com,Corporate,India,Tamil Nadu,2021-04-10,28
6210,Chloe Thomas,chloe.thomas6210@mail.com,Consumer,Germany,North Rhine-Westphalia,2020-05-15,24
6211,Joseph Garcia,joseph.garcia6211@mail.com,Consumer,India,Delhi,2024-10-07,27
6212,Patricia Jones,,Consumer,Germany,North Rhine-Westphalia,2020-12-12,24
6213,Karen Thomas,karen.thomas6213@mail.com,Small Business,USA,Illinois,2021-08-05,5
6214,Sarah Iyer,sarah.iyer6214@mail.com,Consumer,U.K.,Northern Ireland,2020-12-10,12
6215,Robert Taylor,robert.taylor6215@mail.com,Consumer,Canada,Quebec,2019-09-15,14
6216,Noah Bennett,noah.bennett6216@mail.com,Consumer,India,Tamil Nadu,2023-01-23,28
6217,Michael Jones,michael.jones6217@mail.com,Consumer,U.S.A,Washington,2021-06-22,6
6218,Sophie Miller,sophie.miller6218@mail.com,Small Business,Australia,Queensland,2021-11-26,19
6219,Barbara Thomas,barbara.thomas6219@mail.com,Small Business,usa,Florida,2022-05-29,4
6220,Liam Kapoor,liam.kapoor6220@mail.com,Consumer,USA,California,2024-02-19,1
6221,Raj Jackson,raj.jackson6221@mail.com,Consumer,India,Tamil Nadu,2019-08-12,28
6222,Jennifer Thompson,jennifer.thompson6222@mail.com,Corporate,India,Tamil Nadu,2022-05-02,28
6223,Daniel Martinez,daniel.martinez6223@mail.com,Corporate,Canada,Ontario,2025-04-09,13
6224,Daniel Miller,daniel.miller6224@mail.com,Consumer,Germany,Bavaria,2023-01-31,21
6225,Charles Kapoor,charles.kapoor6225@mail.com,Consumer,India,Tamil Nadu,2025-09-20,28
6226,Raj Moore,raj.moore6226@mail.com,Small Business,Germany,North Rhine-Westphalia,2025-03-29,24
6227,David Miller,david.miller6227@mail.com,Consumer,India,Gujarat,2024-04-15,29
6228,James Jones,james.jones6228@mail.com,Consumer,UK,Wales,2020-06-05,11
6229,Thomas Williams,,Small Business,India,Gujarat,2019-02-18,29
6230,Liam Taylor,liam.taylor6230@mail.com,Small Business,India,Delhi,2020-01-09,27
6231,Nancy Evans,nancy.evans6231@mail.com,Small Business,UK,Scotland,2020-11-20,10
6232,Linda Martin,linda.martin6232@mail.com,Consumer,IND,Uttar Pradesh,2020-06-25,30
6233,Richard Cole,richard.cole6233@mail.com,Corporate,USA,California,2021-05-20,1
6234,Daniel Murphy,daniel.murphy6234@mail.com,Corporate,USA,Texas,2019-02-09,2
6235,Sarah Moore,sarah.moore6235@mail.com,Consumer,USA,California,2019-09-07,1
6236,Thomas Perez,thomas.perez6236@mail.com,Consumer,Canada,Quebec,2024-07-29,14
6237,Mary Iyer,mary.iyer6237@mail.com,Small Business,Canada,British Columbia,2020-09-04,15
6238,Robert Martinez,robert.martinez6238@mail.com,Corporate,Australia,Victoria,2024-04-04,18
6239,Priya Murphy,priya.murphy6239@mail.com,Consumer,India,Uttar Pradesh,2021-10-19,30
6240,Chloe Moore,chloe.moore6240@mail.com,Consumer,India,Karnataka,2019-12-04,26
6241,Susan Kapoor,susan.kapoor6241@mail.com,Consumer,Germany,Hesse,2020-01-18,23
6242,Liam Kapoor,liam.kapoor6242@mail.com,Corporate,USA,California,2019-07-04,1
6243,Emma Martinez,emma.martinez6243@mail.com,Consumer,India,Karnataka,2021-04-24,26
6244,Joseph Thompson,joseph.thompson6244@mail.com,Consumer,USA,Georgia,2020-04-24,7
6245,Liam Evans,liam.evans6245@mail.com,Small Business,India,Maharashtra,2019-02-18,25
6246,Sophie Garcia,sophie.garcia6246@mail.com,Corporate,Canada,Alberta,2021-08-19,16
6247,Jessica Davis,jessica.davis6247@mail.com,Corporate,Canada,Quebec,2023-01-11,14
6248,Jennifer Murphy,jennifer.murphy6248@mail.com,Consumer,USA,California,2024-10-19,1
6249,Nancy Iyer,nancy.iyer6249@mail.com,Consumer,Germany,Bavaria,2024-08-18,21
6250,Jessica Moore,jessica.moore6250@mail.com,Consumer,Canada,British Columbia,2025-09-27,15
6251,Joseph Cole,joseph.cole6251@mail.com,Corporate,United States,Illinois,2025-08-11,5
6252,Raj Garcia,raj.garcia6252@mail.com,Consumer,India,Karnataka,2022-03-30,26
6253,Amit Perez,amit.perez6253@mail.com,Corporate,canada,British Columbia,2025-01-09,15
6254,Patricia Taylor,patricia.taylor6254@mail.com,Small Business,AUS,New South Wales,2021-03-22,17
6255,Amit Johnson,amit.johnson6255@mail.com,Corporate,Canada,Quebec,2020-06-10,14
6256,Linda Murphy,linda.murphy6256@mail.com,Consumer,Canada,Alberta,2020-03-25,16
6257,Sophie Garcia,sophie.garcia6257@mail.com,Consumer,germany,Hesse,2025-05-17,23
6258,David Murphy,david.murphy6258@mail.com,Consumer,Germany,Berlin,2023-05-01,22
6259,Priya Lee,priya.lee6259@mail.com,Corporate,USA,Illinois,2019-10-29,5
6260,Barbara Patel,barbara.patel6260@mail.com,Consumer,USA,Florida,2022-11-08,4
6261,Chloe Williams,chloe.williams6261@mail.com,Consumer,india,Maharashtra,2024-06-24,25
6262,Amit Iyer,amit.iyer6262@mail.com,Small Business,USA,California,2020-06-20,1
6263,Sunita Murphy,sunita.murphy6263@mail.com,Consumer,India,Delhi,2022-02-11,27
6264,Michael Cole,michael.cole6264@mail.com,Corporate,Canada,Alberta,2020-12-05,16
6265,Sarah Thomas,sarah.thomas6265@mail.com,Consumer,CANADA,British Columbia,2022-09-15,15
6266,Oliver Lee,oliver.lee6266@mail.com,Small Business,India,Gujarat,2021-09-05,29
6267,Patricia Anderson,patricia.anderson6267@mail.com,Consumer,Germany,Berlin,2025-08-19,22
6268,Robert Clarke,robert.clarke6268@mail.com,Corporate,Australia,Western Australia,2023-12-03,20
6269,Patricia Martin,patricia.martin6269@mail.com,Corporate,UK,Northern Ireland,2025-09-02,12
6270,Oliver Clarke,oliver.clarke6270@mail.com,Corporate,USA,Washington,2025-02-15,6
6271,Richard Thomas,richard.thomas6271@mail.com,Corporate,Australia,Queensland,2024-01-12,19
6272,Thomas Garcia,thomas.garcia6272@mail.com,Consumer,USA,Illinois,2021-01-28,5
6273,David Miller,david.miller6273@mail.com,Corporate,UK,England,2021-01-11,9
6274,Charles Johnson,charles.johnson6274@mail.com,Corporate,USA,Ohio,2020-09-15,8
6275,Thomas Smith,thomas.smith6275@mail.com,Small Business,Australia,New South Wales,2019-10-04,17
6276,Robert Sharma,robert.sharma6276@mail.com,Small Business,UK,Scotland,2023-02-15,10
6277,Amit Patel,amit.patel6277@mail.com,Consumer,USA,California,2022-09-17,1
6278,Sunita Moore,sunita.moore6278@mail.com,Consumer,Germany,Hesse,2021-03-19,23
6279,Joseph Wilson,joseph.wilson6279@mail.com,Consumer,USA,Florida,2019-06-08,4
6280,Sunita Taylor,sunita.taylor6280@mail.com,Small Business,Germany,Bavaria,2019-03-20,21
6281,Sophie Miller,sophie.miller6281@mail.com,Corporate,Canada,Quebec,2021-07-17,14
6282,Joseph Johnson,joseph.johnson6282@mail.com,Corporate,UK,Northern Ireland,2021-06-09,12
6283,James Rodriguez,james.rodriguez6283@mail.com,Corporate,India,Maharashtra,2023-12-29,25
6284,Patricia Kapoor,,Corporate,UK,Northern Ireland,2019-10-12,12
6285,Chloe Jones,chloe.jones6285@mail.com,Corporate,Germany,North Rhine-Westphalia,2020-11-30,24
6286,Richard Patel,richard.patel6286@mail.com,Consumer,USA,Georgia,2021-11-03,7
6287,Sunita Moore,sunita.moore6287@mail.com,Consumer,UK,Wales,2022-03-13,11
6288,Sarah Moore,sarah.moore6288@mail.com,Corporate,UK,Northern Ireland,2021-02-11,12
6289,Robert Williams,robert.williams6289@mail.com,Consumer,UK,Scotland,2019-06-01,10
6290,Karen Patel,karen.patel6290@mail.com,Corporate,Germany,Hesse,2022-11-20,23
6291,Linda Kapoor,linda.kapoor6291@mail.com,Consumer,USA,Ohio,2023-10-29,8
6292,Thomas Jones,thomas.jones6292@mail.com,Consumer,Canada,Alberta,2022-03-19,16
6293,Sarah Hughes,sarah.hughes6293@mail.com,Consumer,USA,California,2023-05-10,1
6294,David Hughes,david.hughes6294@mail.com,Corporate,India,Karnataka,2020-12-23,26
6295,Jennifer Garcia,jennifer.garcia6295@mail.com,Consumer,USA,Georgia,2020-01-27,7
6296,Liam Smith,liam.smith6296@mail.com,Corporate,USA,Illinois,2024-12-22,5
6297,Nancy Brown,nancy.brown6297@mail.com,Consumer,Australia,New South Wales,2020-02-28,17
6298,Jennifer Martinez,jennifer.martinez6298@mail.com,Corporate,USA,California,2024-09-12,1
6299,Patricia Lee,patricia.lee6299@mail.com,Small Business,USA,California,2023-02-26,1
6300,Sunita Taylor,sunita.taylor6300@mail.com,Small Business,India,Karnataka,2019-02-08,26
6301,Jennifer Williams,jennifer.williams6301@mail.com,Consumer,India,Tamil Nadu,2019-08-20,28
6302,Raj Clarke,raj.clarke6302@mail.com,Corporate,India,Uttar Pradesh,2019-06-23,30
6303,James Patel,james.patel6303@mail.com,Consumer,India,Maharashtra,2022-03-27,25
6304,David Jones,david.jones6304@mail.com,Consumer,Australia,New South Wales,2024-12-16,17
6305,Thomas Anderson,thomas.anderson6305@mail.com,Consumer,India,Karnataka,2021-05-31,26
6306,Jennifer Miller,jennifer.miller6306@mail.com,Corporate,Germany,North Rhine-Westphalia,2019-03-18,24
6307,Amit Johnson,amit.johnson6307@mail.com,Corporate,Australia,Western Australia,2024-08-02,20
6308,Noah Patel,noah.patel6308@mail.com,Small Business,Canada,Alberta,2024-12-30,16
6309,Karen Miller,karen.miller6309@mail.com,Consumer,Canada,British Columbia,2023-01-05,15
6310,Thomas Kapoor,thomas.kapoor6310@mail.com,Consumer,UK,Scotland,2020-10-06,10
6311,Mary Hughes,mary.hughes6311@mail.com,Consumer,UK,Wales,2021-02-26,11
6312,Priya Evans,priya.evans6312@mail.com,Small Business,USA,Texas,2021-05-17,2
6313,Charles Sharma,charles.sharma6313@mail.com,Corporate,USA,New York,2021-12-19,3
6314,Raj Kapoor,raj.kapoor6314@mail.com,Consumer,India,Delhi,2025-08-20,27
6315,Raj Murphy,raj.murphy6315@mail.com,Consumer,India,Maharashtra,2023-04-18,25
6316,Patricia Taylor,patricia.taylor6316@mail.com,Consumer,USA,Florida,2019-06-02,4
6317,Amit Martinez,amit.martinez6317@mail.com,Consumer,Australia,Victoria,2024-07-26,18
6318,Thomas Johnson,thomas.johnson6318@mail.com,Consumer,Canada,Alberta,2019-06-23,16
6319,Nancy Smith,nancy.smith6319@mail.com,Consumer,Australia,Victoria,2024-03-26,18
6320,Mary Clarke,mary.clarke6320@mail.com,Corporate,USA,Texas,2022-11-13,2
6321,Joseph Clarke,joseph.clarke6321@mail.com,Consumer,Australia,Western Australia,2025-01-29,20
6322,Michael Cole,michael.cole6322@mail.com,Corporate,Germany,North Rhine-Westphalia,2024-07-22,24
6323,Linda Anderson,linda.anderson6323@mail.com,Small Business,USA,Georgia,2023-05-26,7
6324,Chloe Davis,chloe.davis6324@mail.com,Consumer,UK,England,2024-12-01,9
6325,Michael Williams,michael.williams6325@mail.com,Small Business,India,Gujarat,2019-03-01,29
6326,James Thomas,james.thomas6326@mail.com,Consumer,India,Uttar Pradesh,2025-07-24,30
6327,James Smith,james.smith6327@mail.com,Consumer,India,Delhi,2024-12-23,27
6328,Richard Hughes,richard.hughes6328@mail.com,Consumer,USA,New York,2019-10-25,3
6329,Michael Patel,michael.patel6329@mail.com,Consumer,Germany,Hesse,2020-01-27,23
6330,Raj Williams,raj.williams6330@mail.com,Consumer,Germany,Bavaria,2022-05-06,21
6331,Linda Murphy,linda.murphy6331@mail.com,Corporate,Australia,Western Australia,2025-10-01,20
6332,Patricia Evans,patricia.evans6332@mail.com,Consumer,USA,Ohio,2022-07-19,8
6333,Liam Hughes,liam.hughes6333@mail.com,Consumer,USA,California,2022-09-10,1
6334,Raj Garcia,raj.garcia6334@mail.com,Consumer,usa,Illinois,2019-01-22,5
6335,Sunita Garcia,sunita.garcia6335@mail.com,Consumer,Canada,Quebec,2019-09-02,14
6336,Mary Thomas,mary.thomas6336@mail.com,Consumer,UK,Wales,2023-10-29,11
6337,Charles Brown,charles.brown6337@mail.com,Consumer,India,Maharashtra,2025-02-14,25
6338,Liam Wilson,liam.wilson6338@mail.com,Small Business,UK,Scotland,2025-09-05,10
6339,Richard Lee,richard.lee6339@mail.com,Small Business,Australia,Victoria,2020-11-10,18
6340,Priya Miller,priya.miller6340@mail.com,Consumer,Canada,Ontario,2020-03-14,13
6341,Nancy Miller,nancy.miller6341@mail.com,Small Business,India,Gujarat,2025-01-30,29
6342,Chloe Lee,chloe.lee6342@mail.com,Small Business,Germany,Berlin,2021-12-19,22
6343,Joseph Thomas,joseph.thomas6343@mail.com,Corporate,Germany,Berlin,2019-09-01,22
6344,Patricia Davis,patricia.davis6344@mail.com,Consumer,India,Gujarat,2024-02-27,29
6345,Michael Brown,michael.brown6345@mail.com,Consumer,USA,Washington,2025-10-24,6
6346,Susan Wilson,,Consumer,Australia,Western Australia,2024-11-09,20
6347,Jennifer Smith,jennifer.smith6347@mail.com,Consumer,UK,England,2024-08-29,9
6348,Joseph Sharma,joseph.sharma6348@mail.com,Small Business,Australia,Victoria,2025-04-08,18
6349,Richard Smith,richard.smith6349@mail.com,Consumer,India,Uttar Pradesh,2025-07-02,30
6350,Joseph Miller,joseph.miller6350@mail.com,Consumer,UK,Scotland,2019-07-24,10
6351,Thomas Davis,thomas.davis6351@mail.com,Consumer,India,Maharashtra,2024-09-01,25
6352,Robert Patel,robert.patel6352@mail.com,Consumer,USA,Florida,2024-09-04,4
6353,Liam Rodriguez,liam.rodriguez6353@mail.com,Corporate,India,Karnataka,2020-06-07,26
6354,Priya Thompson,priya.thompson6354@mail.com,Small Business,usa,Florida,2019-06-01,4
6355,Susan Johnson,susan.johnson6355@mail.com,Small Business,Canada,Alberta,2021-01-31,16
6356,Robert Murphy,robert.murphy6356@mail.com,Consumer,USA,Georgia,2021-11-21,7
6357,Michael Thomas,michael.thomas6357@mail.com,Consumer,Germany,North Rhine-Westphalia,2021-06-14,24
6358,Barbara Clarke,barbara.clarke6358@mail.com,Consumer,United States,Florida,2020-05-24,4
6359,Nancy Jackson,nancy.jackson6359@mail.com,Consumer,USA,California,2022-05-07,1
6360,Patricia Kapoor,patricia.kapoor6360@mail.com,Corporate,UK,Northern Ireland,2022-11-23,12
6361,Karen Evans,karen.evans6361@mail.com,Small Business,USA,Ohio,2023-05-11,8
6362,Chloe Bennett,chloe.bennett6362@mail.com,Corporate,USA,Florida,2023-07-28,4
6363,Daniel Garcia,daniel.garcia6363@mail.com,Consumer,Australia,Victoria,2023-09-20,18
6364,David Brown,david.brown6364@mail.com,Consumer,India,Tamil Nadu,2024-11-19,28
6365,Nancy Wilson,nancy.wilson6365@mail.com,Corporate,USA,California,2020-09-05,1
6366,Priya Kapoor,priya.kapoor6366@mail.com,Corporate,Germany,Bavaria,2019-02-01,21
6367,Joseph Patel,joseph.patel6367@mail.com,Consumer,USA,Washington,2019-06-12,6
6368,Chloe Clarke,chloe.clarke6368@mail.com,Corporate,India,Tamil Nadu,2024-03-04,28
6369,Amit Jones,amit.jones6369@mail.com,Small Business,USA,Texas,2019-01-12,2
6370,Richard Garcia,richard.garcia6370@mail.com,Consumer,UK,Northern Ireland,2023-10-29,12
6371,Priya Clarke,priya.clarke6371@mail.com,Consumer,India,Karnataka,2023-06-13,26
6372,Noah Kapoor,noah.kapoor6372@mail.com,Consumer,Germany,Bavaria,2020-03-29,21
6373,Richard Bennett,richard.bennett6373@mail.com,Consumer,UK,Wales,2023-06-22,11
6374,Raj Jackson,raj.jackson6374@mail.com,Consumer,India,Maharashtra,2020-04-08,25
6375,Robert Wilson,robert.wilson6375@mail.com,Consumer,Germany,North Rhine-Westphalia,2020-08-19,24
6376,James Thompson,james.thompson6376@mail.com,Consumer,USA,California,2021-09-14,1
6377,Chloe Perez,chloe.perez6377@mail.com,Corporate,usa,Texas,2021-12-31,2
6378,Thomas Taylor,thomas.taylor6378@mail.com,Corporate,CANADA,British Columbia,2023-12-04,15
6379,Charles Sharma,charles.sharma6379@mail.com,Consumer,USA,Georgia,2019-05-03,7
6380,Sunita Davis,sunita.davis6380@mail.com,Small Business,Germany,Berlin,2019-07-19,22
6381,Charles Perez,charles.perez6381@mail.com,Consumer,Australia,Victoria,2019-02-25,18
6382,Amit Smith,amit.smith6382@mail.com,Corporate,USA,Illinois,2022-12-26,5
6383,Linda Smith,linda.smith6383@mail.com,Small Business,USA,New York,2025-01-26,3
6384,Nancy Clarke,nancy.clarke6384@mail.com,Consumer,India,Delhi,2021-07-17,27
6385,Noah Brown,noah.brown6385@mail.com,Consumer,India,Delhi,2020-01-17,27
6386,Barbara Davis,barbara.davis6386@mail.com,Consumer,Australia,Western Australia,2019-11-27,20
6387,Sunita Thomas,sunita.thomas6387@mail.com,Consumer,Australia,Queensland,2020-08-24,19
6388,Oliver Davis,oliver.davis6388@mail.com,Consumer,India,Uttar Pradesh,2025-07-31,30
6389,Nancy Williams,nancy.williams6389@mail.com,Corporate,Germany,Berlin,2025-10-04,22
6390,Mary Jones,mary.jones6390@mail.com,Consumer,USA,Illinois,2022-02-18,5
6391,Susan Jackson,susan.jackson6391@mail.com,Consumer,UK,England,2020-04-02,9
6392,Barbara Miller,barbara.miller6392@mail.com,Consumer,UK,England,2025-06-20,9
6393,John Taylor,john.taylor6393@mail.com,Small Business,IND,Uttar Pradesh,2019-04-23,30
6394,Michael Sharma,michael.sharma6394@mail.com,Consumer,UK,England,2021-11-24,9
6395,Mary Davis,mary.davis6395@mail.com,Consumer,USA,Illinois,2021-06-28,5
6396,Chloe Iyer,chloe.iyer6396@mail.com,Consumer,UK,Northern Ireland,2022-02-15,12
6397,Nancy Moore,nancy.moore6397@mail.com,Consumer,usa,New York,2021-05-29,3
6398,Sunita Murphy,sunita.murphy6398@mail.com,Consumer,Australia,Western Australia,2021-12-06,20
6399,Richard Jones,richard.jones6399@mail.com,Small Business,Australia,Western Australia,2021-04-02,20
6400,David Wilson,david.wilson6400@mail.com,Small Business,Australia,Western Australia,2024-10-08,20
6401,Priya Evans,priya.evans6401@mail.com,Small Business,Germany,Berlin,2024-05-29,22
6402,Oliver Johnson,oliver.johnson6402@mail.com,Corporate,India,Karnataka,2024-11-11,26
6403,Charles Evans,charles.evans6403@mail.com,Consumer,India,Maharashtra,2022-03-03,25
6404,Jessica Sharma,jessica.sharma6404@mail.com,Small Business,USA,Texas,2024-04-08,2
6405,Liam Martinez,liam.martinez6405@mail.com,Small Business,Canada,Quebec,2024-05-03,14
6406,Oliver Smith,oliver.smith6406@mail.com,Small Business,India,Delhi,2023-11-02,27
6407,Linda Bennett,linda.bennett6407@mail.com,Corporate,UK,Northern Ireland,2022-07-31,12
6408,Sunita Wilson,sunita.wilson6408@mail.com,Small Business,India,Karnataka,2024-08-24,26
6409,Richard Davis,richard.davis6409@mail.com,Small Business,Germany,Berlin,2023-08-10,22
6410,Michael Lee,michael.lee6410@mail.com,Consumer,Canada,Alberta,2019-03-31,16
6411,Mary Cole,mary.cole6411@mail.com,Small Business,Canada,Alberta,2023-01-05,16
6412,Chloe Patel,chloe.patel6412@mail.com,Consumer,USA,Illinois,2020-01-08,5
6413,Linda Evans,linda.evans6413@mail.com,Small Business,USA,Georgia,2024-09-22,7
6414,Raj Kapoor,raj.kapoor6414@mail.com,Small Business,UK,Scotland,2023-06-01,10
6415,Sunita Davis,sunita.davis6415@mail.com,Consumer,USA,Texas,2021-01-30,2
6416,Nancy Bennett,nancy.bennett6416@mail.com,Consumer,Germany,Bavaria,2024-09-15,21
6417,Joseph Martin,joseph.martin6417@mail.com,Consumer,USA,Texas,2023-04-26,2
6418,Richard Garcia,richard.garcia6418@mail.com,Consumer,Germany,Bavaria,2022-08-09,21
6419,Thomas Sharma,thomas.sharma6419@mail.com,Small Business,UK,Northern Ireland,2019-03-21,12
6420,James Williams,james.williams6420@mail.com,Corporate,Australia,Queensland,2019-05-11,19
6421,Sophie Jackson,sophie.jackson6421@mail.com,Consumer,Germany,Hesse,2021-12-10,23
6422,Robert Miller,robert.miller6422@mail.com,Consumer,australia,Western Australia,2024-05-26,20
6423,Mary Sharma,mary.sharma6423@mail.com,Consumer,USA,Florida,2019-03-14,4
6424,John Miller,john.miller6424@mail.com,Consumer,UK,Northern Ireland,2023-03-12,12
6425,John Williams,john.williams6425@mail.com,Small Business,Canada,British Columbia,2021-12-30,15
6426,Jennifer Perez,jennifer.perez6426@mail.com,Corporate,Canada,Alberta,2024-06-22,16
6427,Karen Hughes,karen.hughes6427@mail.com,Corporate,Canada,Quebec,2020-07-15,14
6428,Emma Cole,emma.cole6428@mail.com,Corporate,USA,Illinois,2023-04-20,5
6429,Michael Davis,michael.davis6429@mail.com,Corporate,Canada,British Columbia,2023-04-02,15
6430,Charles Williams,charles.williams6430@mail.com,Small Business,Germany,Berlin,2020-05-08,22
6431,Jessica Iyer,jessica.iyer6431@mail.com,Small Business,USA,Florida,2022-09-07,4
6432,Thomas Martinez,thomas.martinez6432@mail.com,Corporate,USA,Illinois,2019-09-06,5
6433,Jennifer Iyer,jennifer.iyer6433@mail.com,Consumer,USA,Illinois,2024-04-07,5
6434,Michael Davis,michael.davis6434@mail.com,Corporate,USA,Texas,2019-04-11,2
6435,Jessica Garcia,jessica.garcia6435@mail.com,Consumer,India,Gujarat,2019-08-09,29
6436,Nancy Davis,nancy.davis6436@mail.com,Small Business,Australia,New South Wales,2025-02-21,17
6437,Barbara Martinez,barbara.martinez6437@mail.com,Consumer,USA,Florida,2024-11-16,4
6438,Daniel Moore,daniel.moore6438@mail.com,Small Business,Germany,North Rhine-Westphalia,2021-06-02,24
6439,Priya Miller,priya.miller6439@mail.com,Corporate,USA,Georgia,2022-01-10,7
6440,David Bennett,david.bennett6440@mail.com,Corporate,USA,California,2021-04-30,1
6441,Emma Jackson,emma.jackson6441@mail.com,Consumer,USA,Washington,2021-11-27,6
6442,Robert Anderson,robert.anderson6442@mail.com,Consumer,USA,Ohio,2024-09-08,8
6443,Joseph Taylor,joseph.taylor6443@mail.com,Consumer,U.S.A,Washington,2021-09-27,6
6444,Jennifer Jackson,,Small Business,Germany,Bavaria,2022-05-26,21
6445,Thomas Thomas,thomas.thomas6445@mail.com,Consumer,Australia,Victoria,2025-07-19,18
6446,Charles Thompson,charles.thompson6446@mail.com,Small Business,Germany,Berlin,2020-02-28,22
6447,Sunita Thomas,sunita.thomas6447@mail.com,Consumer,Canada,Ontario,2025-08-25,13
6448,Oliver Jones,oliver.jones6448@mail.com,Consumer,India,Delhi,2021-07-17,27
6449,Liam Evans,liam.evans6449@mail.com,Consumer,India,Delhi,2019-10-13,27
6450,Sarah Smith,sarah.smith6450@mail.com,Corporate,Australia,Queensland,2024-04-09,19
6451,Oliver Taylor,oliver.taylor6451@mail.com,Small Business,India,Maharashtra,2024-04-17,25
6452,Jessica Bennett,jessica.bennett6452@mail.com,Consumer,Canada,Quebec,2019-04-11,14
6453,Robert Clarke,robert.clarke6453@mail.com,Small Business,Canada,Quebec,2021-05-01,14
6454,Chloe Cole,chloe.cole6454@mail.com,Consumer,UK,Wales,2025-03-14,11
6455,Barbara Thompson,,Corporate,Australia,Western Australia,2020-06-21,20
6456,Karen Jones,karen.jones6456@mail.com,Small Business,India,Delhi,2025-10-19,27
6457,Karen Iyer,karen.iyer6457@mail.com,Consumer,Canada,Alberta,2024-11-25,16
6458,Jennifer Rodriguez,jennifer.rodriguez6458@mail.com,Consumer,India,Tamil Nadu,2022-08-03,28
6459,Joseph Moore,joseph.moore6459@mail.com,Small Business,USA,Illinois,2025-08-30,5
6460,Barbara Moore,barbara.moore6460@mail.com,Consumer,USA,Georgia,2020-06-16,7
6461,Barbara Taylor,barbara.taylor6461@mail.com,Consumer,USA,Florida,2022-11-05,4
6462,Karen Thompson,karen.thompson6462@mail.com,Consumer,India,Delhi,2021-10-26,27
6463,Sarah Williams,sarah.williams6463@mail.com,Consumer,U.K.,England,2021-10-10,9
6464,Richard Jones,richard.jones6464@mail.com,Consumer,USA,Ohio,2024-09-19,8
6465,Amit Jackson,amit.jackson6465@mail.com,Consumer,UK,England,2021-03-31,9
6466,Michael Jones,michael.jones6466@mail.com,Small Business,Germany,North Rhine-Westphalia,2024-02-09,24
6467,Chloe Miller,chloe.miller6467@mail.com,Consumer,India,Tamil Nadu,2019-06-29,28
6468,James Smith,james.smith6468@mail.com,Corporate,India,Gujarat,2021-09-03,29
6469,Sophie Martin,sophie.martin6469@mail.com,Corporate,India,Delhi,2022-01-18,27
6470,Sunita Iyer,sunita.iyer6470@mail.com,Consumer,USA,Illinois,2022-02-02,5
6471,Susan Jackson,susan.jackson6471@mail.com,Corporate,USA,Georgia,2025-03-05,7
6472,Joseph Cole,joseph.cole6472@mail.com,Consumer,Canada,Quebec,2022-08-03,14
6473,Jessica Taylor,jessica.taylor6473@mail.com,Consumer,USA,Texas,2022-03-17,2
6474,Sunita Anderson,sunita.anderson6474@mail.com,Small Business,USA,Florida,2021-06-22,4
6475,Joseph Jackson,joseph.jackson6475@mail.com,Small Business,UK,Northern Ireland,2023-04-26,12
6476,Barbara Sharma,,Small Business,Germany,Berlin,2024-03-07,22
6477,Daniel Williams,daniel.williams6477@mail.com,Consumer,Germany,North Rhine-Westphalia,2020-07-31,24
6478,Jessica Murphy,jessica.murphy6478@mail.com,Consumer,USA,California,2020-03-01,1
6479,Mary Cole,mary.cole6479@mail.com,Consumer,India,Delhi,2022-03-24,27
6480,Patricia Taylor,patricia.taylor6480@mail.com,Small Business,UK,Wales,2021-12-20,11
6481,Chloe Perez,chloe.perez6481@mail.com,Corporate,Germany,North Rhine-Westphalia,2025-06-12,24
6482,Jennifer Miller,jennifer.miller6482@mail.com,Small Business,UK,England,2020-06-05,9
6483,Oliver Thomas,oliver.thomas6483@mail.com,Consumer,USA,New York,2021-05-19,3
6484,David Clarke,david.clarke6484@mail.com,Consumer,USA,New York,2021-06-21,3
6485,Chloe Clarke,chloe.clarke6485@mail.com,Small Business,USA,Florida,2022-02-04,4
6486,Sunita Anderson,sunita.anderson6486@mail.com,Consumer,USA,Georgia,2025-09-22,7
6487,Charles Kapoor,charles.kapoor6487@mail.com,Consumer,USA,Ohio,2022-05-04,8
6488,Sarah Sharma,sarah.sharma6488@mail.com,Corporate,Australia,Queensland,2020-01-13,19
6489,Amit Anderson,amit.anderson6489@mail.com,Corporate,Canada,British Columbia,2020-08-21,15
6490,Amit Johnson,amit.johnson6490@mail.com,Small Business,UK,Scotland,2021-03-28,10
6491,Priya Taylor,priya.taylor6491@mail.com,Consumer,Germany,Hesse,2023-02-04,23
6492,Chloe Thomas,chloe.thomas6492@mail.com,Consumer,Canada,Ontario,2020-12-13,13
6493,Sunita Davis,sunita.davis6493@mail.com,Consumer,Germany,North Rhine-Westphalia,2021-06-03,24
6494,Linda Jackson,linda.jackson6494@mail.com,Consumer,Canada,Ontario,2023-02-08,13
6495,Mary Cole,mary.cole6495@mail.com,Corporate,USA,Texas,2023-06-24,2
6496,Liam Anderson,liam.anderson6496@mail.com,Consumer,India,Maharashtra,2019-11-13,25
6497,Priya Kapoor,priya.kapoor6497@mail.com,Corporate,USA,Florida,2024-10-27,4
6498,Raj Smith,raj.smith6498@mail.com,Consumer,India,Tamil Nadu,2021-10-14,28
6499,Amit Patel,amit.patel6499@mail.com,Consumer,usa,Washington,2022-08-26,6
6500,Priya Jones,priya.jones6500@mail.com,Corporate,India,Karnataka,2019-04-15,26
6501,David Thompson,david.thompson6501@mail.com,Corporate,Canada,Ontario,2019-06-04,13
6502,Thomas Patel,thomas.patel6502@mail.com,Consumer,United States,Ohio,2024-08-31,8
6503,John Rodriguez,john.rodriguez6503@mail.com,Consumer,India,Uttar Pradesh,2020-01-08,30
6504,Linda Thompson,linda.thompson6504@mail.com,Small Business,USA,California,2025-02-01,1
6505,Daniel Patel,daniel.patel6505@mail.com,Corporate,USA,Georgia,2021-10-25,7
6506,Liam Garcia,liam.garcia6506@mail.com,Consumer,USA,Washington,2025-06-11,6
6507,James Brown,james.brown6507@mail.com,Consumer,Canada,Quebec,2024-10-31,14
6508,Oliver Williams,oliver.williams6508@mail.com,Consumer,India,Uttar Pradesh,2021-04-18,30
6509,Priya Kapoor,priya.kapoor6509@mail.com,Small Business,USA,California,2022-07-28,1
6510,Chloe Taylor,chloe.taylor6510@mail.com,Consumer,USA,Illinois,2020-07-03,5
6511,Joseph Kapoor,joseph.kapoor6511@mail.com,Consumer,USA,New York,2019-04-17,3
6512,Daniel Murphy,daniel.murphy6512@mail.com,Consumer,India,Delhi,2021-11-13,27
6513,Robert Martin,robert.martin6513@mail.com,Corporate,USA,Washington,2021-06-06,6
6514,Chloe Miller,chloe.miller6514@mail.com,Small Business,Canada,Alberta,2020-03-27,16
6515,Noah Thomas,noah.thomas6515@mail.com,Corporate,Germany,Berlin,2019-08-13,22
6516,Jennifer Hughes,jennifer.hughes6516@mail.com,Corporate,Canada,Ontario,2025-10-22,13
6517,Jessica Rodriguez,jessica.rodriguez6517@mail.com,Small Business,Germany,North Rhine-Westphalia,2022-10-21,24
6518,Amit Martinez,amit.martinez6518@mail.com,Consumer,India,Gujarat,2024-09-18,29
6519,Charles Lee,charles.lee6519@mail.com,Small Business,Germany,Bavaria,2025-10-09,21
6520,Raj Murphy,raj.murphy6520@mail.com,Consumer,Canada,Alberta,2025-10-13,16
6521,Joseph Perez,joseph.perez6521@mail.com,Consumer,Canada,Quebec,2020-09-25,14
6522,Barbara Iyer,barbara.iyer6522@mail.com,Consumer,India,Tamil Nadu,2020-11-10,28
6523,Jessica Clarke,jessica.clarke6523@mail.com,Corporate,USA,Illinois,2024-11-02,5
6524,Noah Cole,noah.cole6524@mail.com,Corporate,Australia,Queensland,2023-04-27,19
6525,Sunita Bennett,sunita.bennett6525@mail.com,Consumer,India,Maharashtra,2023-11-07,25
6526,Robert Brown,robert.brown6526@mail.com,Consumer,USA,Washington,2024-10-04,6
6527,Priya Perez,priya.perez6527@mail.com,Corporate,USA,California,2023-10-11,1
6528,Oliver Evans,oliver.evans6528@mail.com,Consumer,USA,Texas,2025-01-22,2
6529,Susan Hughes,susan.hughes6529@mail.com,Consumer,India,Tamil Nadu,2021-08-10,28
6530,John Rodriguez,john.rodriguez6530@mail.com,Corporate,DE,Bavaria,2022-05-16,21
6531,Sunita Miller,sunita.miller6531@mail.com,Small Business,India,Tamil Nadu,2021-05-15,28
6532,Chloe Iyer,chloe.iyer6532@mail.com,Consumer,USA,Ohio,2025-01-30,8
6533,Joseph Kapoor,joseph.kapoor6533@mail.com,Consumer,U.K.,England,2022-07-14,9
6534,Barbara Smith,barbara.smith6534@mail.com,Consumer,USA,Texas,2020-11-22,2
6535,Jennifer Hughes,jennifer.hughes6535@mail.com,Corporate,UK,Scotland,2019-10-27,10
6536,Sarah Smith,sarah.smith6536@mail.com,Small Business,UK,Scotland,2024-05-02,10
6537,Patricia Williams,patricia.williams6537@mail.com,Consumer,india,Delhi,2023-10-02,27
6538,Oliver Kapoor,oliver.kapoor6538@mail.com,Corporate,UK,Scotland,2020-04-06,10
6539,Jessica Martin,jessica.martin6539@mail.com,Consumer,USA,Georgia,2021-10-19,7
6540,Jessica Sharma,jessica.sharma6540@mail.com,Corporate,Canada,Alberta,2023-05-16,16
6541,Barbara Iyer,barbara.iyer6541@mail.com,Consumer,usa,California,2024-04-05,1
6542,Jessica Garcia,jessica.garcia6542@mail.com,Corporate,UK,Scotland,2023-03-25,10
6543,Jennifer Anderson,jennifer.anderson6543@mail.com,Corporate,USA,Ohio,2021-04-15,8
6544,Jennifer Kapoor,jennifer.kapoor6544@mail.com,Small Business,USA,Illinois,2023-03-18,5
6545,John Miller,john.miller6545@mail.com,Small Business,USA,California,2022-09-27,1
6546,Sarah Garcia,,Consumer,USA,Illinois,2022-09-18,5
6547,Charles Brown,charles.brown6547@mail.com,Consumer,Australia,New South Wales,2023-10-10,17
6548,Thomas Perez,thomas.perez6548@mail.com,Consumer,Canada,Ontario,2024-09-21,13
6549,Liam Miller,liam.miller6549@mail.com,Corporate,USA,California,2023-09-08,1
6550,Jennifer Miller,jennifer.miller6550@mail.com,Consumer,USA,California,2025-09-26,1
6551,Mary Iyer,mary.iyer6551@mail.com,Small Business,Canada,British Columbia,2024-05-26,15
6552,Jennifer Evans,jennifer.evans6552@mail.com,Consumer,Australia,Queensland,2022-09-01,19
6553,Oliver Miller,oliver.miller6553@mail.com,Consumer,Canada,Alberta,2022-09-08,16
6554,David Murphy,david.murphy6554@mail.com,Consumer,UK,Scotland,2022-10-14,10
6555,Sophie Thomas,sophie.thomas6555@mail.com,Corporate,Germany,North Rhine-Westphalia,2021-09-02,24
6556,Thomas Sharma,thomas.sharma6556@mail.com,Consumer,Canada,Ontario,2024-12-29,13
6557,Chloe Thompson,chloe.thompson6557@mail.com,Consumer,India,Karnataka,2024-06-02,26
6558,Patricia Bennett,patricia.bennett6558@mail.com,Consumer,USA,Texas,2019-04-02,2
6559,Priya Garcia,priya.garcia6559@mail.com,Consumer,USA,Florida,2024-03-27,4
6560,Robert Martinez,robert.martinez6560@mail.com,Consumer,USA,Ohio,2024-12-21,8
6561,Robert Taylor,robert.taylor6561@mail.com,Consumer,Australia,Western Australia,2019-02-25,20
6562,Patricia Rodriguez,patricia.rodriguez6562@mail.com,Corporate,India,Tamil Nadu,2019-10-03,28
6563,Robert Wilson,robert.wilson6563@mail.com,Corporate,UK,Northern Ireland,2020-02-25,12
6564,James Perez,james.perez6564@mail.com,Consumer,India,Uttar Pradesh,2024-03-18,30
6565,Linda Jackson,linda.jackson6565@mail.com,Small Business,India,Karnataka,2021-07-17,26
6566,Sarah Patel,sarah.patel6566@mail.com,Small Business,USA,Texas,2020-04-21,2
6567,Oliver Brown,oliver.brown6567@mail.com,Small Business,India,Uttar Pradesh,2023-07-02,30
6568,James Johnson,james.johnson6568@mail.com,Consumer,Germany,Hesse,2021-01-26,23
6569,David Clarke,david.clarke6569@mail.com,Consumer,IND,Karnataka,2021-08-15,26
6570,James Patel,james.patel6570@mail.com,Consumer,UK,Scotland,2023-05-29,10
6571,Daniel Evans,daniel.evans6571@mail.com,Small Business,India,Uttar Pradesh,2019-01-31,30
6572,Mary Brown,mary.brown6572@mail.com,Consumer,United States,Illinois,2022-12-05,5
6573,Michael Martin,michael.martin6573@mail.com,Small Business,Germany,North Rhine-Westphalia,2022-06-19,24
6574,Emma Smith,emma.smith6574@mail.com,Consumer,UK,Scotland,2022-03-25,10
6575,Joseph Thompson,joseph.thompson6575@mail.com,Consumer,United States,Illinois,2019-05-21,5
6576,Charles Clarke,charles.clarke6576@mail.com,Consumer,Canada,Ontario,2019-05-12,13
6577,David Cole,david.cole6577@mail.com,Corporate,Canada,Ontario,2021-02-07,13
6578,Sarah Jackson,sarah.jackson6578@mail.com,Consumer,USA,California,2019-12-02,1
6579,Oliver Wilson,oliver.wilson6579@mail.com,Small Business,India,Gujarat,2025-02-14,29
6580,Nancy Thomas,nancy.thomas6580@mail.com,Consumer,USA,California,2021-05-08,1
6581,Richard Anderson,richard.anderson6581@mail.com,Corporate,USA,Illinois,2019-08-28,5
6582,Raj Murphy,raj.murphy6582@mail.com,Consumer,Australia,Victoria,2020-09-19,18
6583,Richard Wilson,richard.wilson6583@mail.com,Small Business,Canada,Ontario,2024-11-01,13
6584,Liam Davis,liam.davis6584@mail.com,Corporate,USA,Washington,2022-07-24,6
6585,Susan Patel,susan.patel6585@mail.com,Small Business,Canada,British Columbia,2025-05-20,15
6586,Joseph Taylor,joseph.taylor6586@mail.com,Small Business,India,Tamil Nadu,2019-11-10,28
6587,Nancy Johnson,nancy.johnson6587@mail.com,Consumer,USA,Ohio,2023-08-19,8
6588,Susan Bennett,susan.bennett6588@mail.com,Consumer,AUS,New South Wales,2019-02-16,17
6589,Richard Evans,richard.evans6589@mail.com,Consumer,IND,Uttar Pradesh,2025-01-29,30
6590,Patricia Smith,patricia.smith6590@mail.com,Small Business,Canada,Alberta,2021-06-12,16
6591,Thomas Bennett,thomas.bennett6591@mail.com,Small Business,USA,Illinois,2023-01-24,5
6592,Amit Taylor,amit.taylor6592@mail.com,Small Business,USA,New York,2021-12-04,3
6593,Sunita Hughes,sunita.hughes6593@mail.com,Consumer,Australia,Queensland,2021-12-20,19
6594,Noah Cole,noah.cole6594@mail.com,Consumer,Germany,Bavaria,2022-10-09,21
6595,John Smith,john.smith6595@mail.com,Consumer,UK,Northern Ireland,2025-10-14,12
6596,Nancy Brown,nancy.brown6596@mail.com,Consumer,UK,Scotland,2020-05-11,10
6597,Sophie Martin,sophie.martin6597@mail.com,Consumer,Australia,Western Australia,2022-09-05,20
6598,David Kapoor,david.kapoor6598@mail.com,Consumer,India,Delhi,2024-04-13,27
6599,Oliver Hughes,oliver.hughes6599@mail.com,Consumer,Germany,North Rhine-Westphalia,2023-03-05,24
6600,Linda Anderson,linda.anderson6600@mail.com,Corporate,USA,Washington,2019-03-04,6
6601,Thomas Thompson,thomas.thompson6601@mail.com,Corporate,India,Karnataka,2025-01-19,26
6602,Raj Patel,raj.patel6602@mail.com,Consumer,USA,Georgia,2021-10-09,7
6603,Sophie Jackson,sophie.jackson6603@mail.com,Small Business,USA,California,2021-06-01,1
6604,Charles Thomas,charles.thomas6604@mail.com,Consumer,Australia,New South Wales,2025-09-19,17
6605,Raj Miller,raj.miller6605@mail.com,Consumer,Germany,Berlin,2019-06-13,22
6606,James Sharma,james.sharma6606@mail.com,Small Business,Australia,Victoria,2024-12-11,18
6607,Liam Wilson,liam.wilson6607@mail.com,Consumer,canada,Quebec,2022-07-09,14
6608,James Sharma,james.sharma6608@mail.com,Small Business,Australia,Victoria,2024-01-21,18
6609,Susan Bennett,susan.bennett6609@mail.com,Consumer,Canada,Alberta,2019-02-12,16
6610,Mary Evans,mary.evans6610@mail.com,Consumer,USA,New York,2024-11-17,3
6611,Sunita Wilson,sunita.wilson6611@mail.com,Small Business,India,Karnataka,2025-07-18,26
6612,Raj Moore,raj.moore6612@mail.com,Small Business,Canada,Alberta,2022-12-21,16
6613,Linda Thompson,linda.thompson6613@mail.com,Consumer,Canada,Alberta,2024-04-21,16
6614,Sarah Taylor,sarah.taylor6614@mail.com,Corporate,Australia,Queensland,2022-09-07,19
6615,Sunita Thompson,sunita.thompson6615@mail.com,Consumer,Australia,Queensland,2025-05-04,19
6616,Emma Williams,emma.williams6616@mail.com,Consumer,India,Karnataka,2021-06-27,26
6617,Susan Thomas,susan.thomas6617@mail.com,Corporate,India,Tamil Nadu,2023-08-12,28
6618,Chloe Cole,chloe.cole6618@mail.com,Consumer,India,Uttar Pradesh,2024-09-23,30
6619,Sarah Patel,sarah.patel6619@mail.com,Consumer,Canada,Alberta,2020-04-11,16
6620,Sophie Kapoor,sophie.kapoor6620@mail.com,Consumer,India,Delhi,2024-01-01,27
6621,Noah Brown,noah.brown6621@mail.com,Small Business,USA,Florida,2024-07-16,4
6622,Sunita Taylor,sunita.taylor6622@mail.com,Small Business,India,Uttar Pradesh,2019-12-18,30
6623,Barbara Thompson,barbara.thompson6623@mail.com,Consumer,USA,New York,2022-10-26,3
6624,Michael Kapoor,michael.kapoor6624@mail.com,Consumer,USA,Illinois,2024-09-01,5
6625,John Bennett,john.bennett6625@mail.com,Corporate,Australia,Western Australia,2025-08-23,20
6626,Charles Murphy,charles.murphy6626@mail.com,Consumer,USA,Washington,2022-04-29,6
6627,Daniel Evans,daniel.evans6627@mail.com,Consumer,India,Uttar Pradesh,2020-08-20,30
6628,Sophie Kapoor,sophie.kapoor6628@mail.com,Corporate,Germany,North Rhine-Westphalia,2022-01-13,24
6629,Charles Johnson,charles.johnson6629@mail.com,Consumer,Australia,Queensland,2021-06-25,19
6630,John Jackson,john.jackson6630@mail.com,Consumer,Germany,Hesse,2022-07-29,23
6631,Emma Williams,,Consumer,Australia,New South Wales,2019-01-04,17
6632,Barbara Hughes,barbara.hughes6632@mail.com,Consumer,USA,New York,2020-11-27,3
6633,Raj Lee,,Consumer,India,Delhi,2019-11-26,27
6634,Sophie Moore,sophie.moore6634@mail.com,Consumer,USA,Ohio,2023-09-28,8
6635,Jennifer Murphy,,Corporate,Germany,Hesse,2024-07-02,23
6636,Thomas Brown,thomas.brown6636@mail.com,Consumer,Germany,Hesse,2022-07-21,23
6637,Sarah Patel,sarah.patel6637@mail.com,Small Business,UK,Wales,2021-12-05,11
6638,Karen Davis,karen.davis6638@mail.com,Corporate,U.K.,England,2021-12-22,9
6639,Linda Miller,linda.miller6639@mail.com,Consumer,Germany,Bavaria,2024-03-15,21
6640,Jennifer Clarke,jennifer.clarke6640@mail.com,Consumer,India,Delhi,2021-04-26,27
6641,Raj Kapoor,raj.kapoor6641@mail.com,Consumer,India,Karnataka,2021-06-16,26
6642,Robert Brown,robert.brown6642@mail.com,Consumer,India,Maharashtra,2022-12-19,25
6643,Jessica Kapoor,jessica.kapoor6643@mail.com,Corporate,Canada,Quebec,2024-05-20,14
6644,James Garcia,james.garcia6644@mail.com,Consumer,USA,Florida,2025-10-07,4
6645,Chloe Cole,chloe.cole6645@mail.com,Corporate,Germany,North Rhine-Westphalia,2021-09-25,24
6646,Richard Murphy,richard.murphy6646@mail.com,Small Business,UK,Wales,2023-12-30,11
6647,Joseph Clarke,joseph.clarke6647@mail.com,Corporate,USA,Washington,2020-05-05,6
6648,David Davis,david.davis6648@mail.com,Consumer,India,Gujarat,2024-11-24,29
6649,Sunita Rodriguez,sunita.rodriguez6649@mail.com,Consumer,USA,California,2023-09-05,1
6650,Raj Jackson,raj.jackson6650@mail.com,Corporate,india,Gujarat,2024-10-06,29
6651,Noah Patel,noah.patel6651@mail.com,Consumer,UK,Wales,2022-12-09,11
6652,Patricia Patel,patricia.patel6652@mail.com,Consumer,India,Tamil Nadu,2023-09-22,28
6653,John Cole,john.cole6653@mail.com,Corporate,USA,Ohio,2019-04-18,8
6654,Karen Sharma,karen.sharma6654@mail.com,Corporate,Germany,Bavaria,2021-11-02,21
6655,Sunita Jackson,sunita.jackson6655@mail.com,Consumer,UK,Northern Ireland,2021-11-15,12
6656,Robert Evans,robert.evans6656@mail.com,Consumer,India,Karnataka,2021-11-04,26
6657,Amit Wilson,amit.wilson6657@mail.com,Consumer,USA,New York,2024-01-20,3
6658,Sophie Davis,sophie.davis6658@mail.com,Corporate,Australia,Western Australia,2023-02-26,20
6659,Chloe Perez,chloe.perez6659@mail.com,Consumer,Canada,Quebec,2025-05-16,14
6660,Oliver Cole,oliver.cole6660@mail.com,Corporate,Germany,Bavaria,2019-03-27,21
6661,Nancy Williams,nancy.williams6661@mail.com,Small Business,Australia,Queensland,2020-05-15,19
6662,Priya Wilson,priya.wilson6662@mail.com,Corporate,India,Tamil Nadu,2022-03-12,28
6663,Joseph Cole,joseph.cole6663@mail.com,Consumer,India,Uttar Pradesh,2025-02-02,30
6664,Amit Iyer,amit.iyer6664@mail.com,Consumer,Germany,North Rhine-Westphalia,2019-07-08,24
6665,Sunita Iyer,sunita.iyer6665@mail.com,Small Business,USA,California,2025-04-20,1
6666,Joseph Sharma,joseph.sharma6666@mail.com,Corporate,Germany,Hesse,2022-03-15,23
6667,Priya Evans,priya.evans6667@mail.com,Consumer,Germany,Bavaria,2024-05-30,21
6668,Karen Bennett,karen.bennett6668@mail.com,Consumer,USA,Ohio,2019-06-21,8
6669,Jessica Evans,jessica.evans6669@mail.com,Consumer,uk,Wales,2020-02-05,11
6670,Linda Davis,linda.davis6670@mail.com,Consumer,India,Tamil Nadu,2021-11-23,28
6671,David Brown,david.brown6671@mail.com,Consumer,Canada,Ontario,2020-02-06,13
6672,Barbara Williams,barbara.williams6672@mail.com,Consumer,germany,Bavaria,2020-05-27,21
6673,Patricia Williams,patricia.williams6673@mail.com,Corporate,India,Delhi,2024-07-15,27
6674,Richard Iyer,richard.iyer6674@mail.com,Consumer,Canada,British Columbia,2022-06-20,15
6675,Daniel Cole,daniel.cole6675@mail.com,Consumer,Canada,British Columbia,2019-06-23,15
6676,Michael Iyer,michael.iyer6676@mail.com,Consumer,Germany,Berlin,2022-09-21,22
6677,Patricia Perez,patricia.perez6677@mail.com,Corporate,USA,New York,2023-02-21,3
6678,Susan Jones,susan.jones6678@mail.com,Consumer,Australia,Queensland,2019-10-23,19
6679,Sophie Wilson,sophie.wilson6679@mail.com,Corporate,India,Karnataka,2021-06-28,26
6680,Joseph Perez,joseph.perez6680@mail.com,Corporate,USA,Florida,2022-07-06,4
6681,Sunita Smith,sunita.smith6681@mail.com,Corporate,UK,Scotland,2025-03-18,10
6682,Barbara Johnson,barbara.johnson6682@mail.com,Small Business,UK,Wales,2022-08-30,11
6683,Daniel Lee,daniel.lee6683@mail.com,Consumer,India,Gujarat,2020-10-26,29
6684,Michael Bennett,michael.bennett6684@mail.com,Small Business,Germany,North Rhine-Westphalia,2022-02-18,24
6685,Joseph Thomas,joseph.thomas6685@mail.com,Consumer,Germany,North Rhine-Westphalia,2021-12-17,24
6686,Richard Clarke,richard.clarke6686@mail.com,Consumer,UK,Wales,2022-06-10,11
6687,Susan Evans,susan.evans6687@mail.com,Corporate,USA,California,2021-04-24,1
6688,Raj Cole,raj.cole6688@mail.com,Consumer,USA,Illinois,2025-06-16,5
6689,Emma Jones,emma.jones6689@mail.com,Corporate,UK,Northern Ireland,2024-09-28,12
6690,Charles Patel,charles.patel6690@mail.com,Consumer,canada,British Columbia,2024-03-17,15
6691,Nancy Perez,nancy.perez6691@mail.com,Consumer,UK,Wales,2020-05-17,11
6692,Linda Brown,linda.brown6692@mail.com,Consumer,India,Gujarat,2021-05-12,29
6693,Joseph Smith,joseph.smith6693@mail.com,Consumer,USA,California,2025-10-31,1
6694,Karen Bennett,karen.bennett6694@mail.com,Consumer,uk,Scotland,2022-01-07,10
6695,Thomas Wilson,thomas.wilson6695@mail.com,Consumer,India,Karnataka,2021-01-21,26
6696,John Hughes,john.hughes6696@mail.com,Corporate,Australia,New South Wales,2020-01-10,17
6697,Barbara Hughes,barbara.hughes6697@mail.com,Corporate,USA,Georgia,2021-04-11,7
6698,Linda Jackson,linda.jackson6698@mail.com,Corporate,India,Karnataka,2023-11-25,26
6699,Raj Moore,raj.moore6699@mail.com,Small Business,Australia,Victoria,2024-09-20,18
6700,John Thompson,john.thompson6700@mail.com,Corporate,India,Maharashtra,2021-08-28,25
6701,Barbara Jones,barbara.jones6701@mail.com,Consumer,Germany,North Rhine-Westphalia,2024-04-05,24
6702,Sunita Patel,sunita.patel6702@mail.com,Small Business,UK,Scotland,2019-09-17,10
6703,Sophie Evans,sophie.evans6703@mail.com,Consumer,Canada,British Columbia,2024-04-24,15
6704,Liam Kapoor,liam.kapoor6704@mail.com,Consumer,India,Karnataka,2021-04-10,26
6705,Mary Thompson,mary.thompson6705@mail.com,Consumer,Germany,Bavaria,2023-02-16,21
6706,Richard Martinez,richard.martinez6706@mail.com,Small Business,UK,Wales,2022-05-17,11
6707,Charles Kapoor,charles.kapoor6707@mail.com,Consumer,India,Uttar Pradesh,2020-02-12,30
6708,Patricia Rodriguez,patricia.rodriguez6708@mail.com,Consumer,USA,New York,2022-10-29,3
6709,Sophie Kapoor,sophie.kapoor6709@mail.com,Consumer,USA,Texas,2020-05-28,2
6710,Daniel Jackson,daniel.jackson6710@mail.com,Corporate,usa,Florida,2024-01-27,4
6711,Priya Hughes,priya.hughes6711@mail.com,Consumer,Germany,North Rhine-Westphalia,2021-05-10,24
6712,Michael Jackson,michael.jackson6712@mail.com,Small Business,India,Maharashtra,2021-07-24,25
6713,Barbara Kapoor,barbara.kapoor6713@mail.com,Corporate,Australia,Western Australia,2022-02-05,20
6714,Joseph Johnson,joseph.johnson6714@mail.com,Corporate,India,Gujarat,2024-04-06,29
6715,Emma Wilson,emma.wilson6715@mail.com,Corporate,India,Maharashtra,2024-11-06,25
6716,John Hughes,john.hughes6716@mail.com,Small Business,USA,Texas,2022-12-20,2
6717,Amit Miller,amit.miller6717@mail.com,Consumer,USA,Texas,2021-09-23,2
6718,Sophie Iyer,sophie.iyer6718@mail.com,Corporate,usa,Illinois,2023-06-16,5
6719,Chloe Evans,chloe.evans6719@mail.com,Consumer,India,Gujarat,2019-05-09,29
6720,Linda Kapoor,linda.kapoor6720@mail.com,Corporate,India,Gujarat,2020-09-19,29
6721,Sunita Johnson,sunita.johnson6721@mail.com,Consumer,Australia,New South Wales,2024-02-10,17
6722,Chloe Bennett,chloe.bennett6722@mail.com,Corporate,India,Uttar Pradesh,2019-07-28,30
6723,Oliver Garcia,oliver.garcia6723@mail.com,Consumer,AUS,Victoria,2020-07-02,18
6724,Sophie Jackson,sophie.jackson6724@mail.com,Consumer,USA,Georgia,2022-11-14,7
6725,Sunita Taylor,sunita.taylor6725@mail.com,Consumer,Australia,Victoria,2020-05-22,18
6726,Barbara Hughes,barbara.hughes6726@mail.com,Consumer,australia,New South Wales,2020-03-04,17
6727,Raj Cole,raj.cole6727@mail.com,Small Business,USA,Texas,2022-03-17,2
6728,Sophie Garcia,sophie.garcia6728@mail.com,Small Business,USA,Ohio,2024-10-22,8
6729,James Lee,james.lee6729@mail.com,Consumer,India,Karnataka,2023-11-02,26
6730,Joseph Wilson,joseph.wilson6730@mail.com,Consumer,Germany,North Rhine-Westphalia,2023-09-17,24
6731,Jessica Patel,jessica.patel6731@mail.com,Consumer,India,Maharashtra,2024-09-11,25
6732,Sarah Anderson,sarah.anderson6732@mail.com,Consumer,Germany,Hesse,2024-04-16,23
6733,Oliver Taylor,oliver.taylor6733@mail.com,Consumer,USA,New York,2025-01-11,3
6734,Joseph Williams,joseph.williams6734@mail.com,Consumer,USA,Florida,2023-06-24,4
6735,Charles Iyer,charles.iyer6735@mail.com,Consumer,CANADA,British Columbia,2021-07-04,15
6736,Barbara Martinez,barbara.martinez6736@mail.com,Corporate,Australia,New South Wales,2025-06-26,17
6737,Amit Cole,amit.cole6737@mail.com,Consumer,India,Gujarat,2025-04-16,29
6738,Michael Kapoor,michael.kapoor6738@mail.com,Corporate,UK,Northern Ireland,2024-07-11,12
6739,Sophie Lee,sophie.lee6739@mail.com,Consumer,IND,Gujarat,2022-03-25,29
6740,Joseph Brown,joseph.brown6740@mail.com,Small Business,India,Gujarat,2021-11-03,29
6741,John Wilson,john.wilson6741@mail.com,Consumer,USA,New York,2019-02-20,3
6742,Oliver Evans,oliver.evans6742@mail.com,Consumer,UK,Wales,2023-05-24,11
6743,Daniel Bennett,daniel.bennett6743@mail.com,Corporate,usa,Texas,2022-12-27,2
6744,Emma Johnson,emma.johnson6744@mail.com,Consumer,India,Delhi,2022-01-18,27
6745,Sophie Cole,sophie.cole6745@mail.com,Consumer,Australia,New South Wales,2022-05-24,17
6746,Amit Martinez,amit.martinez6746@mail.com,Small Business,USA,New York,2024-04-23,3
6747,Thomas Sharma,thomas.sharma6747@mail.com,Consumer,Canada,Quebec,2025-02-03,14
6748,Jennifer Perez,jennifer.perez6748@mail.com,Consumer,Canada,Ontario,2024-02-03,13
6749,John Moore,john.moore6749@mail.com,Consumer,USA,California,2023-08-04,1
6750,Amit Jackson,amit.jackson6750@mail.com,Consumer,Canada,Ontario,2021-12-31,13
6751,Barbara Murphy,barbara.murphy6751@mail.com,Consumer,Canada,British Columbia,2020-01-15,15
6752,John Miller,,Consumer,Canada,Alberta,2020-08-22,16
6753,Michael Evans,michael.evans6753@mail.com,Consumer,Australia,Western Australia,2023-09-26,20
6754,Sunita Miller,,Consumer,India,Uttar Pradesh,2023-03-25,30
6755,Sunita Sharma,sunita.sharma6755@mail.com,Consumer,Australia,Victoria,2025-06-20,18
6756,James Anderson,james.anderson6756@mail.com,Small Business,India,Delhi,2020-07-17,27
6757,Sunita Bennett,sunita.bennett6757@mail.com,Corporate,UK,Wales,2019-03-12,11
6758,Daniel Brown,daniel.brown6758@mail.com,Small Business,India,Karnataka,2022-07-31,26
6759,Raj Evans,raj.evans6759@mail.com,Consumer,India,Uttar Pradesh,2021-05-06,30
6760,Sophie Jones,sophie.jones6760@mail.com,Consumer,India,Maharashtra,2021-09-09,25
6761,Joseph Thomas,joseph.thomas6761@mail.com,Corporate,India,Gujarat,2022-03-20,29
6762,Raj Hughes,raj.hughes6762@mail.com,Consumer,India,Tamil Nadu,2019-10-25,28
6763,Jennifer Cole,jennifer.cole6763@mail.com,Consumer,USA,Georgia,2019-09-08,7
6764,Mary Brown,mary.brown6764@mail.com,Small Business,USA,Illinois,2019-12-05,5
6765,Susan Jackson,susan.jackson6765@mail.com,Corporate,Australia,Queensland,2021-05-06,19
6766,Jennifer Johnson,jennifer.johnson6766@mail.com,Consumer,India,Delhi,2023-05-18,27
6767,Patricia Martin,patricia.martin6767@mail.com,Consumer,Canada,Alberta,2021-09-27,16
6768,Priya Wilson,priya.wilson6768@mail.com,Corporate,India,Maharashtra,2022-05-13,25
6769,Daniel Thomas,daniel.thomas6769@mail.com,Consumer,Germany,Bavaria,2022-10-29,21
6770,John Sharma,john.sharma6770@mail.com,Corporate,UK,Scotland,2019-03-08,10
6771,Sunita Taylor,sunita.taylor6771@mail.com,Consumer,United States,Texas,2019-05-25,2
6772,Linda Johnson,linda.johnson6772@mail.com,Consumer,USA,Ohio,2022-11-02,8
6773,Patricia Davis,patricia.davis6773@mail.com,Small Business,USA,Texas,2025-01-16,2
6774,Joseph Jackson,joseph.jackson6774@mail.com,Consumer,Canada,British Columbia,2021-11-13,15
6775,Barbara Kapoor,barbara.kapoor6775@mail.com,Corporate,CANADA,Alberta,2020-01-03,16
6776,Nancy Garcia,nancy.garcia6776@mail.com,Corporate,USA,California,2024-02-04,1
6777,Priya Iyer,priya.iyer6777@mail.com,Small Business,Canada,Ontario,2019-01-22,13
6778,Joseph Clarke,joseph.clarke6778@mail.com,Consumer,USA,New York,2024-08-29,3
6779,Amit Evans,amit.evans6779@mail.com,Corporate,USA,Georgia,2025-02-13,7
6780,Raj Patel,raj.patel6780@mail.com,Consumer,UK,Wales,2023-02-01,11
6781,Robert Clarke,robert.clarke6781@mail.com,Corporate,Germany,Bavaria,2019-03-31,21
6782,Thomas Bennett,thomas.bennett6782@mail.com,Consumer,USA,California,2023-03-04,1
6783,Liam Sharma,liam.sharma6783@mail.com,Consumer,India,Maharashtra,2020-11-14,25
6784,Joseph Rodriguez,joseph.rodriguez6784@mail.com,Corporate,India,Maharashtra,2022-03-16,25
6785,Priya Sharma,priya.sharma6785@mail.com,Small Business,Canada,British Columbia,2021-05-05,15
6786,Thomas Anderson,thomas.anderson6786@mail.com,Consumer,USA,Florida,2025-09-28,4
6787,James Brown,james.brown6787@mail.com,Small Business,India,Tamil Nadu,2019-03-14,28
6788,Patricia Williams,,Corporate,Germany,Bavaria,2019-10-03,21
6789,Patricia Jackson,patricia.jackson6789@mail.com,Consumer,UK,England,2020-11-15,9
6790,Priya Patel,priya.patel6790@mail.com,Consumer,USA,Texas,2024-08-10,2
6791,Chloe Martin,chloe.martin6791@mail.com,Corporate,DE,North Rhine-Westphalia,2025-09-20,24
6792,Linda Smith,linda.smith6792@mail.com,Corporate,USA,New York,2021-11-11,3
6793,Daniel Perez,daniel.perez6793@mail.com,Corporate,UK,Wales,2025-11-03,11
6794,Daniel Jackson,daniel.jackson6794@mail.com,Corporate,Germany,Bavaria,2024-03-19,21
6795,David Kapoor,david.kapoor6795@mail.com,Small Business,Canada,British Columbia,2019-10-12,15
6796,Sunita Brown,,Corporate,India,Tamil Nadu,2024-10-28,28
6797,Emma Perez,emma.perez6797@mail.com,Small Business,USA,Washington,2020-06-11,6
6798,Jennifer Taylor,jennifer.taylor6798@mail.com,Consumer,India,Tamil Nadu,2023-08-29,28
6799,Sarah Sharma,sarah.sharma6799@mail.com,Consumer,India,Gujarat,2023-02-10,29
6800,Amit Thomas,amit.thomas6800@mail.com,Consumer,USA,Florida,2021-04-13,4
6801,Barbara Perez,barbara.perez6801@mail.com,Consumer,Germany,North Rhine-Westphalia,2022-08-15,24
6802,John Brown,john.brown6802@mail.com,Consumer,USA,Illinois,2022-05-17,5
6803,Richard Williams,richard.williams6803@mail.com,Consumer,Australia,Western Australia,2020-02-02,20
6804,Amit Cole,amit.cole6804@mail.com,Consumer,USA,Texas,2020-05-04,2
6805,Sophie Evans,sophie.evans6805@mail.com,Corporate,Australia,New South Wales,2024-05-19,17
6806,Karen Garcia,karen.garcia6806@mail.com,Consumer,Canada,Alberta,2019-09-29,16
6807,Joseph Hughes,joseph.hughes6807@mail.com,Corporate,UK,England,2021-02-01,9
6808,Amit Smith,amit.smith6808@mail.com,Small Business,Canada,Alberta,2023-11-21,16
6809,Joseph Lee,joseph.lee6809@mail.com,Consumer,India,Tamil Nadu,2020-12-24,28
6810,Liam Lee,liam.lee6810@mail.com,Consumer,USA,New York,2019-07-17,3
6811,Emma Evans,emma.evans6811@mail.com,Consumer,USA,Florida,2020-03-15,4
6812,Charles Jackson,charles.jackson6812@mail.com,Corporate,Australia,Victoria,2022-07-08,18
6813,Robert Martin,robert.martin6813@mail.com,Consumer,India,Gujarat,2023-08-11,29
6814,Liam Perez,liam.perez6814@mail.com,Consumer,Canada,Alberta,2022-07-01,16
6815,Karen Kapoor,karen.kapoor6815@mail.com,Consumer,India,Maharashtra,2022-10-11,25
6816,Liam Evans,liam.evans6816@mail.com,Small Business,Canada,Ontario,2019-07-03,13
6817,Priya Brown,priya.brown6817@mail.com,Consumer,Canada,Quebec,2020-08-30,14
6818,Oliver Clarke,oliver.clarke6818@mail.com,Consumer,USA,Washington,2021-08-04,6
6819,Michael Patel,michael.patel6819@mail.com,Small Business,Canada,Alberta,2025-04-01,16
6820,Noah Brown,noah.brown6820@mail.com,Consumer,India,Gujarat,2022-09-19,29
6821,Jennifer Bennett,jennifer.bennett6821@mail.com,Corporate,India,Maharashtra,2022-07-28,25
6822,Nancy Kapoor,nancy.kapoor6822@mail.com,Consumer,USA,Texas,2020-04-24,2
6823,Jennifer Smith,jennifer.smith6823@mail.com,Consumer,Australia,Queensland,2021-09-30,19
6824,Karen Moore,karen.moore6824@mail.com,Corporate,USA,Georgia,2024-03-24,7
6825,Emma Wilson,emma.wilson6825@mail.com,Consumer,USA,Georgia,2019-08-10,7
6826,Patricia Johnson,,Small Business,UK,Scotland,2022-08-31,10
6827,John Perez,john.perez6827@mail.com,Small Business,UK,Scotland,2019-05-26,10
6828,Michael Sharma,michael.sharma6828@mail.com,Consumer,USA,Washington,2022-09-10,6
6829,Jennifer Williams,jennifer.williams6829@mail.com,Small Business,Australia,New South Wales,2019-09-02,17
6830,Karen Rodriguez,karen.rodriguez6830@mail.com,Consumer,Canada,British Columbia,2021-10-13,15
6831,Sophie Clarke,sophie.clarke6831@mail.com,Small Business,India,Tamil Nadu,2025-06-05,28
6832,Mary Williams,mary.williams6832@mail.com,Small Business,USA,Washington,2025-07-25,6
6833,Patricia Martin,patricia.martin6833@mail.com,Consumer,UK,England,2019-04-30,9
6834,Barbara Anderson,barbara.anderson6834@mail.com,Consumer,USA,Georgia,2021-05-22,7
6835,Karen Garcia,karen.garcia6835@mail.com,Small Business,USA,California,2025-02-09,1
6836,Jessica Patel,jessica.patel6836@mail.com,Consumer,USA,Washington,2023-03-30,6
6837,James Davis,james.davis6837@mail.com,Small Business,USA,New York,2022-03-05,3
6838,Barbara Johnson,barbara.johnson6838@mail.com,Consumer,USA,Ohio,2022-02-18,8
6839,Charles Murphy,charles.murphy6839@mail.com,Consumer,Australia,Queensland,2022-12-15,19
6840,Emma Martinez,emma.martinez6840@mail.com,Consumer,IND,Uttar Pradesh,2019-02-13,30
6841,Raj Lee,raj.lee6841@mail.com,Small Business,Germany,Bavaria,2022-09-20,21
6842,Thomas Jones,thomas.jones6842@mail.com,Consumer,USA,Florida,2025-07-14,4
6843,Daniel Jackson,daniel.jackson6843@mail.com,Consumer,UK,Scotland,2020-04-18,10
6844,Amit Wilson,amit.wilson6844@mail.com,Small Business,Germany,Hesse,2020-10-14,23
6845,Charles Cole,charles.cole6845@mail.com,Corporate,India,Uttar Pradesh,2020-11-09,30
6846,Susan Thompson,susan.thompson6846@mail.com,Consumer,USA,Florida,2022-07-16,4
6847,Karen Martin,karen.martin6847@mail.com,Consumer,USA,New York,2024-03-09,3
6848,Michael Kapoor,michael.kapoor6848@mail.com,Corporate,USA,Illinois,2025-04-28,5
6849,Patricia Patel,patricia.patel6849@mail.com,Corporate,Germany,Bavaria,2020-03-27,21
6850,Liam Johnson,liam.johnson6850@mail.com,Small Business,Germany,North Rhine-Westphalia,2023-05-24,24
6851,Linda Johnson,linda.johnson6851@mail.com,Corporate,India,Gujarat,2024-09-11,29
6852,Michael Jones,michael.jones6852@mail.com,Corporate,Australia,Queensland,2022-03-11,19
6853,Barbara Bennett,barbara.bennett6853@mail.com,Corporate,Germany,Bavaria,2021-01-14,21
6854,Liam Miller,liam.miller6854@mail.com,Consumer,india,Maharashtra,2023-03-22,25
6855,John Thompson,john.thompson6855@mail.com,Consumer,India,Uttar Pradesh,2019-07-19,30
6856,Karen Miller,karen.miller6856@mail.com,Consumer,UK,Wales,2023-03-01,11
6857,Daniel Anderson,daniel.anderson6857@mail.com,Consumer,USA,Illinois,2024-02-24,5
6858,David Jones,david.jones6858@mail.com,Consumer,Australia,Queensland,2022-04-30,19
6859,Sunita Thompson,sunita.thompson6859@mail.com,Consumer,India,Delhi,2023-06-15,27
6860,Jessica Williams,jessica.williams6860@mail.com,Consumer,India,Gujarat,2025-08-06,29
6861,Karen Rodriguez,karen.rodriguez6861@mail.com,Small Business,Germany,Hesse,2024-10-21,23
6862,David Taylor,david.taylor6862@mail.com,Small Business,Canada,Ontario,2022-01-27,13
6863,Priya Murphy,priya.murphy6863@mail.com,Consumer,U.S.A,Ohio,2024-01-30,8
6864,Jennifer Taylor,jennifer.taylor6864@mail.com,Corporate,usa,Florida,2025-02-04,4
6865,Thomas Williams,thomas.williams6865@mail.com,Corporate,USA,California,2025-10-30,1
6866,David Patel,david.patel6866@mail.com,Consumer,India,Uttar Pradesh,2024-09-13,30
6867,Jessica Kapoor,jessica.kapoor6867@mail.com,Corporate,USA,Washington,2023-09-25,6
6868,John Lee,john.lee6868@mail.com,Consumer,UK,Wales,2024-05-18,11
6869,Michael Williams,michael.williams6869@mail.com,Small Business,Germany,North Rhine-Westphalia,2020-06-30,24
6870,Priya Iyer,priya.iyer6870@mail.com,Corporate,IND,Karnataka,2021-09-07,26
6871,David Sharma,david.sharma6871@mail.com,Small Business,UK,England,2022-04-12,9
6872,Amit Sharma,amit.sharma6872@mail.com,Consumer,usa,Texas,2021-08-12,2
6873,Michael Kapoor,michael.kapoor6873@mail.com,Corporate,U.K.,England,2019-07-10,9
6874,Susan Perez,susan.perez6874@mail.com,Corporate,UK,England,2025-05-17,9
6875,Raj Sharma,raj.sharma6875@mail.com,Small Business,India,Delhi,2019-06-19,27
6876,Liam Martin,liam.martin6876@mail.com,Small Business,Germany,North Rhine-Westphalia,2023-10-13,24
6877,Nancy Garcia,nancy.garcia6877@mail.com,Consumer,Canada,Quebec,2019-02-01,14
6878,Jessica Hughes,jessica.hughes6878@mail.com,Consumer,Australia,New South Wales,2024-09-26,17
6879,John Wilson,john.wilson6879@mail.com,Consumer,UK,Wales,2020-08-05,11
6880,Emma Thomas,emma.thomas6880@mail.com,Corporate,USA,Ohio,2023-01-05,8
6881,Joseph Smith,joseph.smith6881@mail.com,Corporate,India,Tamil Nadu,2024-02-09,28
6882,Nancy Davis,nancy.davis6882@mail.com,Consumer,CANADA,Quebec,2025-02-09,14
6883,Robert Rodriguez,robert.rodriguez6883@mail.com,Consumer,India,Delhi,2022-10-15,27
6884,Patricia Lee,patricia.lee6884@mail.com,Corporate,India,Delhi,2020-02-26,27
6885,Patricia Patel,patricia.patel6885@mail.com,Small Business,U.S.A,Texas,2022-05-05,2
6886,Karen Thomas,karen.thomas6886@mail.com,Consumer,UK,Northern Ireland,2025-06-01,12
6887,Robert Wilson,robert.wilson6887@mail.com,Corporate,USA,Florida,2023-10-14,4
6888,Priya Williams,priya.williams6888@mail.com,Consumer,India,Gujarat,2024-09-17,29
6889,Susan Cole,susan.cole6889@mail.com,Consumer,Germany,North Rhine-Westphalia,2020-11-01,24
6890,Richard Clarke,richard.clarke6890@mail.com,Consumer,Germany,Berlin,2019-07-11,22
6891,David Jones,david.jones6891@mail.com,Corporate,Australia,New South Wales,2021-09-11,17
6892,Sophie Evans,sophie.evans6892@mail.com,Consumer,Canada,Quebec,2019-01-09,14
6893,Linda Rodriguez,linda.rodriguez6893@mail.com,Corporate,Canada,Ontario,2024-09-15,13
6894,James Brown,james.brown6894@mail.com,Consumer,Canada,Quebec,2022-11-11,14
6895,Joseph Davis,joseph.davis6895@mail.com,Consumer,Canada,Alberta,2023-04-05,16
6896,Joseph Brown,joseph.brown6896@mail.com,Consumer,Canada,Ontario,2022-05-06,13
6897,Emma Cole,emma.cole6897@mail.com,Corporate,USA,Illinois,2025-04-14,5
6898,Patricia Garcia,patricia.garcia6898@mail.com,Consumer,Canada,British Columbia,2024-03-27,15
6899,Charles Iyer,charles.iyer6899@mail.com,Corporate,UK,England,2025-05-06,9
6900,Noah Martinez,noah.martinez6900@mail.com,Consumer,Germany,Hesse,2021-03-08,23
6901,Daniel Hughes,daniel.hughes6901@mail.com,Small Business,Germany,Bavaria,2019-05-04,21
6902,Emma Jackson,emma.jackson6902@mail.com,Consumer,Australia,Victoria,2019-07-26,18
6903,Patricia Martin,patricia.martin6903@mail.com,Small Business,India,Maharashtra,2019-01-27,25
6904,Susan Kapoor,susan.kapoor6904@mail.com,Small Business,USA,Georgia,2022-02-02,7
6905,Daniel Bennett,daniel.bennett6905@mail.com,Consumer,Australia,Western Australia,2021-10-01,20
6906,Barbara Lee,barbara.lee6906@mail.com,Consumer,USA,Georgia,2023-04-11,7
6907,David Thompson,david.thompson6907@mail.com,Corporate,australia,Queensland,2022-05-03,19
6908,Patricia Murphy,patricia.murphy6908@mail.com,Consumer,Canada,Alberta,2023-06-29,16
6909,Mary Garcia,mary.garcia6909@mail.com,Small Business,UK,Northern Ireland,2023-12-06,12
6910,Richard Clarke,richard.clarke6910@mail.com,Small Business,India,Gujarat,2020-05-16,29
6911,Joseph Garcia,joseph.garcia6911@mail.com,Small Business,India,Tamil Nadu,2021-03-16,28
6912,Susan Evans,susan.evans6912@mail.com,Consumer,Australia,New South Wales,2024-10-09,17
6913,Sunita Patel,sunita.patel6913@mail.com,Small Business,India,Uttar Pradesh,2023-06-27,30
6914,Emma Lee,emma.lee6914@mail.com,Consumer,India,Delhi,2020-09-21,27
6915,Karen Thompson,karen.thompson6915@mail.com,Consumer,India,Tamil Nadu,2025-02-22,28
6916,Noah Bennett,noah.bennett6916@mail.com,Consumer,USA,Georgia,2024-08-26,7
6917,Joseph Jackson,joseph.jackson6917@mail.com,Consumer,UK,Wales,2024-07-14,11
6918,Daniel Jones,daniel.jones6918@mail.com,Small Business,USA,Washington,2021-12-04,6
6919,David Smith,david.smith6919@mail.com,Consumer,Germany,Hesse,2024-06-28,23
6920,Raj Martin,,Consumer,UK,Wales,2023-09-08,11
6921,Amit Jones,amit.jones6921@mail.com,Corporate,USA,Washington,2020-01-18,6
6922,Raj Jones,raj.jones6922@mail.com,Small Business,United States,Georgia,2020-05-04,7
6923,John Taylor,john.taylor6923@mail.com,Small Business,Canada,Ontario,2020-09-18,13
6924,Daniel Iyer,daniel.iyer6924@mail.com,Corporate,UK,England,2020-12-12,9
6925,David Johnson,david.johnson6925@mail.com,Consumer,Australia,Victoria,2021-02-14,18
6926,Chloe Iyer,chloe.iyer6926@mail.com,Corporate,India,Uttar Pradesh,2022-10-24,30
6927,Priya Anderson,priya.anderson6927@mail.com,Small Business,USA,Florida,2021-02-07,4
6928,Amit Clarke,amit.clarke6928@mail.com,Corporate,UK,England,2024-02-26,9
6929,Linda Patel,linda.patel6929@mail.com,Consumer,USA,New York,2021-09-28,3
6930,Nancy Thomas,nancy.thomas6930@mail.com,Consumer,USA,California,2021-06-08,1
6931,Amit Moore,amit.moore6931@mail.com,Consumer,USA,Ohio,2023-09-13,8
6932,Jennifer Moore,jennifer.moore6932@mail.com,Consumer,Germany,North Rhine-Westphalia,2023-11-09,24
6933,Susan Evans,susan.evans6933@mail.com,Small Business,UK,Scotland,2022-11-13,10
6934,Thomas Martin,thomas.martin6934@mail.com,Corporate,Australia,Victoria,2019-06-22,18
6935,Barbara Rodriguez,barbara.rodriguez6935@mail.com,Small Business,India,Karnataka,2020-12-14,26
6936,Jessica Martin,jessica.martin6936@mail.com,Corporate,Germany,Bavaria,2025-09-13,21
6937,Amit Murphy,amit.murphy6937@mail.com,Corporate,United States,New York,2023-12-17,3
6938,Chloe Hughes,chloe.hughes6938@mail.com,Consumer,U.S.A,Texas,2019-05-31,2
6939,Linda Martinez,linda.martinez6939@mail.com,Corporate,Germany,Hesse,2019-03-29,23
6940,Priya Bennett,priya.bennett6940@mail.com,Corporate,India,Tamil Nadu,2019-02-27,28
6941,Robert Martinez,robert.martinez6941@mail.com,Small Business,Australia,Queensland,2020-01-30,19
6942,Jessica Clarke,jessica.clarke6942@mail.com,Consumer,AUS,Western Australia,2023-02-01,20
6943,Richard Bennett,richard.bennett6943@mail.com,Consumer,USA,Texas,2021-05-01,2
6944,Robert Sharma,robert.sharma6944@mail.com,Consumer,USA,Florida,2021-02-17,4
6945,Robert Williams,robert.williams6945@mail.com,Consumer,UK,Wales,2021-06-16,11
6946,Sunita Davis,sunita.davis6946@mail.com,Corporate,India,Delhi,2020-08-17,27
6947,Robert Garcia,robert.garcia6947@mail.com,Small Business,UK,Scotland,2022-06-06,10
6948,Daniel Johnson,daniel.johnson6948@mail.com,Consumer,Canada,British Columbia,2022-04-07,15
6949,Robert Iyer,robert.iyer6949@mail.com,Small Business,USA,California,2019-02-24,1
6950,Barbara Lee,barbara.lee6950@mail.com,Corporate,Australia,Western Australia,2022-10-01,20
6951,Chloe Jackson,chloe.jackson6951@mail.com,Consumer,USA,Ohio,2024-08-05,8
6952,Emma Bennett,emma.bennett6952@mail.com,Consumer,Germany,Berlin,2021-01-04,22
6953,James Thomas,james.thomas6953@mail.com,Small Business,India,Gujarat,2023-05-16,29
6954,Raj Martin,raj.martin6954@mail.com,Small Business,USA,Florida,2023-04-24,4
6955,Chloe Iyer,chloe.iyer6955@mail.com,Corporate,Canada,Alberta,2024-09-22,16
6956,John Jackson,john.jackson6956@mail.com,Consumer,India,Maharashtra,2024-04-24,25
6957,Sarah Martin,sarah.martin6957@mail.com,Corporate,Canada,Quebec,2019-06-23,14
6958,Raj Patel,raj.patel6958@mail.com,Consumer,Germany,Bavaria,2019-07-26,21
6959,Noah Lee,noah.lee6959@mail.com,Corporate,Canada,Ontario,2022-09-28,13
6960,Amit Brown,amit.brown6960@mail.com,Small Business,USA,Texas,2020-04-02,2
6961,Joseph Smith,joseph.smith6961@mail.com,Corporate,Australia,Victoria,2020-06-12,18
6962,Nancy Miller,nancy.miller6962@mail.com,Corporate,India,Tamil Nadu,2023-12-12,28
6963,Chloe Hughes,chloe.hughes6963@mail.com,Corporate,IND,Gujarat,2024-07-30,29
6964,Sunita Smith,sunita.smith6964@mail.com,Small Business,India,Delhi,2019-07-13,27
6965,Amit Thomas,amit.thomas6965@mail.com,Consumer,USA,Texas,2023-09-14,2
6966,Amit Lee,amit.lee6966@mail.com,Consumer,USA,California,2020-04-21,1
6967,Sunita Anderson,sunita.anderson6967@mail.com,Corporate,Germany,Berlin,2021-10-15,22
6968,Linda Iyer,,Consumer,USA,Florida,2024-07-17,4
6969,Raj Cole,raj.cole6969@mail.com,Consumer,Canada,Alberta,2019-03-08,16
6970,Liam Murphy,,Consumer,Germany,Berlin,2024-11-10,22
6971,Charles Patel,charles.patel6971@mail.com,Small Business,uk,Northern Ireland,2023-09-18,12
6972,Nancy Johnson,nancy.johnson6972@mail.com,Consumer,UK,Wales,2025-06-04,11
6973,Nancy Moore,nancy.moore6973@mail.com,Corporate,Australia,Victoria,2024-10-11,18
6974,Jennifer Patel,jennifer.patel6974@mail.com,Corporate,USA,Texas,2021-08-05,2
6975,Chloe Murphy,chloe.murphy6975@mail.com,Consumer,UK,England,2020-04-10,9
6976,Oliver Martin,oliver.martin6976@mail.com,Consumer,Canada,British Columbia,2024-04-29,15
6977,Noah Davis,noah.davis6977@mail.com,Small Business,UK,Northern Ireland,2023-12-17,12
6978,Jennifer Williams,jennifer.williams6978@mail.com,Consumer,CANADA,British Columbia,2019-08-05,15
6979,Susan Hughes,susan.hughes6979@mail.com,Consumer,USA,Washington,2021-07-24,6
6980,John Martin,john.martin6980@mail.com,Consumer,usa,Georgia,2023-03-03,7
6981,Susan Johnson,susan.johnson6981@mail.com,Consumer,USA,Texas,2025-10-10,2
6982,Jessica Jackson,jessica.jackson6982@mail.com,Consumer,Germany,Bavaria,2024-10-21,21
6983,Joseph Garcia,joseph.garcia6983@mail.com,Consumer,usa,Georgia,2019-11-23,7
6984,Susan Brown,susan.brown6984@mail.com,Corporate,Australia,Queensland,2023-11-10,19
6985,Richard Cole,richard.cole6985@mail.com,Consumer,Australia,Queensland,2022-07-10,19
6986,Raj Davis,,Consumer,Australia,Western Australia,2023-06-28,20
6987,Liam Lee,liam.lee6987@mail.com,Small Business,Canada,British Columbia,2019-08-22,15
6988,Sophie Clarke,sophie.clarke6988@mail.com,Consumer,Australia,Western Australia,2025-03-05,20
6989,Sophie Brown,sophie.brown6989@mail.com,Consumer,Canada,Quebec,2023-06-23,14
6990,Barbara Martinez,,Consumer,India,Tamil Nadu,2023-01-30,28
6991,Sarah Martinez,sarah.martinez6991@mail.com,Consumer,UK,Scotland,2021-01-19,10
6992,David Miller,david.miller6992@mail.com,Consumer,UK,Scotland,2024-02-04,10
6993,James Iyer,james.iyer6993@mail.com,Corporate,India,Karnataka,2023-08-04,26
6994,Priya Perez,priya.perez6994@mail.com,Corporate,USA,Florida,2020-09-01,4
6995,Joseph Miller,joseph.miller6995@mail.com,Consumer,UK,England,2024-07-14,9
6996,Chloe Martinez,chloe.martinez6996@mail.com,Consumer,Australia,Western Australia,2021-02-06,20
6997,Chloe Cole,chloe.cole6997@mail.com,Consumer,Germany,North Rhine-Westphalia,2019-06-06,24
6998,Priya Martin,priya.martin6998@mail.com,Consumer,Australia,Victoria,2024-07-04,18
6999,Liam Murphy,liam.murphy6999@mail.com,Small Business,Germany,Hesse,2025-02-19,23
7000,Mary Cole,mary.cole7000@mail.com,Small Business,Australia,Queensland,2025-03-19,19
7001,Thomas Murphy,thomas.murphy7001@mail.com,Consumer,U.K.,Northern Ireland,2020-07-02,12
7002,Nancy Bennett,nancy.bennett7002@mail.com,Corporate,USA,Florida,2020-06-18,4
7003,Sarah Johnson,sarah.johnson7003@mail.com,Consumer,Australia,Queensland,2020-08-06,19
7004,Susan Smith,susan.smith7004@mail.com,Consumer,USA,California,2021-03-15,1
7005,Nancy Moore,nancy.moore7005@mail.com,Consumer,U.K.,Scotland,2022-02-06,10
7006,Richard Martinez,richard.martinez7006@mail.com,Small Business,USA,Illinois,2022-11-27,5
7007,Susan Brown,susan.brown7007@mail.com,Small Business,India,Delhi,2020-05-04,27
7008,James Anderson,james.anderson7008@mail.com,Consumer,usa,Washington,2022-12-09,6
7009,Noah Iyer,noah.iyer7009@mail.com,Consumer,U.K.,Northern Ireland,2023-07-09,12
7010,Jennifer Taylor,jennifer.taylor7010@mail.com,Corporate,India,Gujarat,2024-02-22,29
7011,Susan Smith,susan.smith7011@mail.com,Small Business,India,Uttar Pradesh,2021-09-22,30
7012,Patricia Thomas,patricia.thomas7012@mail.com,Consumer,Germany,North Rhine-Westphalia,2022-10-09,24
7013,Sarah Miller,sarah.miller7013@mail.com,Consumer,USA,Florida,2020-12-23,4
7014,Robert Martin,robert.martin7014@mail.com,Consumer,germany,Bavaria,2021-09-18,21
7015,Charles Murphy,charles.murphy7015@mail.com,Consumer,Australia,Victoria,2019-03-21,18
7016,John Thomas,john.thomas7016@mail.com,Corporate,Canada,Alberta,2023-03-06,16
7017,Patricia Cole,patricia.cole7017@mail.com,Corporate,Australia,Queensland,2023-07-09,19
7018,Sarah Smith,sarah.smith7018@mail.com,Consumer,UK,Northern Ireland,2020-12-28,12
7019,John Clarke,john.clarke7019@mail.com,Consumer,UK,England,2024-10-08,9
7020,Raj Rodriguez,raj.rodriguez7020@mail.com,Corporate,India,Uttar Pradesh,2020-05-18,30
7021,Linda Jackson,linda.jackson7021@mail.com,Consumer,Canada,Quebec,2025-08-13,14
7022,Joseph Anderson,joseph.anderson7022@mail.com,Corporate,USA,Washington,2024-06-25,6
7023,Barbara Anderson,barbara.anderson7023@mail.com,Consumer,Canada,Quebec,2020-06-09,14
7024,Jessica Murphy,jessica.murphy7024@mail.com,Corporate,USA,Texas,2023-09-11,2
7025,Jennifer Lee,jennifer.lee7025@mail.com,Corporate,USA,Illinois,2022-10-13,5
7026,Emma Rodriguez,emma.rodriguez7026@mail.com,Corporate,India,Delhi,2024-01-14,27
7027,Patricia Moore,patricia.moore7027@mail.com,Consumer,Canada,British Columbia,2021-05-31,15
7028,Raj Hughes,raj.hughes7028@mail.com,Small Business,USA,New York,2021-02-11,3
7029,Thomas Garcia,thomas.garcia7029@mail.com,Consumer,India,Karnataka,2023-10-23,26
7030,John Anderson,john.anderson7030@mail.com,Small Business,U.K.,England,2021-12-24,9
7031,Sunita Thomas,sunita.thomas7031@mail.com,Consumer,Germany,Berlin,2024-10-07,22
7032,James Anderson,james.anderson7032@mail.com,Small Business,Australia,Western Australia,2024-01-02,20
7033,Noah Bennett,noah.bennett7033@mail.com,Consumer,India,Gujarat,2021-03-20,29
7034,Amit Miller,amit.miller7034@mail.com,Corporate,Australia,New South Wales,2024-12-30,17
7035,Patricia Miller,patricia.miller7035@mail.com,Small Business,United States,Illinois,2019-09-29,5
7036,Barbara Johnson,barbara.johnson7036@mail.com,Consumer,Canada,Quebec,2022-03-07,14
7037,John Taylor,john.taylor7037@mail.com,Small Business,USA,Texas,2023-08-22,2
7038,Jessica Iyer,jessica.iyer7038@mail.com,Consumer,Canada,Quebec,2019-03-07,14
7039,Richard Murphy,richard.murphy7039@mail.com,Corporate,Canada,Ontario,2019-08-29,13
7040,Mary Garcia,mary.garcia7040@mail.com,Small Business,USA,Georgia,2024-02-25,7
7041,Raj Miller,raj.miller7041@mail.com,Consumer,Germany,Berlin,2021-12-09,22
7042,Sarah Patel,sarah.patel7042@mail.com,Small Business,usa,Illinois,2020-12-22,5
7043,David Brown,david.brown7043@mail.com,Consumer,USA,Illinois,2025-06-05,5
7044,Jessica Jackson,jessica.jackson7044@mail.com,Small Business,USA,Georgia,2024-08-13,7
7045,Karen Jackson,karen.jackson7045@mail.com,Consumer,USA,California,2019-12-25,1
7046,Emma Patel,emma.patel7046@mail.com,Consumer,UK,Wales,2020-08-15,11
7047,Amit Jones,amit.jones7047@mail.com,Corporate,DE,Hesse,2020-08-23,23
7048,Richard Clarke,richard.clarke7048@mail.com,Corporate,USA,California,2020-09-21,1
7049,Oliver Clarke,oliver.clarke7049@mail.com,Consumer,Germany,Berlin,2025-09-23,22
7050,Noah Taylor,noah.taylor7050@mail.com,Consumer,DE,North Rhine-Westphalia,2021-07-29,24
7051,Charles Iyer,charles.iyer7051@mail.com,Consumer,UK,Wales,2019-10-02,11
7052,Chloe Iyer,chloe.iyer7052@mail.com,Consumer,UK,Northern Ireland,2021-08-04,12
7053,Liam Hughes,liam.hughes7053@mail.com,Corporate,USA,Illinois,2024-08-05,5
7054,Joseph Jones,joseph.jones7054@mail.com,Consumer,USA,Georgia,2019-03-22,7
7055,Patricia Brown,patricia.brown7055@mail.com,Corporate,India,Tamil Nadu,2019-05-19,28
7056,Emma Smith,emma.smith7056@mail.com,Corporate,Canada,British Columbia,2023-09-09,15
7057,John Jones,john.jones7057@mail.com,Consumer,India,Delhi,2024-08-10,27
7058,Susan Martin,susan.martin7058@mail.com,Small Business,India,Delhi,2024-07-25,27
7059,James Clarke,james.clarke7059@mail.com,Consumer,UK,Northern Ireland,2023-01-06,12
7060,Raj Davis,raj.davis7060@mail.com,Small Business,USA,California,2021-03-12,1
7061,Mary Patel,mary.patel7061@mail.com,Small Business,India,Tamil Nadu,2019-01-24,28
7062,Liam Wilson,liam.wilson7062@mail.com,Consumer,india,Maharashtra,2024-03-14,25
7063,Jessica Thompson,jessica.thompson7063@mail.com,Corporate,India,Uttar Pradesh,2024-05-26,30
7064,Sunita Smith,sunita.smith7064@mail.com,Small Business,U.S.A,Illinois,2019-10-22,5
7065,Jessica Jackson,jessica.jackson7065@mail.com,Consumer,USA,California,2025-03-09,1
7066,Barbara Martinez,,Consumer,Canada,Quebec,2023-09-02,14
7067,Sarah Williams,sarah.williams7067@mail.com,Consumer,India,Tamil Nadu,2019-07-27,28
7068,Oliver Thomas,oliver.thomas7068@mail.com,Consumer,USA,California,2022-07-24,1
7069,Linda Thompson,linda.thompson7069@mail.com,Small Business,Canada,Alberta,2023-11-04,16
7070,John Iyer,john.iyer7070@mail.com,Corporate,Australia,Queensland,2022-05-25,19
7071,Charles Garcia,charles.garcia7071@mail.com,Consumer,Australia,New South Wales,2019-10-26,17
7072,Linda Rodriguez,linda.rodriguez7072@mail.com,Consumer,India,Karnataka,2019-03-13,26
7073,Oliver Brown,oliver.brown7073@mail.com,Consumer,India,Karnataka,2021-12-17,26
7074,Sophie Rodriguez,sophie.rodriguez7074@mail.com,Consumer,USA,Georgia,2019-04-21,7
7075,Amit Davis,amit.davis7075@mail.com,Corporate,USA,Florida,2022-10-06,4
7076,Raj Hughes,raj.hughes7076@mail.com,Consumer,Germany,Bavaria,2025-06-15,21
7077,Jessica Miller,jessica.miller7077@mail.com,Consumer,Germany,Berlin,2024-11-07,22
7078,Sarah Kapoor,sarah.kapoor7078@mail.com,Consumer,Germany,Hesse,2025-01-14,23
7079,Emma Evans,,Consumer,India,Delhi,2024-03-09,27
7080,Patricia Kapoor,patricia.kapoor7080@mail.com,Consumer,Canada,British Columbia,2024-01-20,15
7081,Sunita Martin,sunita.martin7081@mail.com,Consumer,USA,Florida,2019-06-27,4
7082,Nancy Garcia,nancy.garcia7082@mail.com,Corporate,Australia,Queensland,2019-06-28,19
7083,Michael Bennett,michael.bennett7083@mail.com,Small Business,Canada,Alberta,2019-05-08,16
7084,Daniel Sharma,daniel.sharma7084@mail.com,Consumer,USA,Washington,2023-12-13,6
7085,Priya Jones,priya.jones7085@mail.com,Consumer,UK,England,2020-06-27,9
7086,Linda Brown,linda.brown7086@mail.com,Corporate,India,Uttar Pradesh,2024-05-14,30
7087,John Taylor,john.taylor7087@mail.com,Small Business,Australia,Western Australia,2021-07-29,20
7088,Mary Rodriguez,mary.rodriguez7088@mail.com,Consumer,DE,Hesse,2021-06-26,23
7089,Michael Cole,michael.cole7089@mail.com,Consumer,Canada,Quebec,2024-02-21,14
7090,John Thomas,john.thomas7090@mail.com,Consumer,Germany,Berlin,2021-12-06,22
7091,James Thompson,james.thompson7091@mail.com,Consumer,India,Karnataka,2023-11-17,26
7092,Michael Williams,michael.williams7092@mail.com,Small Business,USA,Texas,2023-07-25,2
7093,Sophie Johnson,sophie.johnson7093@mail.com,Consumer,Australia,Victoria,2024-05-02,18
7094,Joseph Thomas,joseph.thomas7094@mail.com,Corporate,UK,Scotland,2019-06-01,10
7095,Charles Martinez,charles.martinez7095@mail.com,Consumer,Australia,Victoria,2019-04-05,18
7096,Amit Sharma,amit.sharma7096@mail.com,Consumer,Germany,Bavaria,2024-08-26,21
7097,Linda Davis,linda.davis7097@mail.com,Consumer,India,Karnataka,2021-08-18,26
7098,Richard Thomas,richard.thomas7098@mail.com,Small Business,Canada,British Columbia,2024-09-23,15
7099,Sarah Johnson,sarah.johnson7099@mail.com,Corporate,USA,Illinois,2020-10-29,5
7100,Charles Thomas,charles.thomas7100@mail.com,Consumer,India,Gujarat,2019-02-10,29
7101,Priya Johnson,priya.johnson7101@mail.com,Consumer,USA,Florida,2021-01-01,4
7102,Barbara Brown,barbara.brown7102@mail.com,Corporate,Canada,Alberta,2019-06-10,16
7103,David Anderson,david.anderson7103@mail.com,Consumer,Germany,Berlin,2020-03-28,22
7104,David Anderson,david.anderson7104@mail.com,Corporate,USA,New York,2023-03-20,3
7105,Amit Thomas,amit.thomas7105@mail.com,Corporate,UK,Scotland,2020-09-18,10
7106,Linda Wilson,linda.wilson7106@mail.com,Consumer,Canada,Quebec,2019-08-30,14
7107,Noah Johnson,noah.johnson7107@mail.com,Consumer,India,Delhi,2025-02-22,27
7108,Jennifer Johnson,jennifer.johnson7108@mail.com,Small Business,australia,New South Wales,2023-06-08,17
7109,James Johnson,james.johnson7109@mail.com,Small Business,USA,Georgia,2023-05-26,7
7110,Raj Iyer,raj.iyer7110@mail.com,Consumer,USA,Washington,2025-10-27,6
7111,Richard Miller,richard.miller7111@mail.com,Consumer,Germany,Hesse,2023-09-03,23
7112,Barbara Jackson,barbara.jackson7112@mail.com,Consumer,USA,New York,2021-09-06,3
7113,David Cole,david.cole7113@mail.com,Corporate,Australia,Victoria,2021-12-27,18
7114,Nancy Brown,nancy.brown7114@mail.com,Consumer,Australia,Western Australia,2021-04-16,20
7115,Jessica Garcia,jessica.garcia7115@mail.com,Consumer,USA,Illinois,2025-07-26,5
7116,David Jackson,david.jackson7116@mail.com,Corporate,Germany,Berlin,2022-02-20,22
7117,Susan Wilson,susan.wilson7117@mail.com,Consumer,Canada,British Columbia,2024-07-20,15
7118,Barbara Brown,barbara.brown7118@mail.com,Consumer,USA,Florida,2020-06-10,4
7119,Patricia Patel,patricia.patel7119@mail.com,Consumer,Germany,Berlin,2025-01-09,22
7120,James Patel,james.patel7120@mail.com,Consumer,USA,Texas,2019-11-02,2
7121,Karen Clarke,karen.clarke7121@mail.com,Consumer,Canada,Alberta,2020-11-22,16
7122,Sophie Jones,sophie.jones7122@mail.com,Corporate,Germany,North Rhine-Westphalia,2022-02-03,24
7123,Richard Anderson,richard.anderson7123@mail.com,Consumer,India,Maharashtra,2019-10-07,25
7124,Sunita Evans,sunita.evans7124@mail.com,Consumer,Germany,Bavaria,2024-08-14,21
7125,Susan Iyer,susan.iyer7125@mail.com,Small Business,Canada,British Columbia,2020-08-09,15
7126,Oliver Perez,oliver.perez7126@mail.com,Consumer,India,Tamil Nadu,2019-05-14,28
7127,Charles Thompson,charles.thompson7127@mail.com,Corporate,UK,Scotland,2023-11-24,10
7128,Susan Davis,susan.davis7128@mail.com,Consumer,Canada,British Columbia,2023-08-27,15
7129,Priya Rodriguez,priya.rodriguez7129@mail.com,Corporate,India,Delhi,2025-05-27,27
7130,Michael Perez,michael.perez7130@mail.com,Consumer,Australia,New South Wales,2020-04-25,17
7131,Joseph Williams,joseph.williams7131@mail.com,Consumer,UK,Northern Ireland,2024-12-09,12
7132,Noah Brown,noah.brown7132@mail.com,Corporate,Australia,Western Australia,2022-12-07,20
7133,John Sharma,john.sharma7133@mail.com,Consumer,UK,Scotland,2020-11-14,10
7134,Sunita Thompson,sunita.thompson7134@mail.com,Consumer,USA,Georgia,2022-11-02,7
7135,Patricia Johnson,patricia.johnson7135@mail.com,Consumer,IND,Karnataka,2019-07-02,26
7136,Daniel Cole,daniel.cole7136@mail.com,Corporate,India,Gujarat,2021-01-17,29
7137,Noah Sharma,noah.sharma7137@mail.com,Consumer,Australia,Victoria,2019-11-16,18
7138,Liam Miller,liam.miller7138@mail.com,Small Business,USA,New York,2022-11-14,3
7139,Michael Kapoor,michael.kapoor7139@mail.com,Small Business,USA,Washington,2022-05-23,6
7140,Thomas Cole,thomas.cole7140@mail.com,Small Business,India,Tamil Nadu,2025-02-07,28
7141,Patricia Williams,patricia.williams7141@mail.com,Corporate,Canada,Alberta,2025-05-23,16
7142,Karen Thompson,karen.thompson7142@mail.com,Consumer,Australia,New South Wales,2021-07-03,17
7143,Richard Martinez,richard.martinez7143@mail.com,Consumer,Germany,Hesse,2023-01-13,23
7144,Sunita Jackson,sunita.jackson7144@mail.com,Corporate,USA,California,2024-04-17,1
7145,Oliver Miller,,Consumer,Australia,New South Wales,2022-01-15,17
7146,Karen Iyer,karen.iyer7146@mail.com,Consumer,USA,Washington,2023-07-14,6
7147,John Johnson,john.johnson7147@mail.com,Consumer,UK,Northern Ireland,2025-03-10,12
7148,John Miller,john.miller7148@mail.com,Consumer,India,Gujarat,2020-12-29,29
7149,Jessica Lee,jessica.lee7149@mail.com,Small Business,Australia,Western Australia,2022-02-20,20
7150,Amit Rodriguez,,Consumer,australia,Western Australia,2022-05-21,20
7151,Noah Murphy,noah.murphy7151@mail.com,Consumer,UK,Northern Ireland,2025-09-29,12
7152,Oliver Bennett,oliver.bennett7152@mail.com,Corporate,Australia,Queensland,2020-10-03,19
7153,Sophie Cole,sophie.cole7153@mail.com,Corporate,Germany,Hesse,2019-07-12,23
7154,Karen Anderson,karen.anderson7154@mail.com,Corporate,UK,Scotland,2025-05-02,10
7155,Noah Anderson,noah.anderson7155@mail.com,Small Business,Australia,Victoria,2021-05-04,18
7156,Thomas Sharma,thomas.sharma7156@mail.com,Consumer,India,Tamil Nadu,2019-03-29,28
7157,Amit Brown,amit.brown7157@mail.com,Corporate,Germany,North Rhine-Westphalia,2022-08-30,24
7158,Chloe Thomas,,Consumer,India,Tamil Nadu,2025-03-19,28
7159,Robert Jackson,robert.jackson7159@mail.com,Consumer,Germany,Bavaria,2019-01-25,21
7160,Jessica Martin,jessica.martin7160@mail.com,Consumer,germany,Berlin,2020-07-12,22
7161,Chloe Martin,chloe.martin7161@mail.com,Consumer,USA,New York,2022-06-11,3
7162,Emma Smith,emma.smith7162@mail.com,Consumer,USA,Florida,2020-03-27,4
7163,Jennifer Thompson,jennifer.thompson7163@mail.com,Corporate,India,Maharashtra,2020-05-26,25
7164,David Kapoor,david.kapoor7164@mail.com,Corporate,India,Tamil Nadu,2021-05-23,28
7165,John Martinez,john.martinez7165@mail.com,Consumer,Germany,Berlin,2025-05-23,22
7166,Mary Perez,mary.perez7166@mail.com,Consumer,India,Gujarat,2022-06-04,29
7167,Mary Evans,mary.evans7167@mail.com,Small Business,India,Tamil Nadu,2023-01-09,28
7168,Amit Miller,amit.miller7168@mail.com,Consumer,USA,Ohio,2021-09-21,8
7169,Sunita Hughes,sunita.hughes7169@mail.com,Corporate,Germany,Hesse,2025-02-05,23
7170,Joseph Jackson,joseph.jackson7170@mail.com,Consumer,Australia,Victoria,2019-06-28,18
7171,Raj Lee,raj.lee7171@mail.com,Consumer,India,Delhi,2020-08-04,27
7172,Sophie Martin,sophie.martin7172@mail.com,Consumer,U.S.A,Georgia,2020-07-07,7
7173,Robert Garcia,robert.garcia7173@mail.com,Consumer,India,Tamil Nadu,2019-11-23,28
7174,Thomas Clarke,thomas.clarke7174@mail.com,Small Business,Canada,Alberta,2019-12-27,16
7175,Charles Taylor,charles.taylor7175@mail.com,Consumer,Germany,Hesse,2020-09-07,23
7176,Karen Clarke,karen.clarke7176@mail.com,Small Business,India,Delhi,2024-03-04,27
7177,Joseph Taylor,joseph.taylor7177@mail.com,Corporate,India,Maharashtra,2019-09-19,25
7178,Nancy Rodriguez,nancy.rodriguez7178@mail.com,Small Business,USA,Illinois,2021-10-17,5
7179,Michael Garcia,michael.garcia7179@mail.com,Consumer,India,Karnataka,2022-12-10,26
7180,James Garcia,james.garcia7180@mail.com,Small Business,USA,New York,2024-04-30,3
7181,Daniel Miller,daniel.miller7181@mail.com,Small Business,Germany,Bavaria,2025-05-09,21
7182,Daniel Kapoor,daniel.kapoor7182@mail.com,Consumer,India,Gujarat,2021-11-25,29
7183,James Murphy,james.murphy7183@mail.com,Consumer,Australia,New South Wales,2025-01-07,17
7184,Chloe Evans,chloe.evans7184@mail.com,Consumer,USA,Ohio,2024-11-23,8
7185,Charles Moore,charles.moore7185@mail.com,Consumer,India,Karnataka,2021-07-09,26
7186,Charles Kapoor,charles.kapoor7186@mail.com,Consumer,USA,Illinois,2021-03-28,5
7187,Sunita Martin,sunita.martin7187@mail.com,Small Business,Australia,Western Australia,2019-03-05,20
7188,David Martinez,david.martinez7188@mail.com,Consumer,Australia,Western Australia,2019-03-20,20
7189,Sophie Davis,sophie.davis7189@mail.com,Consumer,Canada,Quebec,2020-03-07,14
7190,Barbara Kapoor,barbara.kapoor7190@mail.com,Consumer,Australia,Western Australia,2025-01-02,20
7191,David Lee,david.lee7191@mail.com,Consumer,USA,Texas,2020-11-15,2
7192,Patricia Garcia,patricia.garcia7192@mail.com,Corporate,UK,Northern Ireland,2019-12-22,12
7193,Linda Johnson,linda.johnson7193@mail.com,Consumer,usa,New York,2022-09-27,3
7194,Karen Davis,karen.davis7194@mail.com,Consumer,australia,New South Wales,2023-08-25,17
7195,Barbara Johnson,barbara.johnson7195@mail.com,Consumer,USA,Ohio,2024-04-13,8
7196,Priya Jones,priya.jones7196@mail.com,Small Business,Germany,Bavaria,2019-10-17,21
7197,Noah Rodriguez,noah.rodriguez7197@mail.com,Consumer,USA,Ohio,2021-03-09,8
7198,Chloe Jones,chloe.jones7198@mail.com,Consumer,UK,England,2024-07-18,9
7199,David Bennett,david.bennett7199@mail.com,Corporate,Canada,Alberta,2022-04-26,16
7200,Emma Johnson,emma.johnson7200@mail.com,Consumer,Australia,Western Australia,2019-05-29,20
7201,Priya Davis,priya.davis7201@mail.com,Corporate,USA,Texas,2024-06-01,2
7202,Liam Miller,liam.miller7202@mail.com,Corporate,India,Tamil Nadu,2020-10-25,28
7203,Karen Brown,karen.brown7203@mail.com,Corporate,DE,Bavaria,2021-06-22,21
7204,James Sharma,james.sharma7204@mail.com,Consumer,UK,England,2022-05-03,9
7205,Susan Sharma,susan.sharma7205@mail.com,Consumer,India,Uttar Pradesh,2023-12-03,30
7206,Nancy Anderson,nancy.anderson7206@mail.com,Small Business,USA,New York,2019-01-14,3
7207,Richard Williams,richard.williams7207@mail.com,Small Business,Canada,Ontario,2022-07-02,13
7208,Amit Murphy,amit.murphy7208@mail.com,Corporate,Canada,British Columbia,2024-11-09,15
7209,Karen Rodriguez,karen.rodriguez7209@mail.com,Consumer,India,Maharashtra,2024-09-18,25
7210,Sunita Jones,sunita.jones7210@mail.com,Consumer,Australia,Queensland,2020-02-02,19
7211,Jessica Murphy,jessica.murphy7211@mail.com,Corporate,UK,England,2024-12-15,9
7212,Nancy Martinez,nancy.martinez7212@mail.com,Small Business,Canada,Ontario,2023-05-29,13
7213,Richard Johnson,richard.johnson7213@mail.com,Consumer,USA,California,2021-04-08,1
7214,Priya Hughes,priya.hughes7214@mail.com,Small Business,Canada,British Columbia,2021-03-10,15
7215,James Hughes,james.hughes7215@mail.com,Corporate,USA,Illinois,2022-08-22,5
7216,Susan Davis,susan.davis7216@mail.com,Corporate,India,Maharashtra,2021-09-10,25
7217,Sunita Rodriguez,sunita.rodriguez7217@mail.com,Small Business,USA,Texas,2022-11-30,2
7218,Jennifer Rodriguez,jennifer.rodriguez7218@mail.com,Small Business,India,Maharashtra,2019-01-19,25
7219,James Lee,james.lee7219@mail.com,Corporate,Canada,Ontario,2023-11-28,13
7220,Raj Bennett,raj.bennett7220@mail.com,Corporate,USA,Washington,2025-03-12,6
7221,Oliver Clarke,oliver.clarke7221@mail.com,Consumer,USA,Texas,2019-01-01,2
7222,Daniel Brown,daniel.brown7222@mail.com,Consumer,UK,England,2019-03-15,9
7223,Sunita Iyer,sunita.iyer7223@mail.com,Small Business,USA,Florida,2020-07-09,4
7224,Amit Taylor,amit.taylor7224@mail.com,Consumer,USA,Florida,2019-06-02,4
7225,Priya Rodriguez,priya.rodriguez7225@mail.com,Consumer,Australia,Victoria,2021-08-07,18
7226,Sophie Sharma,sophie.sharma7226@mail.com,Consumer,USA,Washington,2021-04-17,6
7227,Priya Thompson,,Consumer,UK,Scotland,2025-10-10,10
7228,Karen Miller,karen.miller7228@mail.com,Consumer,Canada,Alberta,2022-09-23,16
7229,Liam Moore,liam.moore7229@mail.com,Small Business,Australia,Queensland,2024-06-03,19
7230,Linda Wilson,linda.wilson7230@mail.com,Small Business,UK,Northern Ireland,2025-08-17,12
7231,David Miller,david.miller7231@mail.com,Consumer,Germany,Berlin,2023-10-07,22
7232,Daniel Sharma,daniel.sharma7232@mail.com,Consumer,USA,New York,2022-01-07,3
7233,Emma Bennett,emma.bennett7233@mail.com,Small Business,USA,Illinois,2022-06-17,5
7234,Oliver Taylor,oliver.taylor7234@mail.com,Corporate,U.S.A,Georgia,2024-02-08,7
7235,John Moore,john.moore7235@mail.com,Consumer,Germany,Hesse,2024-12-29,23
7236,Linda Iyer,linda.iyer7236@mail.com,Consumer,Canada,British Columbia,2020-06-09,15
7237,Sunita Thomas,sunita.thomas7237@mail.com,Small Business,australia,Victoria,2021-11-10,18
7238,Susan Jones,susan.jones7238@mail.com,Corporate,India,Tamil Nadu,2022-10-02,28
7239,Noah Jackson,noah.jackson7239@mail.com,Consumer,usa,Texas,2024-07-17,2
7240,Robert Jackson,robert.jackson7240@mail.com,Corporate,Australia,New South Wales,2021-09-03,17
7241,Jennifer Moore,jennifer.moore7241@mail.com,Consumer,USA,Ohio,2025-02-16,8
7242,Jennifer Hughes,jennifer.hughes7242@mail.com,Consumer,USA,Illinois,2024-11-27,5
7243,Sophie Garcia,sophie.garcia7243@mail.com,Consumer,Canada,Quebec,2023-05-18,14
7244,Michael Perez,michael.perez7244@mail.com,Small Business,USA,Georgia,2020-01-15,7
7245,Sarah Iyer,sarah.iyer7245@mail.com,Corporate,Australia,Western Australia,2024-03-26,20
7246,Jennifer Sharma,jennifer.sharma7246@mail.com,Corporate,India,Maharashtra,2022-08-07,25
7247,Barbara Smith,barbara.smith7247@mail.com,Corporate,india,Uttar Pradesh,2024-03-08,30
7248,Barbara Garcia,barbara.garcia7248@mail.com,Small Business,Germany,North Rhine-Westphalia,2024-03-19,24
7249,Noah Garcia,,Consumer,UK,England,2025-10-27,9
7250,Liam Taylor,liam.taylor7250@mail.com,Consumer,USA,Ohio,2019-03-03,8
7251,Raj Thompson,raj.thompson7251@mail.com,Consumer,Germany,Berlin,2019-11-16,22
7252,Michael Williams,michael.williams7252@mail.com,Consumer,India,Uttar Pradesh,2020-12-04,30
7253,John Williams,john.williams7253@mail.com,Consumer,germany,North Rhine-Westphalia,2023-09-18,24
7254,Jessica Davis,jessica.davis7254@mail.com,Consumer,USA,Florida,2020-05-23,4
7255,Thomas Cole,thomas.cole7255@mail.com,Consumer,Germany,Bavaria,2019-06-07,21
7256,Priya Taylor,priya.taylor7256@mail.com,Consumer,USA,New York,2022-11-30,3
7257,Patricia Iyer,patricia.iyer7257@mail.com,Small Business,USA,Illinois,2024-12-28,5
7258,Charles Jones,charles.jones7258@mail.com,Small Business,Australia,Queensland,2020-03-16,19
7259,Sunita Clarke,sunita.clarke7259@mail.com,Consumer,Canada,British Columbia,2019-07-10,15
7260,Emma Smith,emma.smith7260@mail.com,Corporate,India,Tamil Nadu,2019-06-24,28
7261,Nancy Brown,nancy.brown7261@mail.com,Corporate,Germany,Hesse,2020-09-11,23
7262,Joseph Taylor,,Consumer,UK,England,2025-10-12,9
7263,James Brown,james.brown7263@mail.com,Corporate,USA,Georgia,2024-09-23,7
7264,Liam Smith,liam.smith7264@mail.com,Corporate,AUS,Western Australia,2024-12-17,20
7265,Oliver Hughes,oliver.hughes7265@mail.com,Corporate,Germany,Hesse,2025-06-23,23
7266,Priya Cole,priya.cole7266@mail.com,Consumer,Canada,Ontario,2023-01-28,13
7267,Mary Jones,mary.jones7267@mail.com,Corporate,UK,Wales,2021-09-09,11
7268,Linda Clarke,,Small Business,UK,Northern Ireland,2025-09-15,12
7269,Robert Rodriguez,robert.rodriguez7269@mail.com,Consumer,USA,Illinois,2021-09-03,5
7270,John Sharma,john.sharma7270@mail.com,Consumer,Germany,North Rhine-Westphalia,2024-11-01,24
7271,Nancy Smith,nancy.smith7271@mail.com,Corporate,India,Uttar Pradesh,2019-04-22,30
7272,Emma Smith,emma.smith7272@mail.com,Consumer,USA,Georgia,2019-02-13,7
7273,Emma Brown,emma.brown7273@mail.com,Corporate,Germany,Hesse,2021-03-31,23
7274,Karen Iyer,karen.iyer7274@mail.com,Consumer,India,Maharashtra,2024-06-19,25
7275,Liam Wilson,liam.wilson7275@mail.com,Consumer,Australia,Western Australia,2020-02-01,20
7276,Sophie Kapoor,sophie.kapoor7276@mail.com,Consumer,Australia,New South Wales,2020-07-28,17
7277,Robert Miller,robert.miller7277@mail.com,Consumer,USA,Illinois,2025-10-31,5
7278,John Jackson,john.jackson7278@mail.com,Small Business,USA,Washington,2025-01-18,6
7279,Oliver Perez,oliver.perez7279@mail.com,Small Business,USA,Georgia,2021-05-02,7
7280,Noah Moore,noah.moore7280@mail.com,Consumer,United Kingdom,Wales,2020-08-08,11
7281,Liam Garcia,liam.garcia7281@mail.com,Small Business,UK,Wales,2023-08-26,11
7282,Barbara Wilson,barbara.wilson7282@mail.com,Consumer,UK,Wales,2021-07-31,11
7283,Sarah Jones,sarah.jones7283@mail.com,Consumer,India,Uttar Pradesh,2022-08-13,30
7284,Linda Johnson,,Small Business,USA,Florida,2021-08-09,4
7285,Karen Kapoor,karen.kapoor7285@mail.com,Small Business,USA,Washington,2022-01-08,6
7286,David Sharma,david.sharma7286@mail.com,Corporate,USA,Texas,2025-05-14,2
7287,Karen Brown,karen.brown7287@mail.com,Small Business,Canada,Ontario,2019-05-23,13
7288,James Hughes,james.hughes7288@mail.com,Consumer,Australia,New South Wales,2022-04-07,17
7289,Mary Brown,mary.brown7289@mail.com,Consumer,India,Maharashtra,2023-05-22,25
7290,Karen Martinez,,Small Business,India,Gujarat,2019-10-09,29
7291,Patricia Martin,patricia.martin7291@mail.com,Consumer,Australia,New South Wales,2020-04-26,17
7292,Noah Hughes,noah.hughes7292@mail.com,Small Business,India,Tamil Nadu,2025-08-08,28
7293,Jessica Jones,jessica.jones7293@mail.com,Consumer,India,Delhi,2019-09-18,27
7294,James Cole,james.cole7294@mail.com,Corporate,Australia,Queensland,2023-10-09,19
7295,Linda Smith,linda.smith7295@mail.com,Consumer,USA,California,2025-01-27,1
7296,Linda Thomas,linda.thomas7296@mail.com,Small Business,USA,Florida,2022-10-26,4
7297,Joseph Jones,joseph.jones7297@mail.com,Corporate,UK,Northern Ireland,2021-01-13,12
7298,Susan Sharma,susan.sharma7298@mail.com,Corporate,Germany,Bavaria,2022-01-04,21
7299,Barbara Davis,barbara.davis7299@mail.com,Consumer,USA,Georgia,2019-06-17,7
7300,Chloe Murphy,chloe.murphy7300@mail.com,Consumer,Canada,British Columbia,2020-05-09,15
7301,Raj Taylor,raj.taylor7301@mail.com,Consumer,USA,Georgia,2023-02-13,7
7302,Raj Murphy,raj.murphy7302@mail.com,Corporate,India,Tamil Nadu,2021-08-28,28
7303,Amit Hughes,amit.hughes7303@mail.com,Consumer,Canada,Alberta,2024-09-16,16
7304,Noah Brown,noah.brown7304@mail.com,Consumer,UK,Northern Ireland,2025-10-05,12
7305,Sarah Garcia,sarah.garcia7305@mail.com,Consumer,UK,Wales,2023-06-12,11
7306,Patricia Davis,patricia.davis7306@mail.com,Consumer,India,Gujarat,2023-06-22,29
7307,Patricia Martinez,patricia.martinez7307@mail.com,Small Business,Australia,New South Wales,2025-06-14,17
7308,Susan Williams,susan.williams7308@mail.com,Small Business,UK,Northern Ireland,2020-12-06,12
7309,Nancy Wilson,nancy.wilson7309@mail.com,Corporate,USA,Washington,2022-01-31,6
7310,Patricia Anderson,patricia.anderson7310@mail.com,Corporate,India,Maharashtra,2020-01-29,25
7311,Chloe Cole,chloe.cole7311@mail.com,Small Business,usa,Illinois,2025-03-23,5
7312,Chloe Williams,chloe.williams7312@mail.com,Consumer,USA,Texas,2020-12-02,2
7313,Noah Johnson,noah.johnson7313@mail.com,Consumer,UK,Northern Ireland,2023-09-06,12
7314,Nancy Jones,nancy.jones7314@mail.com,Consumer,canada,British Columbia,2025-03-23,15
7315,Jennifer Thomas,jennifer.thomas7315@mail.com,Corporate,USA,California,2023-06-03,1
7316,Charles Wilson,charles.wilson7316@mail.com,Corporate,India,Gujarat,2019-04-25,29
7317,Nancy Garcia,nancy.garcia7317@mail.com,Small Business,India,Gujarat,2023-04-19,29
7318,Raj Thomas,raj.thomas7318@mail.com,Small Business,USA,Washington,2022-09-05,6
7319,John Murphy,john.murphy7319@mail.com,Corporate,Canada,Alberta,2019-05-21,16
7320,Raj Patel,raj.patel7320@mail.com,Corporate,usa,Washington,2024-03-26,6
7321,Barbara Thompson,barbara.thompson7321@mail.com,Corporate,India,Delhi,2024-04-09,27
7322,Liam Martinez,liam.martinez7322@mail.com,Consumer,USA,Ohio,2025-09-04,8
7323,Susan Murphy,susan.murphy7323@mail.com,Small Business,USA,Illinois,2019-07-08,5
7324,Patricia Rodriguez,patricia.rodriguez7324@mail.com,Small Business,USA,Florida,2020-12-24,4
7325,Chloe Jackson,chloe.jackson7325@mail.com,Corporate,Canada,Alberta,2021-04-25,16
7326,Raj Anderson,raj.anderson7326@mail.com,Small Business,Germany,North Rhine-Westphalia,2019-09-11,24
7327,Chloe Rodriguez,chloe.rodriguez7327@mail.com,Consumer,Australia,Victoria,2021-12-06,18
7328,Emma Cole,emma.cole7328@mail.com,Consumer,Germany,Berlin,2023-06-02,22
7329,Amit Evans,amit.evans7329@mail.com,Consumer,India,Delhi,2023-11-27,27
7330,Robert Evans,robert.evans7330@mail.com,Small Business,India,Maharashtra,2024-07-04,25
7331,James Bennett,james.bennett7331@mail.com,Small Business,Germany,Bavaria,2021-06-18,21
7332,Chloe Jones,chloe.jones7332@mail.com,Consumer,Germany,North Rhine-Westphalia,2022-07-16,24
7333,Oliver Sharma,oliver.sharma7333@mail.com,Consumer,USA,Washington,2025-06-21,6
7334,John Wilson,john.wilson7334@mail.com,Consumer,USA,Illinois,2025-03-07,5
7335,John Taylor,john.taylor7335@mail.com,Consumer,Canada,Quebec,2024-08-18,14
7336,Thomas Iyer,thomas.iyer7336@mail.com,Consumer,USA,Florida,2019-04-06,4
7337,Emma Evans,emma.evans7337@mail.com,Corporate,India,Maharashtra,2020-12-01,25
7338,Sarah Hughes,sarah.hughes7338@mail.com,Corporate,Australia,Queensland,2022-10-19,19
7339,Robert Brown,robert.brown7339@mail.com,Consumer,USA,Florida,2025-05-19,4
7340,Daniel Thomas,daniel.thomas7340@mail.com,Consumer,UK,England,2024-01-11,9
7341,Sunita Rodriguez,sunita.rodriguez7341@mail.com,Consumer,India,Uttar Pradesh,2023-02-19,30
7342,John Williams,john.williams7342@mail.com,Consumer,Australia,Queensland,2020-05-15,19
7343,Richard Jones,richard.jones7343@mail.com,Consumer,USA,Ohio,2022-01-05,8
7344,Jennifer Clarke,jennifer.clarke7344@mail.com,Consumer,India,Gujarat,2023-08-09,29
7345,Joseph Anderson,joseph.anderson7345@mail.com,Corporate,Australia,Victoria,2019-04-25,18
7346,Richard Jackson,richard.jackson7346@mail.com,Consumer,Canada,Alberta,2021-10-26,16
7347,Jessica Jackson,jessica.jackson7347@mail.com,Consumer,UK,Scotland,2020-08-12,10
7348,Amit Thomas,amit.thomas7348@mail.com,Consumer,India,Uttar Pradesh,2025-10-26,30
7349,Nancy Evans,nancy.evans7349@mail.com,Corporate,USA,Ohio,2019-08-07,8
7350,Priya Wilson,,Consumer,Australia,Western Australia,2023-12-04,20
7351,John Evans,john.evans7351@mail.com,Consumer,AUS,Western Australia,2024-05-20,20
7352,Priya Cole,priya.cole7352@mail.com,Small Business,India,Gujarat,2023-02-07,29
7353,Linda Taylor,linda.taylor7353@mail.com,Consumer,Australia,Western Australia,2024-05-09,20
7354,Jessica Lee,jessica.lee7354@mail.com,Small Business,Australia,Queensland,2022-12-21,19
7355,Sarah Lee,sarah.lee7355@mail.com,Corporate,Australia,Queensland,2021-04-23,19
7356,Karen Jackson,karen.jackson7356@mail.com,Consumer,India,Karnataka,2024-01-11,26
7357,Karen Lee,karen.lee7357@mail.com,Small Business,Canada,Quebec,2023-04-22,14
7358,Liam Davis,liam.davis7358@mail.com,Corporate,India,Delhi,2020-03-05,27
7359,Joseph Williams,joseph.williams7359@mail.com,Consumer,UK,England,2022-08-23,9
7360,Daniel Kapoor,daniel.kapoor7360@mail.com,Consumer,USA,Illinois,2023-05-07,5
7361,Jessica Martin,jessica.martin7361@mail.com,Consumer,USA,Ohio,2024-06-01,8
7362,Daniel Clarke,daniel.clarke7362@mail.com,Small Business,UK,Northern Ireland,2022-03-05,12
7363,Amit Evans,amit.evans7363@mail.com,Consumer,UK,Wales,2023-06-05,11
7364,Sunita Davis,sunita.davis7364@mail.com,Small Business,India,Uttar Pradesh,2023-04-06,30
7365,Amit Williams,amit.williams7365@mail.com,Consumer,Australia,Queensland,2019-02-13,19
7366,Linda Anderson,linda.anderson7366@mail.com,Consumer,UK,Scotland,2020-05-04,10
7367,James Miller,james.miller7367@mail.com,Small Business,India,Karnataka,2024-10-13,26
7368,Sophie Smith,sophie.smith7368@mail.com,Consumer,India,Uttar Pradesh,2021-03-25,30
7369,Susan Lee,susan.lee7369@mail.com,Consumer,India,Karnataka,2025-03-20,26
7370,Sarah Jones,sarah.jones7370@mail.com,Consumer,USA,Texas,2023-06-29,2
7371,Chloe Brown,chloe.brown7371@mail.com,Consumer,India,Delhi,2023-04-27,27
7372,Mary Cole,mary.cole7372@mail.com,Consumer,USA,California,2021-04-29,1
7373,Susan Anderson,susan.anderson7373@mail.com,Corporate,Canada,Ontario,2023-01-17,13
7374,Sophie Bennett,sophie.bennett7374@mail.com,Consumer,UK,Northern Ireland,2020-01-09,12
7375,Sophie Clarke,sophie.clarke7375@mail.com,Consumer,USA,Ohio,2021-11-03,8
7376,Liam Jones,liam.jones7376@mail.com,Corporate,canada,Alberta,2025-04-05,16
7377,Barbara Moore,barbara.moore7377@mail.com,Consumer,India,Gujarat,2020-09-01,29
7378,John Hughes,john.hughes7378@mail.com,Consumer,USA,California,2022-06-09,1
7379,Sophie Lee,sophie.lee7379@mail.com,Consumer,Germany,Bavaria,2023-12-28,21
7380,Chloe Cole,chloe.cole7380@mail.com,Consumer,USA,Texas,2023-01-26,2
7381,Jessica Davis,jessica.davis7381@mail.com,Small Business,USA,New York,2025-03-26,3
7382,Michael Hughes,,Small Business,USA,Ohio,2024-04-17,8
7383,Linda Johnson,linda.johnson7383@mail.com,Small Business,UK,England,2020-08-09,9
7384,Sunita Jones,sunita.jones7384@mail.com,Consumer,UK,Northern Ireland,2019-01-17,12
7385,Patricia Kapoor,patricia.kapoor7385@mail.com,Corporate,UK,Wales,2025-06-01,11
7386,Amit Jones,amit.jones7386@mail.com,Consumer,Canada,Alberta,2023-05-12,16
7387,Joseph Iyer,joseph.iyer7387@mail.com,Corporate,India,Karnataka,2025-05-08,26
7388,James Kapoor,james.kapoor7388@mail.com,Corporate,USA,Florida,2025-08-22,4
7389,Jessica Anderson,jessica.anderson7389@mail.com,Consumer,Canada,Ontario,2021-05-24,13
7390,Mary Kapoor,mary.kapoor7390@mail.com,Consumer,UK,Northern Ireland,2021-08-16,12
7391,Patricia Patel,patricia.patel7391@mail.com,Consumer,Australia,Queensland,2024-01-04,19
7392,Daniel Williams,daniel.williams7392@mail.com,Corporate,UK,Northern Ireland,2024-02-11,12
7393,Sarah Hughes,sarah.hughes7393@mail.com,Consumer,Canada,Quebec,2022-07-29,14
7394,Nancy Bennett,nancy.bennett7394@mail.com,Consumer,Canada,British Columbia,2019-02-10,15
7395,Jennifer Smith,jennifer.smith7395@mail.com,Corporate,canada,British Columbia,2019-11-06,15
7396,John Anderson,john.anderson7396@mail.com,Consumer,India,Gujarat,2024-03-03,29
7397,John Williams,john.williams7397@mail.com,Consumer,Canada,Quebec,2025-07-25,14
7398,Linda Williams,linda.williams7398@mail.com,Consumer,Australia,Western Australia,2025-09-23,20
7399,James Perez,james.perez7399@mail.com,Consumer,Canada,Alberta,2022-12-29,16
7400,Liam Hughes,liam.hughes7400@mail.com,Consumer,UK,Northern Ireland,2024-10-09,12
7401,Jessica Jones,jessica.jones7401@mail.com,Consumer,India,Delhi,2020-10-13,27
7402,Oliver Garcia,oliver.garcia7402@mail.com,Small Business,India,Gujarat,2021-07-25,29
7403,Sarah Iyer,sarah.iyer7403@mail.com,Consumer,Germany,Bavaria,2021-09-02,21
7404,John Iyer,john.iyer7404@mail.com,Corporate,India,Gujarat,2020-09-27,29
7405,Charles Kapoor,charles.kapoor7405@mail.com,Consumer,UK,Wales,2019-05-22,11
7406,Barbara Jackson,barbara.jackson7406@mail.com,Corporate,India,Tamil Nadu,2024-03-05,28
7407,Jessica Iyer,jessica.iyer7407@mail.com,Consumer,UK,Wales,2021-11-16,11
7408,Richard Moore,richard.moore7408@mail.com,Consumer,Germany,Bavaria,2020-05-19,21
7409,Emma Sharma,emma.sharma7409@mail.com,Consumer,DE,Hesse,2022-04-19,23
7410,Amit Smith,amit.smith7410@mail.com,Consumer,USA,Ohio,2025-06-30,8
7411,Barbara Brown,barbara.brown7411@mail.com,Consumer,USA,Ohio,2023-02-08,8
7412,John Johnson,john.johnson7412@mail.com,Consumer,USA,Washington,2022-07-14,6
7413,Noah Sharma,noah.sharma7413@mail.com,Small Business,UK,Northern Ireland,2020-05-28,12
7414,Mary Thompson,mary.thompson7414@mail.com,Consumer,Australia,Queensland,2023-08-08,19
7415,Oliver Garcia,oliver.garcia7415@mail.com,Consumer,Australia,Queensland,2019-02-13,19
7416,Charles Garcia,charles.garcia7416@mail.com,Consumer,Australia,Victoria,2021-02-12,18
7417,James Taylor,james.taylor7417@mail.com,Corporate,USA,Illinois,2020-03-07,5
7418,Liam Thomas,liam.thomas7418@mail.com,Consumer,Australia,Western Australia,2022-04-21,20
7419,Raj Murphy,raj.murphy7419@mail.com,Consumer,USA,Texas,2025-08-31,2
7420,Thomas Lee,thomas.lee7420@mail.com,Consumer,USA,Florida,2025-07-05,4
7421,Amit Hughes,amit.hughes7421@mail.com,Corporate,Germany,Hesse,2024-06-12,23
7422,David Cole,david.cole7422@mail.com,Consumer,USA,Florida,2022-02-08,4
7423,Daniel Martin,daniel.martin7423@mail.com,Small Business,UK,Wales,2025-02-17,11
7424,Barbara Kapoor,barbara.kapoor7424@mail.com,Consumer,India,Tamil Nadu,2020-05-13,28
7425,Linda Thomas,linda.thomas7425@mail.com,Consumer,India,Karnataka,2025-02-28,26
7426,Chloe Garcia,chloe.garcia7426@mail.com,Consumer,Australia,Western Australia,2023-06-19,20
7427,David Williams,david.williams7427@mail.com,Corporate,Canada,Quebec,2024-04-30,14
7428,Charles Taylor,charles.taylor7428@mail.com,Corporate,USA,Georgia,2021-10-03,7
7429,John Iyer,john.iyer7429@mail.com,Small Business,Germany,Hesse,2023-03-09,23
7430,Michael Taylor,michael.taylor7430@mail.com,Corporate,Canada,Alberta,2021-05-12,16
7431,Nancy Johnson,,Corporate,UK,Scotland,2020-10-06,10
7432,Linda Taylor,linda.taylor7432@mail.com,Consumer,Germany,Berlin,2023-11-22,22
7433,Jennifer Hughes,jennifer.hughes7433@mail.com,Consumer,USA,Texas,2023-09-05,2
7434,Sunita Lee,sunita.lee7434@mail.com,Consumer,USA,California,2023-02-05,1
7435,Nancy Hughes,nancy.hughes7435@mail.com,Consumer,India,Karnataka,2023-02-01,26
7436,Robert Hughes,robert.hughes7436@mail.com,Consumer,UK,Northern Ireland,2023-11-24,12
7437,Amit Moore,amit.moore7437@mail.com,Small Business,India,Karnataka,2020-10-11,26
7438,Sarah Wilson,sarah.wilson7438@mail.com,Consumer,USA,Texas,2023-07-11,2
7439,Priya Sharma,priya.sharma7439@mail.com,Corporate,Australia,New South Wales,2023-10-27,17
7440,Joseph Hughes,joseph.hughes7440@mail.com,Corporate,Australia,New South Wales,2021-09-09,17
7441,Joseph Garcia,joseph.garcia7441@mail.com,Consumer,usa,Texas,2020-09-29,2
7442,Mary Evans,,Consumer,USA,Ohio,2023-09-28,8
7443,Susan Sharma,susan.sharma7443@mail.com,Consumer,India,Delhi,2025-06-02,27
7444,Jessica Miller,jessica.miller7444@mail.com,Small Business,USA,Georgia,2024-11-13,7
7445,David Brown,david.brown7445@mail.com,Small Business,India,Tamil Nadu,2021-10-18,28
7446,Patricia Williams,patricia.williams7446@mail.com,Small Business,USA,Florida,2020-01-31,4
7447,Susan Thompson,susan.thompson7447@mail.com,Consumer,India,Karnataka,2024-05-16,26
7448,Oliver Bennett,oliver.bennett7448@mail.com,Consumer,USA,Georgia,2025-10-07,7
7449,Richard Smith,richard.smith7449@mail.com,Corporate,USA,Ohio,2024-02-27,8
7450,Linda Martinez,linda.martinez7450@mail.com,Consumer,USA,Texas,2023-08-12,2
7451,Jennifer Lee,jennifer.lee7451@mail.com,Consumer,USA,New York,2024-09-25,3
7452,Patricia Williams,patricia.williams7452@mail.com,Consumer,India,Uttar Pradesh,2023-10-10,30
7453,Michael Thompson,michael.thompson7453@mail.com,Consumer,Canada,Quebec,2019-06-21,14
7454,James Clarke,james.clarke7454@mail.com,Consumer,Germany,Hesse,2020-02-28,23
7455,Chloe Martinez,chloe.martinez7455@mail.com,Corporate,Australia,Victoria,2020-08-16,18
7456,Michael Lee,michael.lee7456@mail.com,Consumer,India,Gujarat,2022-11-19,29
7457,Michael Sharma,,Consumer,Canada,Alberta,2021-08-02,16
7458,Chloe Johnson,chloe.johnson7458@mail.com,Small Business,USA,Washington,2020-03-24,6
7459,Linda Rodriguez,linda.rodriguez7459@mail.com,Consumer,UK,Northern Ireland,2021-03-31,12
7460,Robert Perez,robert.perez7460@mail.com,Consumer,Canada,Ontario,2022-09-18,13
7461,Daniel Johnson,daniel.johnson7461@mail.com,Consumer,india,Tamil Nadu,2024-05-28,28
7462,Daniel Evans,daniel.evans7462@mail.com,Consumer,USA,Ohio,2021-12-15,8
7463,Sarah Johnson,sarah.johnson7463@mail.com,Consumer,USA,Florida,2023-06-07,4
7464,Mary Wilson,mary.wilson7464@mail.com,Small Business,USA,Illinois,2022-06-29,5
7465,Robert Martinez,robert.martinez7465@mail.com,Small Business,Germany,North Rhine-Westphalia,2021-01-25,24
7466,James Anderson,james.anderson7466@mail.com,Consumer,Canada,British Columbia,2020-02-19,15
7467,Oliver Martinez,oliver.martinez7467@mail.com,Consumer,USA,Texas,2021-03-01,2
7468,Joseph Martin,joseph.martin7468@mail.com,Consumer,Australia,Western Australia,2021-12-17,20
7469,Michael Wilson,michael.wilson7469@mail.com,Consumer,USA,Ohio,2019-11-03,8
7470,Oliver Taylor,oliver.taylor7470@mail.com,Consumer,USA,California,2025-01-25,1
7471,Sunita Anderson,sunita.anderson7471@mail.com,Consumer,United Kingdom,Scotland,2023-11-20,10
7472,John Kapoor,john.kapoor7472@mail.com,Corporate,Canada,Quebec,2021-12-03,14
7473,Raj Brown,raj.brown7473@mail.com,Consumer,India,Maharashtra,2021-07-11,25
7474,Richard Thomas,richard.thomas7474@mail.com,Corporate,India,Uttar Pradesh,2021-05-26,30
7475,Noah Iyer,noah.iyer7475@mail.com,Consumer,India,Delhi,2019-10-19,27
7476,Charles Brown,charles.brown7476@mail.com,Small Business,AUS,New South Wales,2022-01-05,17
7477,Charles Evans,charles.evans7477@mail.com,Corporate,India,Delhi,2022-05-11,27
7478,Oliver Jones,oliver.jones7478@mail.com,Small Business,Canada,Quebec,2022-09-29,14
7479,James Perez,james.perez7479@mail.com,Consumer,UK,Wales,2025-04-30,11
7480,Emma Taylor,emma.taylor7480@mail.com,Corporate,U.K.,Wales,2019-10-06,11
7481,Sarah Perez,sarah.perez7481@mail.com,Consumer,USA,California,2024-05-21,1
7482,Sophie Bennett,sophie.bennett7482@mail.com,Small Business,India,Karnataka,2022-09-24,26
7483,Mary Martinez,mary.martinez7483@mail.com,Corporate,India,Tamil Nadu,2023-04-29,28
7484,Jennifer Jones,jennifer.jones7484@mail.com,Consumer,UK,Northern Ireland,2023-08-28,12
7485,Raj Moore,raj.moore7485@mail.com,Consumer,UK,Scotland,2025-07-31,10
7486,Robert Murphy,robert.murphy7486@mail.com,Corporate,USA,Illinois,2023-04-27,5
7487,Priya Williams,priya.williams7487@mail.com,Consumer,India,Maharashtra,2020-02-07,25
7488,Amit Davis,amit.davis7488@mail.com,Consumer,USA,Georgia,2023-07-12,7
7489,Noah Miller,noah.miller7489@mail.com,Corporate,UK,Scotland,2021-08-14,10
7490,Emma Patel,emma.patel7490@mail.com,Corporate,USA,Texas,2024-07-27,2
7491,Priya Jones,priya.jones7491@mail.com,Consumer,Germany,Hesse,2022-01-31,23
7492,Oliver Kapoor,oliver.kapoor7492@mail.com,Corporate,USA,Illinois,2022-09-27,5
7493,Jennifer Martin,jennifer.martin7493@mail.com,Corporate,canada,British Columbia,2022-07-15,15
7494,Charles Iyer,charles.iyer7494@mail.com,Small Business,Australia,Queensland,2019-05-17,19
7495,Nancy Sharma,nancy.sharma7495@mail.com,Consumer,UK,England,2019-08-17,9
7496,Charles Cole,charles.cole7496@mail.com,Consumer,Canada,Quebec,2021-08-15,14
7497,Oliver Wilson,oliver.wilson7497@mail.com,Consumer,Germany,North Rhine-Westphalia,2025-08-06,24
7498,Thomas Evans,thomas.evans7498@mail.com,Small Business,Canada,Alberta,2021-04-20,16
7499,John Wilson,john.wilson7499@mail.com,Corporate,Australia,Western Australia,2022-08-27,20
7500,Barbara Anderson,barbara.anderson7500@mail.com,Small Business,Canada,Alberta,2023-04-18,16
7501,Nancy Bennett,nancy.bennett7501@mail.com,Consumer,Canada,Quebec,2024-03-22,14
7502,Jessica Johnson,jessica.johnson7502@mail.com,Corporate,UK,Scotland,2022-06-28,10
7503,Noah Kapoor,noah.kapoor7503@mail.com,Small Business,Germany,Hesse,2025-03-21,23
7504,Oliver Patel,oliver.patel7504@mail.com,Consumer,Canada,Quebec,2023-02-28,14
7505,Joseph Davis,joseph.davis7505@mail.com,Small Business,UK,Northern Ireland,2021-01-17,12
7506,Michael Thompson,michael.thompson7506@mail.com,Consumer,Canada,Alberta,2020-04-01,16
7507,Nancy Williams,nancy.williams7507@mail.com,Small Business,Australia,Western Australia,2024-02-05,20
7508,John Perez,john.perez7508@mail.com,Consumer,India,Gujarat,2025-09-20,29
7509,Priya Jackson,priya.jackson7509@mail.com,Corporate,Canada,Ontario,2024-10-27,13
7510,Patricia Evans,patricia.evans7510@mail.com,Consumer,USA,Illinois,2022-06-16,5
7511,James Jones,james.jones7511@mail.com,Corporate,UK,England,2022-09-19,9
7512,Oliver Bennett,oliver.bennett7512@mail.com,Corporate,Canada,Alberta,2024-08-06,16
7513,Barbara Lee,barbara.lee7513@mail.com,Consumer,India,Gujarat,2024-10-22,29
7514,Sophie Evans,sophie.evans7514@mail.com,Consumer,Canada,Quebec,2020-11-08,14
7515,Emma Murphy,emma.murphy7515@mail.com,Consumer,USA,Ohio,2021-06-30,8
7516,Robert Jackson,robert.jackson7516@mail.com,Consumer,India,Maharashtra,2024-07-06,25
7517,Patricia Moore,patricia.moore7517@mail.com,Corporate,USA,Washington,2021-12-27,6
7518,Richard Garcia,richard.garcia7518@mail.com,Corporate,UK,England,2019-05-12,9
7519,Chloe Martinez,chloe.martinez7519@mail.com,Consumer,USA,Washington,2023-04-17,6
7520,Jennifer Williams,jennifer.williams7520@mail.com,Corporate,USA,Ohio,2024-04-19,8
7521,David Perez,,Consumer,Canada,Alberta,2023-12-12,16
7522,Susan Anderson,susan.anderson7522@mail.com,Corporate,USA,Georgia,2025-08-05,7
7523,Robert Williams,robert.williams7523@mail.com,Consumer,India,Uttar Pradesh,2022-10-11,30
7524,Jennifer Kapoor,jennifer.kapoor7524@mail.com,Corporate,India,Tamil Nadu,2025-11-01,28
7525,Oliver Moore,oliver.moore7525@mail.com,Consumer,Canada,Ontario,2022-08-01,13
7526,David Jackson,david.jackson7526@mail.com,Consumer,UK,Wales,2022-08-07,11
7527,David Clarke,david.clarke7527@mail.com,Consumer,India,Maharashtra,2019-04-30,25
7528,Noah Moore,noah.moore7528@mail.com,Corporate,Australia,Victoria,2021-04-19,18
7529,Priya Cole,priya.cole7529@mail.com,Consumer,USA,Florida,2021-03-20,4
7530,John Brown,john.brown7530@mail.com,Consumer,Germany,Hesse,2025-07-04,23
7531,Daniel Jackson,daniel.jackson7531@mail.com,Corporate,India,Gujarat,2024-07-29,29
7532,Mary Anderson,mary.anderson7532@mail.com,Consumer,USA,California,2025-03-08,1
7533,Sophie Martinez,sophie.martinez7533@mail.com,Consumer,UK,England,2022-12-05,9
7534,Joseph Thomas,joseph.thomas7534@mail.com,Consumer,USA,Washington,2024-01-08,6
7535,Sophie Thompson,sophie.thompson7535@mail.com,Corporate,India,Delhi,2020-11-09,27
7536,Chloe Patel,chloe.patel7536@mail.com,Consumer,UK,Wales,2023-02-24,11
7537,John Moore,john.moore7537@mail.com,Consumer,India,Delhi,2019-08-28,27
7538,Susan Martin,susan.martin7538@mail.com,Consumer,Australia,Queensland,2022-07-10,19
7539,Sophie Thompson,sophie.thompson7539@mail.com,Small Business,USA,Washington,2019-07-10,6
7540,Richard Anderson,richard.anderson7540@mail.com,Consumer,Australia,New South Wales,2024-08-18,17
7541,Robert Patel,robert.patel7541@mail.com,Corporate,India,Uttar Pradesh,2020-12-25,30
7542,Jessica Martin,jessica.martin7542@mail.com,Small Business,USA,Texas,2022-05-18,2
7543,Thomas Rodriguez,thomas.rodriguez7543@mail.com,Consumer,Canada,Ontario,2025-09-07,13
7544,Noah Murphy,noah.murphy7544@mail.com,Small Business,Germany,Hesse,2021-06-15,23
7545,Raj Johnson,raj.johnson7545@mail.com,Consumer,Australia,Queensland,2021-03-25,19
7546,Nancy Sharma,nancy.sharma7546@mail.com,Consumer,USA,California,2019-02-21,1
7547,Mary Iyer,mary.iyer7547@mail.com,Consumer,UK,Scotland,2025-06-10,10
7548,Emma Davis,emma.davis7548@mail.com,Small Business,UK,Scotland,2022-07-02,10
7549,Amit Hughes,amit.hughes7549@mail.com,Corporate,Australia,Victoria,2019-01-15,18
7550,Karen Smith,karen.smith7550@mail.com,Consumer,Australia,Western Australia,2019-03-03,20
7551,John Bennett,john.bennett7551@mail.com,Corporate,UK,Wales,2019-12-31,11
7552,Patricia Martinez,patricia.martinez7552@mail.com,Small Business,Canada,British Columbia,2023-05-28,15
7553,Joseph Garcia,joseph.garcia7553@mail.com,Consumer,USA,Ohio,2020-01-30,8
7554,Daniel Taylor,daniel.taylor7554@mail.com,Corporate,Germany,Hesse,2025-03-02,23
7555,Sophie Williams,sophie.williams7555@mail.com,Corporate,Germany,Berlin,2021-05-21,22
7556,Linda Taylor,linda.taylor7556@mail.com,Corporate,USA,Texas,2021-02-15,2
7557,Sophie Moore,sophie.moore7557@mail.com,Small Business,Germany,Hesse,2024-02-16,23
7558,Raj Williams,raj.williams7558@mail.com,Corporate,USA,Washington,2021-11-24,6
7559,Susan Moore,,Corporate,UK,Wales,2021-05-04,11
7560,Thomas Sharma,thomas.sharma7560@mail.com,Consumer,USA,Texas,2021-09-14,2
7561,Karen Murphy,karen.murphy7561@mail.com,Small Business,India,Karnataka,2023-04-15,26
7562,Liam Moore,liam.moore7562@mail.com,Consumer,india,Uttar Pradesh,2025-01-21,30
7563,Patricia Williams,patricia.williams7563@mail.com,Consumer,Canada,Alberta,2020-09-01,16
7564,Jennifer Iyer,jennifer.iyer7564@mail.com,Consumer,Canada,British Columbia,2022-12-14,15
7565,Patricia Cole,patricia.cole7565@mail.com,Consumer,Germany,North Rhine-Westphalia,2022-05-13,24
7566,Chloe Taylor,chloe.taylor7566@mail.com,Corporate,Germany,North Rhine-Westphalia,2021-03-02,24
7567,Oliver Thomas,oliver.thomas7567@mail.com,Corporate,Australia,Victoria,2020-03-14,18
7568,Michael Taylor,michael.taylor7568@mail.com,Corporate,Australia,Queensland,2023-07-18,19
7569,Richard Williams,richard.williams7569@mail.com,Corporate,USA,Ohio,2022-04-18,8
7570,Richard Wilson,richard.wilson7570@mail.com,Corporate,Germany,Bavaria,2019-07-19,21
7571,Nancy Jackson,nancy.jackson7571@mail.com,Small Business,India,Gujarat,2019-05-19,29
7572,Michael Kapoor,michael.kapoor7572@mail.com,Consumer,India,Maharashtra,2022-12-12,25
7573,Sunita Jackson,sunita.jackson7573@mail.com,Corporate,USA,Ohio,2019-07-10,8
7574,Patricia Rodriguez,patricia.rodriguez7574@mail.com,Small Business,USA,Illinois,2025-08-31,5
7575,Thomas Johnson,thomas.johnson7575@mail.com,Corporate,USA,Ohio,2022-04-18,8
7576,Karen Jones,karen.jones7576@mail.com,Corporate,USA,Georgia,2021-03-31,7
7577,Sarah Jones,sarah.jones7577@mail.com,Consumer,UK,Northern Ireland,2025-04-09,12
7578,Priya Miller,priya.miller7578@mail.com,Small Business,Australia,Queensland,2025-05-06,19
7579,Richard Perez,richard.perez7579@mail.com,Consumer,Canada,British Columbia,2020-08-04,15
7580,Mary Thompson,mary.thompson7580@mail.com,Consumer,USA,Ohio,2022-01-08,8
7581,Oliver Taylor,oliver.taylor7581@mail.com,Consumer,Australia,New South Wales,2021-07-24,17
7582,Mary Cole,mary.cole7582@mail.com,Corporate,Australia,Victoria,2024-03-21,18
7583,Emma Anderson,emma.anderson7583@mail.com,Corporate,DE,Hesse,2024-07-29,23
7584,Emma Thomas,emma.thomas7584@mail.com,Consumer,IND,Maharashtra,2019-04-30,25
7585,Sarah Miller,sarah.miller7585@mail.com,Corporate,Canada,Alberta,2022-08-25,16
7586,Mary Miller,mary.miller7586@mail.com,Corporate,USA,Illinois,2019-05-12,5
7587,Sophie Smith,sophie.smith7587@mail.com,Consumer,UK,England,2023-05-15,9
7588,Oliver Patel,oliver.patel7588@mail.com,Small Business,USA,Georgia,2025-04-11,7
7589,Jessica Rodriguez,jessica.rodriguez7589@mail.com,Consumer,Germany,Berlin,2022-09-25,22
7590,David Sharma,david.sharma7590@mail.com,Small Business,USA,Washington,2022-09-06,6
7591,Jennifer Williams,jennifer.williams7591@mail.com,Consumer,Australia,Western Australia,2025-03-12,20
7592,John Williams,john.williams7592@mail.com,Corporate,USA,New York,2025-03-22,3
7593,David Taylor,david.taylor7593@mail.com,Consumer,Canada,Alberta,2022-08-03,16
7594,Robert Martinez,robert.martinez7594@mail.com,Small Business,India,Tamil Nadu,2019-10-05,28
7595,Sophie Kapoor,sophie.kapoor7595@mail.com,Corporate,USA,Florida,2020-04-02,4
7596,Thomas Bennett,thomas.bennett7596@mail.com,Small Business,Germany,Berlin,2023-03-11,22
7597,Jessica Martin,jessica.martin7597@mail.com,Consumer,Germany,North Rhine-Westphalia,2022-03-29,24
7598,Michael Patel,michael.patel7598@mail.com,Corporate,Australia,Queensland,2023-05-04,19
7599,Noah Rodriguez,noah.rodriguez7599@mail.com,Consumer,usa,New York,2025-02-26,3
7600,Jennifer Hughes,jennifer.hughes7600@mail.com,Consumer,USA,New York,2022-06-18,3
7601,Mary Williams,mary.williams7601@mail.com,Consumer,USA,Washington,2025-04-24,6
7602,Noah Murphy,noah.murphy7602@mail.com,Consumer,USA,Ohio,2022-08-13,8
7603,Jessica Wilson,,Small Business,United Kingdom,England,2020-06-22,9
7604,Oliver Martinez,oliver.martinez7604@mail.com,Consumer,Canada,Alberta,2020-08-24,16
7605,Jennifer Miller,jennifer.miller7605@mail.com,Corporate,Australia,Victoria,2022-11-11,18
7606,Susan Thomas,susan.thomas7606@mail.com,Small Business,USA,Texas,2025-02-14,2
7607,Sarah Jackson,sarah.jackson7607@mail.com,Corporate,Germany,North Rhine-Westphalia,2023-12-19,24
7608,Karen Kapoor,karen.kapoor7608@mail.com,Consumer,usa,Florida,2021-08-19,4
7609,Emma Garcia,emma.garcia7609@mail.com,Corporate,Canada,British Columbia,2025-03-20,15
7610,Amit Thomas,amit.thomas7610@mail.com,Consumer,Germany,Bavaria,2021-02-25,21
7611,Susan Cole,susan.cole7611@mail.com,Consumer,Germany,Berlin,2021-12-24,22
7612,Amit Perez,amit.perez7612@mail.com,Consumer,USA,California,2022-05-31,1
7613,Joseph Hughes,joseph.hughes7613@mail.com,Consumer,India,Maharashtra,2023-01-11,25
7614,James Lee,james.lee7614@mail.com,Consumer,Canada,British Columbia,2023-03-13,15
7615,Emma Murphy,emma.murphy7615@mail.com,Small Business,CANADA,Quebec,2025-07-16,14
7616,Nancy Miller,nancy.miller7616@mail.com,Corporate,Australia,Queensland,2019-04-17,19
7617,Robert Iyer,robert.iyer7617@mail.com,Small Business,UK,England,2023-10-31,9
7618,Raj Perez,raj.perez7618@mail.com,Consumer,Canada,British Columbia,2020-01-03,15
7619,Nancy Jones,nancy.jones7619@mail.com,Consumer,Germany,Berlin,2020-02-24,22
7620,Richard Patel,richard.patel7620@mail.com,Consumer,Canada,Alberta,2025-03-05,16
7621,Liam Iyer,liam.iyer7621@mail.com,Consumer,Australia,Western Australia,2023-10-16,20
7622,Sunita Hughes,sunita.hughes7622@mail.com,Small Business,usa,Georgia,2024-06-01,7
7623,Sunita Iyer,sunita.iyer7623@mail.com,Small Business,Germany,Bavaria,2025-08-15,21
7624,Richard Smith,,Consumer,USA,Texas,2025-07-03,2
7625,John Murphy,john.murphy7625@mail.com,Corporate,Canada,British Columbia,2019-06-26,15
7626,Thomas Cole,thomas.cole7626@mail.com,Corporate,Australia,Queensland,2023-09-13,19
7627,John Jackson,john.jackson7627@mail.com,Small Business,Germany,Hesse,2021-07-21,23
7628,Sophie Wilson,sophie.wilson7628@mail.com,Corporate,Canada,Alberta,2019-01-31,16
7629,Patricia Evans,patricia.evans7629@mail.com,Consumer,USA,Texas,2019-06-05,2
7630,Raj Thomas,raj.thomas7630@mail.com,Consumer,USA,Texas,2024-08-05,2
7631,David Martin,david.martin7631@mail.com,Consumer,USA,Texas,2022-08-11,2
7632,Sunita Smith,sunita.smith7632@mail.com,Consumer,USA,Ohio,2019-10-29,8
7633,Thomas Hughes,thomas.hughes7633@mail.com,Consumer,UK,England,2019-07-17,9
7634,Sophie Jones,sophie.jones7634@mail.com,Corporate,USA,Illinois,2019-03-20,5
7635,Priya Moore,priya.moore7635@mail.com,Consumer,USA,Ohio,2022-10-06,8
7636,Priya Perez,priya.perez7636@mail.com,Corporate,U.K.,England,2019-03-14,9
7637,Patricia Johnson,patricia.johnson7637@mail.com,Corporate,Canada,British Columbia,2024-09-27,15
7638,Michael Iyer,michael.iyer7638@mail.com,Corporate,UK,Northern Ireland,2019-11-24,12
7639,Michael Thomas,michael.thomas7639@mail.com,Corporate,Australia,Western Australia,2023-08-08,20
7640,Amit Lee,amit.lee7640@mail.com,Consumer,Germany,Berlin,2024-11-08,22
7641,Oliver Garcia,oliver.garcia7641@mail.com,Small Business,India,Delhi,2024-10-27,27
7642,Nancy Taylor,nancy.taylor7642@mail.com,Small Business,Australia,Queensland,2024-02-06,19
7643,Michael Anderson,michael.anderson7643@mail.com,Corporate,Germany,Bavaria,2023-08-24,21
7644,Michael Miller,michael.miller7644@mail.com,Small Business,Canada,Ontario,2023-07-15,13
7645,Raj Perez,raj.perez7645@mail.com,Consumer,India,Tamil Nadu,2021-07-28,28
7646,James Anderson,james.anderson7646@mail.com,Small Business,Canada,Ontario,2019-02-12,13
7647,Liam Anderson,liam.anderson7647@mail.com,Corporate,USA,Texas,2025-07-14,2
7648,James Martinez,james.martinez7648@mail.com,Corporate,USA,New York,2025-10-20,3
7649,Noah Martinez,noah.martinez7649@mail.com,Corporate,Germany,Hesse,2019-03-27,23
7650,Charles Hughes,charles.hughes7650@mail.com,Small Business,USA,Texas,2020-12-12,2
7651,Sophie Brown,sophie.brown7651@mail.com,Consumer,USA,Georgia,2021-02-19,7
7652,Amit Jackson,amit.jackson7652@mail.com,Consumer,Australia,Western Australia,2021-12-14,20
7653,Priya Moore,priya.moore7653@mail.com,Consumer,Australia,Victoria,2023-05-03,18
7654,Jessica Thomas,jessica.thomas7654@mail.com,Small Business,USA,Washington,2021-01-12,6
7655,Susan Anderson,susan.anderson7655@mail.com,Consumer,Australia,Queensland,2023-07-26,19
7656,Liam Lee,liam.lee7656@mail.com,Corporate,USA,California,2025-03-02,1
7657,Jessica Martin,jessica.martin7657@mail.com,Consumer,USA,Georgia,2024-11-02,7
7658,Oliver Wilson,oliver.wilson7658@mail.com,Consumer,Canada,Ontario,2023-04-03,13
7659,Patricia Cole,patricia.cole7659@mail.com,Consumer,UK,Wales,2021-12-17,11
7660,Jennifer Moore,jennifer.moore7660@mail.com,Consumer,UK,England,2020-09-27,9
7661,Jessica Anderson,jessica.anderson7661@mail.com,Consumer,UK,Wales,2024-07-24,11
7662,Jennifer Lee,jennifer.lee7662@mail.com,Corporate,Australia,Western Australia,2023-01-17,20
7663,Nancy Garcia,nancy.garcia7663@mail.com,Consumer,India,Uttar Pradesh,2021-12-04,30
7664,Karen Thomas,karen.thomas7664@mail.com,Small Business,Germany,North Rhine-Westphalia,2022-11-01,24
7665,Joseph Martinez,joseph.martinez7665@mail.com,Consumer,UK,England,2020-07-29,9
7666,Sophie Patel,sophie.patel7666@mail.com,Corporate,USA,Florida,2022-07-31,4
7667,Amit Patel,amit.patel7667@mail.com,Consumer,USA,Texas,2024-09-06,2
7668,Jessica Sharma,jessica.sharma7668@mail.com,Corporate,Germany,North Rhine-Westphalia,2023-07-13,24
7669,Barbara Kapoor,barbara.kapoor7669@mail.com,Consumer,germany,Berlin,2021-06-24,22
7670,Nancy Cole,nancy.cole7670@mail.com,Small Business,USA,Georgia,2024-11-26,7
7671,Noah Bennett,noah.bennett7671@mail.com,Consumer,India,Karnataka,2020-01-28,26
7672,Patricia Williams,patricia.williams7672@mail.com,Consumer,UK,Wales,2021-06-08,11
7673,Emma Hughes,emma.hughes7673@mail.com,Corporate,USA,Georgia,2025-08-13,7
7674,Patricia Williams,patricia.williams7674@mail.com,Consumer,USA,Texas,2019-06-05,2
7675,Priya Smith,priya.smith7675@mail.com,Small Business,UK,Scotland,2019-04-05,10
7676,Nancy Cole,nancy.cole7676@mail.com,Small Business,UK,Scotland,2023-07-20,10
7677,Jessica Brown,jessica.brown7677@mail.com,Small Business,USA,Texas,2020-05-14,2
7678,Sarah Iyer,sarah.iyer7678@mail.com,Consumer,India,Gujarat,2022-05-05,29
7679,Oliver Thompson,oliver.thompson7679@mail.com,Consumer,Germany,Berlin,2021-04-08,22
7680,Chloe Lee,chloe.lee7680@mail.com,Small Business,USA,Texas,2024-08-18,2
7681,Patricia Sharma,patricia.sharma7681@mail.com,Corporate,Germany,North Rhine-Westphalia,2020-02-12,24
7682,Thomas Martin,thomas.martin7682@mail.com,Corporate,India,Delhi,2023-12-23,27
7683,Daniel Evans,daniel.evans7683@mail.com,Consumer,India,Tamil Nadu,2025-04-30,28
7684,Mary Patel,mary.patel7684@mail.com,Consumer,Canada,Alberta,2020-10-30,16
7685,Barbara Bennett,barbara.bennett7685@mail.com,Consumer,India,Maharashtra,2024-06-11,25
7686,Jessica Miller,jessica.miller7686@mail.com,Corporate,USA,Florida,2021-02-26,4
7687,Linda Clarke,linda.clarke7687@mail.com,Consumer,Canada,Ontario,2019-04-11,13
7688,Thomas Lee,thomas.lee7688@mail.com,Consumer,DE,Hesse,2022-02-07,23
7689,Joseph Brown,joseph.brown7689@mail.com,Consumer,USA,Illinois,2020-10-09,5
7690,Michael Bennett,michael.bennett7690@mail.com,Small Business,UK,Northern Ireland,2022-07-11,12
7691,Sarah Brown,sarah.brown7691@mail.com,Corporate,India,Gujarat,2019-03-31,29
7692,Susan Evans,susan.evans7692@mail.com,Consumer,India,Karnataka,2022-04-12,26
7693,Chloe Moore,chloe.moore7693@mail.com,Consumer,Australia,Victoria,2019-10-28,18
7694,Jessica Cole,jessica.cole7694@mail.com,Small Business,India,Karnataka,2025-06-06,26
7695,Liam Sharma,liam.sharma7695@mail.com,Consumer,Canada,British Columbia,2021-05-22,15
7696,Amit Evans,amit.evans7696@mail.com,Small Business,Canada,Alberta,2019-07-27,16
7697,Sunita Taylor,sunita.taylor7697@mail.com,Corporate,USA,Ohio,2025-08-27,8
7698,James Anderson,james.anderson7698@mail.com,Small Business,USA,Illinois,2022-03-24,5
7699,Emma Davis,emma.davis7699@mail.com,Consumer,Germany,North Rhine-Westphalia,2020-05-20,24
7700,Charles Martinez,charles.martinez7700@mail.com,Small Business,Germany,North Rhine-Westphalia,2025-03-29,24
7701,David Murphy,david.murphy7701@mail.com,Corporate,Australia,Victoria,2024-03-30,18
7702,Raj Rodriguez,raj.rodriguez7702@mail.com,Corporate,UK,Wales,2023-07-13,11
7703,Barbara Hughes,barbara.hughes7703@mail.com,Small Business,Australia,Queensland,2023-09-10,19
7704,Noah Evans,noah.evans7704@mail.com,Consumer,Australia,Western Australia,2020-08-15,20
7705,Chloe Thomas,chloe.thomas7705@mail.com,Corporate,USA,California,2022-03-29,1
7706,Raj Davis,raj.davis7706@mail.com,Consumer,USA,California,2024-06-27,1
7707,James Murphy,james.murphy7707@mail.com,Corporate,Germany,Bavaria,2025-06-01,21
7708,Chloe Thomas,chloe.thomas7708@mail.com,Consumer,U.S.A,New York,2023-06-11,3
7709,Mary Smith,mary.smith7709@mail.com,Consumer,Canada,Quebec,2025-03-08,14
7710,James Jones,,Consumer,India,Gujarat,2023-06-29,29
7711,Emma Anderson,emma.anderson7711@mail.com,Corporate,USA,Texas,2021-06-06,2
7712,Liam Hughes,liam.hughes7712@mail.com,Small Business,United States,Georgia,2024-10-27,7
7713,Charles Hughes,charles.hughes7713@mail.com,Consumer,UK,Northern Ireland,2019-01-19,12
7714,Sunita Thompson,sunita.thompson7714@mail.com,Consumer,USA,New York,2020-12-04,3
7715,Richard Wilson,richard.wilson7715@mail.com,Small Business,India,Maharashtra,2025-08-14,25
7716,Jennifer Perez,,Consumer,UK,Wales,2022-03-24,11
7717,Jessica Davis,jessica.davis7717@mail.com,Consumer,uk,England,2019-08-21,9
7718,Karen Taylor,karen.taylor7718@mail.com,Consumer,India,Uttar Pradesh,2021-03-03,30
7719,Michael Thompson,michael.thompson7719@mail.com,Consumer,India,Gujarat,2023-07-11,29
7720,Priya Taylor,priya.taylor7720@mail.com,Corporate,Canada,Alberta,2019-12-08,16
7721,Liam Johnson,liam.johnson7721@mail.com,Small Business,UK,Northern Ireland,2023-08-24,12
7722,Emma Cole,emma.cole7722@mail.com,Small Business,USA,Texas,2022-01-28,2
7723,Daniel Thomas,daniel.thomas7723@mail.com,Small Business,USA,Washington,2024-12-04,6
7724,John Sharma,john.sharma7724@mail.com,Consumer,Australia,Western Australia,2021-08-10,20
7725,Joseph Iyer,joseph.iyer7725@mail.com,Small Business,USA,Texas,2023-11-23,2
7726,Jennifer Taylor,jennifer.taylor7726@mail.com,Small Business,Australia,Queensland,2024-06-15,19
7727,Noah Wilson,noah.wilson7727@mail.com,Corporate,USA,Georgia,2019-10-17,7
7728,Charles Garcia,charles.garcia7728@mail.com,Consumer,India,Delhi,2025-08-19,27
7729,Jessica Davis,jessica.davis7729@mail.com,Consumer,USA,Illinois,2019-08-22,5
7730,Patricia Kapoor,patricia.kapoor7730@mail.com,Corporate,Australia,Western Australia,2024-01-10,20
7731,Emma Jones,emma.jones7731@mail.com,Consumer,Germany,Berlin,2021-01-14,22
7732,Charles Brown,charles.brown7732@mail.com,Consumer,India,Uttar Pradesh,2019-02-24,30
7733,Priya Perez,priya.perez7733@mail.com,Corporate,USA,Illinois,2021-03-03,5
7734,Emma Taylor,emma.taylor7734@mail.com,Small Business,Germany,Bavaria,2024-06-29,21
7735,Liam Clarke,liam.clarke7735@mail.com,Corporate,Australia,Victoria,2021-03-23,18
7736,Priya Cole,priya.cole7736@mail.com,Consumer,UK,England,2022-01-17,9
7737,David Hughes,david.hughes7737@mail.com,Consumer,USA,Ohio,2024-10-21,8
7738,Karen Garcia,karen.garcia7738@mail.com,Consumer,USA,California,2024-09-12,1
7739,Richard Miller,richard.miller7739@mail.com,Consumer,Canada,Ontario,2019-12-19,13
7740,Robert Williams,robert.williams7740@mail.com,Small Business,India,Delhi,2023-01-09,27
7741,James Thomas,james.thomas7741@mail.com,Consumer,Germany,Hesse,2022-07-31,23
7742,James Sharma,james.sharma7742@mail.com,Consumer,Australia,Victoria,2023-12-02,18
7743,Oliver Perez,oliver.perez7743@mail.com,Consumer,Australia,Queensland,2022-12-04,19
7744,John Smith,john.smith7744@mail.com,Corporate,Australia,Western Australia,2025-04-04,20
7745,Nancy Kapoor,nancy.kapoor7745@mail.com,Consumer,USA,New York,2019-12-09,3
7746,Karen Cole,karen.cole7746@mail.com,Corporate,USA,Ohio,2019-08-17,8
7747,Robert Perez,robert.perez7747@mail.com,Consumer,USA,Florida,2019-03-19,4
7748,Joseph Smith,joseph.smith7748@mail.com,Consumer,India,Karnataka,2019-07-31,26
7749,Sunita Iyer,sunita.iyer7749@mail.com,Consumer,Australia,Western Australia,2025-05-21,20
7750,John Moore,john.moore7750@mail.com,Corporate,UK,England,2019-07-13,9
7751,Priya Sharma,priya.sharma7751@mail.com,Consumer,Germany,North Rhine-Westphalia,2023-08-12,24
7752,Oliver Anderson,oliver.anderson7752@mail.com,Small Business,India,Karnataka,2019-03-24,26
7753,Jennifer Davis,,Small Business,Australia,New South Wales,2022-11-05,17
7754,Priya Murphy,priya.murphy7754@mail.com,Consumer,Australia,New South Wales,2025-07-22,17
7755,Linda Martinez,linda.martinez7755@mail.com,Corporate,USA,California,2024-10-26,1
7756,Michael Lee,michael.lee7756@mail.com,Consumer,Germany,Hesse,2022-10-17,23
7757,Liam Davis,liam.davis7757@mail.com,Corporate,USA,Ohio,2021-03-14,8
7758,Sunita Clarke,sunita.clarke7758@mail.com,Corporate,USA,Illinois,2020-08-14,5
7759,Emma Evans,emma.evans7759@mail.com,Consumer,USA,Georgia,2021-07-23,7
7760,Joseph Clarke,joseph.clarke7760@mail.com,Corporate,canada,Alberta,2025-04-09,16
7761,David Patel,david.patel7761@mail.com,Consumer,UK,Northern Ireland,2023-05-27,12
7762,Mary Rodriguez,mary.rodriguez7762@mail.com,Consumer,USA,Florida,2025-03-11,4
7763,Robert Cole,robert.cole7763@mail.com,Corporate,India,Gujarat,2024-05-04,29
7764,John Sharma,john.sharma7764@mail.com,Corporate,UK,Wales,2020-10-03,11
7765,James Sharma,james.sharma7765@mail.com,Consumer,Canada,Quebec,2025-07-29,14
7766,Daniel Bennett,daniel.bennett7766@mail.com,Consumer,USA,Ohio,2023-09-04,8
7767,Patricia Brown,patricia.brown7767@mail.com,Small Business,USA,California,2021-01-21,1
7768,Thomas Cole,thomas.cole7768@mail.com,Small Business,australia,New South Wales,2025-05-23,17
7769,Nancy Brown,nancy.brown7769@mail.com,Corporate,USA,Ohio,2020-08-01,8
7770,Patricia Jones,patricia.jones7770@mail.com,Consumer,USA,Georgia,2019-03-31,7
7771,Barbara Rodriguez,barbara.rodriguez7771@mail.com,Small Business,Germany,Bavaria,2024-10-25,21
7772,Noah Garcia,noah.garcia7772@mail.com,Corporate,Germany,Berlin,2021-05-31,22
7773,Robert Williams,robert.williams7773@mail.com,Consumer,Germany,Hesse,2024-02-26,23
7774,Sarah Bennett,sarah.bennett7774@mail.com,Corporate,India,Delhi,2025-03-31,27
7775,Susan Cole,susan.cole7775@mail.com,Corporate,India,Tamil Nadu,2024-09-02,28
7776,Liam Miller,liam.miller7776@mail.com,Corporate,Canada,Ontario,2023-04-26,13
7777,Joseph Brown,joseph.brown7777@mail.com,Consumer,Canada,Quebec,2025-03-05,14
7778,Sarah Evans,sarah.evans7778@mail.com,Corporate,UK,Northern Ireland,2021-09-22,12
7779,James Thomas,james.thomas7779@mail.com,Consumer,India,Gujarat,2020-12-27,29
7780,Robert Jackson,robert.jackson7780@mail.com,Consumer,India,Maharashtra,2020-11-20,25
7781,Priya Williams,priya.williams7781@mail.com,Consumer,USA,New York,2022-08-11,3
7782,Michael Patel,michael.patel7782@mail.com,Consumer,USA,Florida,2024-06-24,4
7783,Jessica Taylor,jessica.taylor7783@mail.com,Consumer,Canada,Quebec,2022-12-05,14
7784,Noah Wilson,noah.wilson7784@mail.com,Consumer,Canada,Ontario,2021-03-22,13
7785,Priya Cole,priya.cole7785@mail.com,Consumer,Germany,Bavaria,2024-07-13,21
7786,Thomas Evans,thomas.evans7786@mail.com,Corporate,Germany,Bavaria,2020-07-11,21
7787,Jennifer Garcia,jennifer.garcia7787@mail.com,Corporate,India,Tamil Nadu,2020-08-31,28
7788,Barbara Smith,barbara.smith7788@mail.com,Small Business,India,Tamil Nadu,2025-07-08,28
7789,Noah Garcia,noah.garcia7789@mail.com,Corporate,India,Maharashtra,2023-10-14,25
7790,Raj Perez,raj.perez7790@mail.com,Small Business,India,Maharashtra,2023-12-08,25
7791,Priya Thompson,priya.thompson7791@mail.com,Corporate,India,Maharashtra,2025-07-24,25
7792,Sophie Johnson,sophie.johnson7792@mail.com,Corporate,UK,Scotland,2023-05-10,10
7793,Patricia Wilson,patricia.wilson7793@mail.com,Small Business,USA,New York,2023-08-02,3
7794,Susan Jackson,susan.jackson7794@mail.com,Corporate,Germany,North Rhine-Westphalia,2020-08-08,24
7795,Nancy Thompson,nancy.thompson7795@mail.com,Consumer,USA,Ohio,2020-01-04,8
7796,Karen Smith,karen.smith7796@mail.com,Consumer,Australia,Victoria,2022-02-13,18
7797,Jennifer Martin,jennifer.martin7797@mail.com,Small Business,Australia,New South Wales,2023-03-09,17
7798,Sunita Rodriguez,sunita.rodriguez7798@mail.com,Corporate,Australia,Queensland,2021-04-15,19
7799,Chloe Brown,chloe.brown7799@mail.com,Small Business,Germany,Berlin,2023-03-18,22
7800,Michael Thompson,michael.thompson7800@mail.com,Corporate,Australia,Queensland,2021-01-06,19
7801,James Lee,james.lee7801@mail.com,Consumer,Germany,Bavaria,2023-05-05,21
7802,James Martin,james.martin7802@mail.com,Corporate,Australia,Western Australia,2025-04-06,20
7803,Charles Clarke,charles.clarke7803@mail.com,Small Business,Canada,Alberta,2025-08-24,16
7804,John Miller,john.miller7804@mail.com,Corporate,UK,Scotland,2025-08-26,10
7805,Sophie Anderson,sophie.anderson7805@mail.com,Small Business,UK,Scotland,2020-11-08,10
7806,Patricia Murphy,patricia.murphy7806@mail.com,Consumer,Germany,North Rhine-Westphalia,2020-08-18,24
7807,Michael Smith,michael.smith7807@mail.com,Consumer,USA,New York,2020-04-15,3
7808,Richard Jones,richard.jones7808@mail.com,Consumer,canada,British Columbia,2023-12-05,15
7809,Linda Williams,linda.williams7809@mail.com,Consumer,Germany,Hesse,2021-02-20,23
7810,Sunita Kapoor,sunita.kapoor7810@mail.com,Corporate,Australia,Queensland,2024-09-12,19
7811,John Rodriguez,john.rodriguez7811@mail.com,Small Business,USA,New York,2023-05-25,3
7812,David Jackson,david.jackson7812@mail.com,Consumer,Australia,New South Wales,2021-02-02,17
7813,Michael Williams,michael.williams7813@mail.com,Consumer,Australia,Victoria,2020-06-16,18
7814,Susan Kapoor,susan.kapoor7814@mail.com,Consumer,Germany,Hesse,2025-10-15,23
7815,Karen Sharma,karen.sharma7815@mail.com,Consumer,UK,Wales,2020-05-08,11
7816,Barbara Moore,barbara.moore7816@mail.com,Consumer,canada,Quebec,2023-11-28,14
7817,Sunita Evans,sunita.evans7817@mail.com,Consumer,USA,Georgia,2022-02-17,7
7818,Sarah Thomas,sarah.thomas7818@mail.com,Consumer,USA,Washington,2021-10-09,6
7819,Charles Taylor,charles.taylor7819@mail.com,Consumer,India,Uttar Pradesh,2022-08-25,30
7820,Chloe Miller,chloe.miller7820@mail.com,Consumer,India,Gujarat,2024-05-30,29
7821,David Garcia,david.garcia7821@mail.com,Corporate,AUS,Queensland,2023-12-15,19
7822,Michael Patel,michael.patel7822@mail.com,Consumer,USA,California,2021-08-11,1
7823,Sophie Murphy,sophie.murphy7823@mail.com,Consumer,USA,Illinois,2022-08-02,5
7824,Amit Rodriguez,amit.rodriguez7824@mail.com,Consumer,Australia,Victoria,2022-03-16,18
7825,Joseph Brown,joseph.brown7825@mail.com,Corporate,India,Gujarat,2024-09-12,29
7826,Daniel Evans,daniel.evans7826@mail.com,Corporate,USA,California,2019-12-26,1
7827,Oliver Perez,oliver.perez7827@mail.com,Corporate,UK,Northern Ireland,2019-07-20,12
7828,Barbara Garcia,barbara.garcia7828@mail.com,Corporate,USA,Illinois,2021-08-12,5
7829,Emma Miller,emma.miller7829@mail.com,Consumer,USA,Florida,2024-11-25,4
7830,Sunita Jackson,sunita.jackson7830@mail.com,Corporate,Australia,Queensland,2021-06-05,19
7831,Jessica Murphy,jessica.murphy7831@mail.com,Consumer,USA,Illinois,2022-09-05,5
7832,Thomas Thomas,thomas.thomas7832@mail.com,Small Business,Canada,Alberta,2023-01-30,16
7833,Nancy Iyer,nancy.iyer7833@mail.com,Small Business,USA,Washington,2019-12-08,6
7834,David Hughes,david.hughes7834@mail.com,Corporate,UK,England,2024-06-18,9
7835,Richard Thompson,richard.thompson7835@mail.com,Consumer,USA,Ohio,2019-08-16,8
7836,Patricia Thompson,patricia.thompson7836@mail.com,Corporate,India,Uttar Pradesh,2023-03-10,30
7837,Joseph Thomas,joseph.thomas7837@mail.com,Corporate,UK,Northern Ireland,2024-03-18,12
7838,Michael Perez,michael.perez7838@mail.com,Corporate,UK,Wales,2023-07-17,11
7839,Susan Anderson,susan.anderson7839@mail.com,Consumer,UK,England,2021-10-07,9
7840,Noah Sharma,noah.sharma7840@mail.com,Corporate,DE,North Rhine-Westphalia,2025-07-11,24
7841,Liam Williams,liam.williams7841@mail.com,Consumer,India,Gujarat,2022-08-31,29
7842,Thomas Garcia,,Consumer,Germany,Hesse,2020-07-17,23
7843,Noah Johnson,noah.johnson7843@mail.com,Consumer,Canada,Ontario,2023-02-24,13
7844,Charles Rodriguez,charles.rodriguez7844@mail.com,Consumer,Germany,North Rhine-Westphalia,2024-05-04,24
7845,Daniel Thomas,daniel.thomas7845@mail.com,Small Business,India,Delhi,2025-08-10,27
7846,Barbara Thompson,barbara.thompson7846@mail.com,Consumer,India,Uttar Pradesh,2023-01-26,30
7847,Liam Murphy,liam.murphy7847@mail.com,Consumer,USA,Illinois,2021-04-17,5
7848,Priya Martin,priya.martin7848@mail.com,Corporate,UK,Scotland,2024-05-09,10
7849,Susan Taylor,susan.taylor7849@mail.com,Consumer,Germany,Hesse,2025-08-20,23
7850,James Brown,james.brown7850@mail.com,Small Business,Canada,British Columbia,2024-02-21,15
7851,Jennifer Evans,jennifer.evans7851@mail.com,Corporate,Australia,Victoria,2021-08-30,18
7852,Richard Thomas,richard.thomas7852@mail.com,Corporate,USA,Georgia,2021-08-24,7
7853,Emma Garcia,emma.garcia7853@mail.com,Small Business,Canada,British Columbia,2020-03-19,15
7854,Susan Davis,susan.davis7854@mail.com,Consumer,india,Tamil Nadu,2022-10-10,28
7855,Robert Miller,robert.miller7855@mail.com,Consumer,germany,Berlin,2021-11-26,22
7856,Raj Anderson,raj.anderson7856@mail.com,Consumer,USA,Ohio,2024-11-10,8
7857,Susan Jones,susan.jones7857@mail.com,Consumer,UK,Northern Ireland,2021-06-25,12
7858,Oliver Wilson,oliver.wilson7858@mail.com,Consumer,UK,Scotland,2021-10-18,10
7859,Patricia Smith,patricia.smith7859@mail.com,Consumer,USA,Ohio,2024-02-09,8
7860,Richard Kapoor,richard.kapoor7860@mail.com,Consumer,Germany,Bavaria,2020-07-08,21
7861,James Kapoor,james.kapoor7861@mail.com,Consumer,USA,Ohio,2021-06-19,8
7862,Richard Miller,richard.miller7862@mail.com,Consumer,USA,Washington,2024-06-06,6
7863,Thomas Perez,thomas.perez7863@mail.com,Consumer,India,Delhi,2022-06-08,27
7864,Emma Wilson,emma.wilson7864@mail.com,Corporate,Germany,Hesse,2020-08-03,23
7865,Noah Davis,noah.davis7865@mail.com,Corporate,USA,Georgia,2022-09-29,7
7866,Karen Williams,karen.williams7866@mail.com,Consumer,Germany,Bavaria,2024-07-17,21
7867,Joseph Martinez,joseph.martinez7867@mail.com,Consumer,USA,New York,2025-01-16,3
7868,Nancy Miller,nancy.miller7868@mail.com,Corporate,Australia,Western Australia,2023-03-03,20
7869,Charles Miller,charles.miller7869@mail.com,Small Business,Germany,Berlin,2024-08-05,22
7870,Patricia Lee,patricia.lee7870@mail.com,Corporate,India,Uttar Pradesh,2024-02-26,30
7871,David Kapoor,david.kapoor7871@mail.com,Consumer,Australia,New South Wales,2022-09-30,17
7872,Nancy Murphy,nancy.murphy7872@mail.com,Consumer,UK,Northern Ireland,2019-08-13,12
7873,Emma Bennett,emma.bennett7873@mail.com,Small Business,USA,Illinois,2019-05-30,5
7874,Raj Williams,raj.williams7874@mail.com,Consumer,USA,Washington,2024-06-12,6
7875,Daniel Murphy,daniel.murphy7875@mail.com,Consumer,Australia,Queensland,2020-12-07,19
7876,Priya Thomas,priya.thomas7876@mail.com,Corporate,UK,Scotland,2023-01-28,10
7877,Raj Clarke,raj.clarke7877@mail.com,Corporate,USA,Illinois,2022-06-18,5
7878,Jessica Wilson,jessica.wilson7878@mail.com,Consumer,United States,Georgia,2023-12-19,7
7879,Liam Wilson,liam.wilson7879@mail.com,Consumer,Germany,Bavaria,2023-03-02,21
7880,Michael Miller,michael.miller7880@mail.com,Small Business,Germany,Berlin,2021-09-30,22
7881,Mary Evans,mary.evans7881@mail.com,Consumer,India,Delhi,2019-01-09,27
7882,Sarah Jackson,sarah.jackson7882@mail.com,Corporate,India,Uttar Pradesh,2019-03-16,30
7883,Mary Rodriguez,mary.rodriguez7883@mail.com,Consumer,UK,England,2024-07-03,9
7884,Jessica Brown,jessica.brown7884@mail.com,Consumer,IND,Karnataka,2020-11-05,26
7885,Patricia Moore,patricia.moore7885@mail.com,Corporate,Germany,Bavaria,2020-11-05,21
7886,Jennifer Thompson,jennifer.thompson7886@mail.com,Corporate,India,Uttar Pradesh,2023-03-06,30
7887,Richard Perez,richard.perez7887@mail.com,Consumer,India,Tamil Nadu,2025-03-12,28
7888,Joseph Davis,joseph.davis7888@mail.com,Consumer,United Kingdom,Northern Ireland,2025-10-09,12
7889,Daniel Smith,daniel.smith7889@mail.com,Consumer,Germany,Bavaria,2020-10-20,21
7890,Barbara Smith,barbara.smith7890@mail.com,Consumer,Australia,New South Wales,2019-02-04,17
7891,Priya Evans,priya.evans7891@mail.com,Corporate,IND,Tamil Nadu,2023-09-30,28
7892,Sophie Perez,sophie.perez7892@mail.com,Corporate,Germany,Berlin,2020-10-03,22
7893,James Cole,james.cole7893@mail.com,Consumer,Germany,Hesse,2023-07-06,23
7894,Thomas Martinez,thomas.martinez7894@mail.com,Consumer,UK,Wales,2023-10-10,11
7895,John Hughes,john.hughes7895@mail.com,Corporate,Germany,Hesse,2019-10-14,23
7896,Joseph Johnson,joseph.johnson7896@mail.com,Corporate,USA,Ohio,2023-12-07,8
7897,Noah Lee,noah.lee7897@mail.com,Corporate,USA,Washington,2020-01-23,6
7898,Chloe Martin,chloe.martin7898@mail.com,Consumer,India,Tamil Nadu,2021-09-09,28
7899,Mary Wilson,mary.wilson7899@mail.com,Consumer,Australia,Western Australia,2020-07-23,20
7900,Priya Smith,priya.smith7900@mail.com,Small Business,Germany,Berlin,2023-05-15,22
7901,Robert Jackson,robert.jackson7901@mail.com,Corporate,India,Maharashtra,2020-07-18,25
7902,Patricia Hughes,patricia.hughes7902@mail.com,Small Business,Germany,Berlin,2020-04-22,22
7903,Emma Thomas,emma.thomas7903@mail.com,Corporate,USA,Washington,2025-08-13,6
7904,Sunita Martinez,sunita.martinez7904@mail.com,Corporate,Germany,Berlin,2025-10-18,22
7905,David Wilson,david.wilson7905@mail.com,Corporate,Australia,Western Australia,2020-06-27,20
7906,Oliver Anderson,oliver.anderson7906@mail.com,Consumer,Canada,Quebec,2021-03-22,14
7907,Joseph Williams,joseph.williams7907@mail.com,Consumer,USA,Washington,2023-09-01,6
7908,Karen Clarke,karen.clarke7908@mail.com,Consumer,Germany,Bavaria,2024-07-30,21
7909,Richard Jackson,richard.jackson7909@mail.com,Consumer,Germany,North Rhine-Westphalia,2022-04-14,24
7910,Nancy Johnson,nancy.johnson7910@mail.com,Small Business,Canada,Ontario,2020-08-28,13
7911,Joseph Martinez,joseph.martinez7911@mail.com,Corporate,Germany,Bavaria,2024-03-02,21
7912,Amit Moore,amit.moore7912@mail.com,Consumer,Canada,Ontario,2022-06-06,13
7913,Sarah Bennett,sarah.bennett7913@mail.com,Consumer,USA,Georgia,2024-04-13,7
7914,Priya Cole,priya.cole7914@mail.com,Corporate,Australia,Victoria,2022-04-04,18
7915,Patricia Hughes,patricia.hughes7915@mail.com,Corporate,Germany,North Rhine-Westphalia,2020-08-10,24
7916,Susan Thompson,susan.thompson7916@mail.com,Corporate,Canada,British Columbia,2024-12-03,15
7917,Patricia Smith,patricia.smith7917@mail.com,Small Business,India,Tamil Nadu,2024-05-13,28
7918,Linda Johnson,linda.johnson7918@mail.com,Consumer,USA,Illinois,2025-09-20,5
7919,Liam Smith,liam.smith7919@mail.com,Consumer,UK,England,2023-05-16,9
7920,John Brown,john.brown7920@mail.com,Consumer,USA,Texas,2025-09-17,2
7921,Richard Bennett,richard.bennett7921@mail.com,Corporate,Germany,Hesse,2024-02-27,23
7922,Amit Iyer,amit.iyer7922@mail.com,Consumer,Canada,Alberta,2024-03-23,16
7923,Jessica Davis,jessica.davis7923@mail.com,Corporate,UK,Scotland,2023-08-07,10
7924,Jennifer Williams,jennifer.williams7924@mail.com,Consumer,Canada,British Columbia,2022-05-09,15
7925,Michael Iyer,michael.iyer7925@mail.com,Consumer,India,Karnataka,2022-03-24,26
7926,Noah Evans,noah.evans7926@mail.com,Consumer,USA,Florida,2021-05-22,4
7927,Susan Hughes,susan.hughes7927@mail.com,Consumer,USA,Georgia,2020-07-29,7
7928,Noah Lee,noah.lee7928@mail.com,Consumer,USA,Georgia,2025-04-18,7
7929,James Cole,james.cole7929@mail.com,Consumer,USA,Texas,2021-09-18,2
7930,Amit Bennett,amit.bennett7930@mail.com,Consumer,USA,Florida,2023-04-20,4
7931,Mary Rodriguez,mary.rodriguez7931@mail.com,Small Business,Australia,Victoria,2020-03-22,18
7932,Noah Evans,noah.evans7932@mail.com,Consumer,India,Tamil Nadu,2025-09-05,28
7933,Mary Brown,mary.brown7933@mail.com,Consumer,Australia,New South Wales,2019-02-26,17
7934,Mary Martinez,mary.martinez7934@mail.com,Consumer,India,Gujarat,2019-03-07,29
7935,Robert Rodriguez,robert.rodriguez7935@mail.com,Small Business,UK,England,2020-11-28,9
7936,Richard Kapoor,richard.kapoor7936@mail.com,Small Business,USA,New York,2025-10-25,3
7937,Nancy Evans,nancy.evans7937@mail.com,Corporate,USA,California,2019-03-24,1
7938,Emma Taylor,emma.taylor7938@mail.com,Consumer,Canada,Alberta,2022-04-18,16
7939,David Kapoor,david.kapoor7939@mail.com,Consumer,Australia,Western Australia,2023-02-24,20
7940,Jennifer Cole,,Consumer,DE,Hesse,2025-05-24,23
7941,John Perez,john.perez7941@mail.com,Consumer,UK,Northern Ireland,2023-10-01,12
7942,Thomas Brown,thomas.brown7942@mail.com,Small Business,India,Tamil Nadu,2020-01-03,28
7943,John Wilson,john.wilson7943@mail.com,Consumer,UK,Scotland,2019-09-26,10
7944,Sophie Jones,sophie.jones7944@mail.com,Consumer,Australia,Queensland,2022-07-05,19
7945,Oliver Perez,oliver.perez7945@mail.com,Consumer,Germany,Berlin,2021-11-23,22
7946,Noah Bennett,noah.bennett7946@mail.com,Small Business,India,Karnataka,2020-01-27,26
7947,Noah Thomas,noah.thomas7947@mail.com,Consumer,USA,Illinois,2019-09-05,5
7948,Priya Moore,priya.moore7948@mail.com,Consumer,Canada,Ontario,2022-08-11,13
7949,Raj Brown,raj.brown7949@mail.com,Small Business,USA,New York,2021-09-05,3
7950,Charles Martin,charles.martin7950@mail.com,Consumer,USA,New York,2021-08-28,3
7951,Linda Perez,linda.perez7951@mail.com,Consumer,Canada,British Columbia,2020-07-28,15
7952,Sarah Patel,sarah.patel7952@mail.com,Corporate,Germany,Berlin,2019-06-18,22
7953,Sarah Rodriguez,sarah.rodriguez7953@mail.com,Consumer,India,Tamil Nadu,2023-03-04,28
7954,Richard Clarke,richard.clarke7954@mail.com,Consumer,UK,England,2019-02-17,9
7955,Sunita Jackson,sunita.jackson7955@mail.com,Small Business,Australia,Queensland,2021-07-06,19
7956,Linda Williams,linda.williams7956@mail.com,Corporate,Australia,New South Wales,2021-03-25,17
7957,David Clarke,david.clarke7957@mail.com,Consumer,USA,Ohio,2021-08-29,8
7958,Barbara Kapoor,barbara.kapoor7958@mail.com,Consumer,Germany,Bavaria,2019-02-24,21
7959,Robert Anderson,robert.anderson7959@mail.com,Consumer,Germany,North Rhine-Westphalia,2025-02-01,24
7960,Karen Hughes,karen.hughes7960@mail.com,Corporate,Germany,Berlin,2019-12-30,22
7961,Sophie Davis,sophie.davis7961@mail.com,Corporate,UK,Northern Ireland,2025-02-08,12
7962,Raj Sharma,raj.sharma7962@mail.com,Corporate,uk,Scotland,2020-01-07,10
7963,Sunita Bennett,sunita.bennett7963@mail.com,Small Business,UK,Northern Ireland,2021-01-23,12
7964,Michael Kapoor,michael.kapoor7964@mail.com,Consumer,India,Uttar Pradesh,2022-08-08,30
7965,Robert Williams,robert.williams7965@mail.com,Small Business,India,Gujarat,2025-05-18,29
7966,Sarah Johnson,sarah.johnson7966@mail.com,Small Business,UK,Northern Ireland,2019-01-20,12
7967,Michael Smith,michael.smith7967@mail.com,Small Business,Germany,Berlin,2019-05-16,22
7968,Raj Miller,raj.miller7968@mail.com,Consumer,UK,Northern Ireland,2022-07-11,12
7969,Thomas Hughes,thomas.hughes7969@mail.com,Consumer,UK,England,2023-02-20,9
7970,Joseph Miller,joseph.miller7970@mail.com,Consumer,USA,Texas,2025-05-24,2
7971,Sarah Brown,sarah.brown7971@mail.com,Consumer,USA,Ohio,2020-11-16,8
7972,Richard Miller,richard.miller7972@mail.com,Small Business,India,Delhi,2019-07-11,27
7973,Liam Perez,,Corporate,UK,England,2023-09-01,9
7974,Oliver Martin,oliver.martin7974@mail.com,Consumer,India,Maharashtra,2023-10-02,25
7975,Charles Bennett,charles.bennett7975@mail.com,Consumer,Germany,Bavaria,2024-11-01,21
7976,Richard Clarke,richard.clarke7976@mail.com,Consumer,Australia,Western Australia,2021-09-29,20
7977,Barbara Kapoor,barbara.kapoor7977@mail.com,Consumer,DE,North Rhine-Westphalia,2022-09-25,24
7978,Thomas Sharma,thomas.sharma7978@mail.com,Corporate,Australia,Victoria,2025-06-11,18
7979,John Bennett,john.bennett7979@mail.com,Corporate,USA,Texas,2022-09-14,2
7980,Charles Brown,charles.brown7980@mail.com,Small Business,Germany,Hesse,2022-04-11,23
7981,Chloe Jones,,Corporate,AUS,Victoria,2023-01-30,18
7982,Linda Cole,linda.cole7982@mail.com,Consumer,Australia,Western Australia,2024-09-27,20
7983,Susan Taylor,susan.taylor7983@mail.com,Consumer,India,Maharashtra,2022-10-19,25
7984,Thomas Bennett,thomas.bennett7984@mail.com,Corporate,Australia,Victoria,2025-03-09,18
7985,Nancy Martin,nancy.martin7985@mail.com,Small Business,Canada,Ontario,2022-06-25,13
7986,Michael Clarke,michael.clarke7986@mail.com,Corporate,Australia,Western Australia,2021-09-12,20
7987,Joseph Miller,joseph.miller7987@mail.com,Consumer,UK,Wales,2025-03-15,11
7988,Robert Rodriguez,robert.rodriguez7988@mail.com,Small Business,UK,Scotland,2025-02-16,10
7989,Jessica Garcia,jessica.garcia7989@mail.com,Consumer,USA,Washington,2024-10-26,6
7990,Raj Martinez,raj.martinez7990@mail.com,Small Business,USA,Texas,2021-06-22,2
7991,Sophie Perez,sophie.perez7991@mail.com,Consumer,Canada,Alberta,2024-05-01,16
7992,Priya Brown,priya.brown7992@mail.com,Corporate,Canada,Ontario,2025-10-19,13
7993,John Moore,john.moore7993@mail.com,Consumer,australia,New South Wales,2023-11-20,17
7994,Noah Brown,noah.brown7994@mail.com,Corporate,USA,New York,2022-05-20,3
7995,Sunita Brown,sunita.brown7995@mail.com,Small Business,USA,Illinois,2022-09-27,5
7996,Linda Smith,linda.smith7996@mail.com,Consumer,USA,Texas,2019-09-27,2
7997,Noah Moore,noah.moore7997@mail.com,Consumer,Canada,Ontario,2024-01-09,13
7998,Jennifer Rodriguez,jennifer.rodriguez7998@mail.com,Small Business,UK,Scotland,2020-09-21,10
7999,James Jackson,james.jackson7999@mail.com,Consumer,USA,California,2020-01-20,1
8000,Raj Martin,raj.martin8000@mail.com,Corporate,Germany,North Rhine-Westphalia,2025-07-28,24
